epoch (ms),time (-00:00),elapsed (s),x-axis (deg/s),y-axis (deg/s),z-axis (deg/s)
1572007600863,2019-10-25T13:46:40.863,0.000,7.024,-3.849,-0.884
1572007600883,2019-10-25T13:46:40.883,0.020,6.936,-4.783,-0.625
1572007600902,2019-10-25T13:46:40.902,0.039,6.555,-2.908,-0.560
1572007600923,2019-10-25T13:46:40.923,0.060,5.747,-0.747,-1.254
1572007600943,2019-10-25T13:46:40.943,0.080,7.241,-1.242,-1.269
1572007600964,2019-10-25T13:46:40.964,0.101,12.256,-1.090,-0.873
1572007600983,2019-10-25T13:46:40.983,0.120,15.091,-2.470,-2.668
1572007601003,2019-10-25T13:46:41.003,0.140,7.412,-2.984,-4.276
1572007601024,2019-10-25T13:46:41.024,0.161,-2.725,-2.607,-4.550
1572007601043,2019-10-25T13:46:41.043,0.180,-6.151,1.155,-3.754
1572007601063,2019-10-25T13:46:41.063,0.200,-2.881,-2.443,-5.907
1572007601084,2019-10-25T13:46:41.084,0.221,6.300,-2.492,-4.539
1572007601103,2019-10-25T13:46:41.103,0.240,9.059,0.476,-0.766
1572007601123,2019-10-25T13:46:41.123,0.260,0.579,3.864,0.305
1572007601144,2019-10-25T13:46:41.144,0.281,-3.152,3.643,-0.755
1572007601164,2019-10-25T13:46:41.164,0.301,2.851,0.861,-2.588
1572007601183,2019-10-25T13:46:41.183,0.320,8.243,-1.738,-4.463
1572007601204,2019-10-25T13:46:41.204,0.341,7.416,1.441,-3.994
1572007601224,2019-10-25T13:46:41.224,0.361,5.880,2.447,0.286
1572007601243,2019-10-25T13:46:41.243,0.380,0.183,3.064,1.700
1572007601264,2019-10-25T13:46:41.264,0.401,-0.297,6.730,-2.298
1572007601284,2019-10-25T13:46:41.284,0.421,9.676,5.038,-2.424
1572007601304,2019-10-25T13:46:41.304,0.441,16.631,4.680,-0.301
1572007601324,2019-10-25T13:46:41.324,0.461,13.186,8.327,-0.492
1572007601345,2019-10-25T13:46:41.345,0.482,9.257,8.929,-3.887
1572007601364,2019-10-25T13:46:41.364,0.501,14.939,9.707,-3.068
1572007601384,2019-10-25T13:46:41.384,0.521,25.549,9.783,3.072
1572007601405,2019-10-25T13:46:41.405,0.542,32.325,12.153,6.498
1572007601425,2019-10-25T13:46:41.425,0.562,29.367,9.562,4.905
1572007601444,2019-10-25T13:46:41.444,0.581,19.036,5.309,2.649
1572007601465,2019-10-25T13:46:41.465,0.602,10.347,11.856,1.757
1572007601485,2019-10-25T13:46:41.485,0.622,9.204,14.661,4.314
1572007601504,2019-10-25T13:46:41.504,0.641,14.600,6.357,4.428
1572007601525,2019-10-25T13:46:41.525,0.662,22.405,7.447,3.262
1572007601545,2019-10-25T13:46:41.545,0.682,20.892,5.922,3.441
1572007601564,2019-10-25T13:46:41.564,0.701,0.438,0.278,2.199
1572007601585,2019-10-25T13:46:41.585,0.722,-15.229,1.178,-1.928
1572007601605,2019-10-25T13:46:41.605,0.742,-8.472,1.989,-1.406
1572007601624,2019-10-25T13:46:41.624,0.761,5.728,1.582,5.164
1572007601645,2019-10-25T13:46:41.645,0.782,5.191,0.823,6.292
1572007601665,2019-10-25T13:46:41.665,0.802,-7.786,-1.311,1.543
1572007601684,2019-10-25T13:46:41.684,0.821,-14.268,0.111,0.907
1572007601705,2019-10-25T13:46:41.705,0.842,-6.143,0.762,3.617
1572007601725,2019-10-25T13:46:41.725,0.862,5.423,-2.717,4.150
1572007601746,2019-10-25T13:46:41.746,0.883,9.013,0.175,5.141
1572007601765,2019-10-25T13:46:41.765,0.902,6.303,2.492,6.265
1572007601785,2019-10-25T13:46:41.785,0.922,-1.433,0.979,5.400
1572007601806,2019-10-25T13:46:41.806,0.943,-3.201,2.980,4.116
1572007601825,2019-10-25T13:46:41.825,0.962,3.925,1.197,4.886
1572007601846,2019-10-25T13:46:41.846,0.983,12.268,-0.598,4.935
1572007601866,2019-10-25T13:46:41.866,1.003,9.848,0.042,4.436
1572007601885,2019-10-25T13:46:41.885,1.022,2.687,0.328,2.127
1572007601906,2019-10-25T13:46:41.906,1.043,-1.730,5.053,0.976
1572007601926,2019-10-25T13:46:41.926,1.063,0.069,7.168,0.991
1572007601945,2019-10-25T13:46:41.945,1.082,5.252,3.533,-0.480
1572007601966,2019-10-25T13:46:41.966,1.103,5.682,-0.259,-0.236
1572007601986,2019-10-25T13:46:41.986,1.123,-2.473,1.498,2.877
1572007602007,2019-10-25T13:46:42.007,1.144,-15.156,2.218,1.486
1572007602026,2019-10-25T13:46:42.026,1.163,-16.147,2.633,-3.255
1572007602046,2019-10-25T13:46:42.046,1.183,-6.669,-2.252,-3.445
1572007602067,2019-10-25T13:46:42.067,1.204,-3.552,-3.399,-0.434
1572007602086,2019-10-25T13:46:42.086,1.223,-2.298,1.437,2.710
1572007602106,2019-10-25T13:46:42.106,1.243,2.241,2.382,4.539
1572007602127,2019-10-25T13:46:42.127,1.264,2.873,0.191,4.177
1572007602146,2019-10-25T13:46:42.146,1.283,0.210,1.117,5.171
1572007602166,2019-10-25T13:46:42.166,1.303,1.799,2.569,6.059
1572007602187,2019-10-25T13:46:42.187,1.324,5.678,2.256,6.559
1572007602206,2019-10-25T13:46:42.206,1.343,8.354,1.818,8.487
1572007602226,2019-10-25T13:46:42.226,1.363,10.774,4.886,9.592
1572007602247,2019-10-25T13:46:42.247,1.384,11.604,2.203,6.909
1572007602267,2019-10-25T13:46:42.267,1.404,3.941,-0.164,3.194
1572007602286,2019-10-25T13:46:42.286,1.423,-2.832,6.997,2.572
1572007602307,2019-10-25T13:46:42.307,1.444,1.117,6.738,3.639
1572007602327,2019-10-25T13:46:42.327,1.464,4.714,1.395,1.513
1572007602347,2019-10-25T13:46:42.347,1.484,-4.512,0.808,-0.046
1572007602367,2019-10-25T13:46:42.367,1.504,-14.981,3.929,-0.495
1572007602388,2019-10-25T13:46:42.388,1.525,-12.675,6.643,-0.960
1572007602407,2019-10-25T13:46:42.407,1.544,-3.777,6.643,0.335
1572007602427,2019-10-25T13:46:42.427,1.564,3.289,2.938,0.804
1572007602448,2019-10-25T13:46:42.448,1.585,4.649,1.806,-0.450
1572007602467,2019-10-25T13:46:42.467,1.604,-4.280,-0.076,-2.603
1572007602487,2019-10-25T13:46:42.487,1.624,-13.525,2.214,-3.887
1572007602508,2019-10-25T13:46:42.508,1.645,-9.192,4.661,-0.659
1572007602528,2019-10-25T13:46:42.528,1.665,0.480,0.309,2.241
1572007602547,2019-10-25T13:46:42.547,1.684,5.156,-2.931,-0.682
1572007602568,2019-10-25T13:46:42.568,1.705,2.900,-1.822,-2.207
1572007602588,2019-10-25T13:46:42.588,1.725,-1.864,-0.107,-0.602
1572007602607,2019-10-25T13:46:42.607,1.744,-4.787,2.210,-1.429
1572007602628,2019-10-25T13:46:42.628,1.765,0.553,-1.810,-1.803
1572007602648,2019-10-25T13:46:42.648,1.785,9.127,-3.681,-0.415
1572007602667,2019-10-25T13:46:42.667,1.804,9.977,-0.175,-2.081
1572007602688,2019-10-25T13:46:42.688,1.825,3.678,0.320,-5.084
1572007602708,2019-10-25T13:46:42.708,1.845,0.404,1.696,-5.736
1572007602727,2019-10-25T13:46:42.727,1.864,2.027,2.176,-2.389
1572007602748,2019-10-25T13:46:42.748,1.885,2.229,0.431,0.267
1572007602768,2019-10-25T13:46:42.768,1.905,-1.482,-1.418,-0.034
1572007602787,2019-10-25T13:46:42.787,1.924,-5.316,0.896,-1.021
1572007602808,2019-10-25T13:46:42.808,1.945,-4.512,-1.258,-1.155
1572007602828,2019-10-25T13:46:42.828,1.965,0.248,-2.256,-1.475
1572007602849,2019-10-25T13:46:42.849,1.986,3.377,-1.543,-0.293
1572007602868,2019-10-25T13:46:42.868,2.005,1.806,-1.654,0.655
1572007602889,2019-10-25T13:46:42.889,2.026,-1.002,-1.913,-0.133
1572007602909,2019-10-25T13:46:42.909,2.046,-1.753,-3.304,0.133
1572007602928,2019-10-25T13:46:42.928,2.065,-3.152,-2.805,1.810
1572007602949,2019-10-25T13:46:42.949,2.086,-2.542,-1.795,2.412
1572007602969,2019-10-25T13:46:42.969,2.106,1.704,-2.511,3.323
1572007602988,2019-10-25T13:46:42.988,2.125,0.736,0.686,2.938
1572007603009,2019-10-25T13:46:43.009,2.146,-1.871,2.706,-0.629
1572007603029,2019-10-25T13:46:43.029,2.166,-1.357,-0.046,-3.255
1572007603048,2019-10-25T13:46:43.048,2.185,-1.643,-1.414,-4.299
1572007603069,2019-10-25T13:46:43.069,2.206,-6.200,0.583,-3.845
1572007603089,2019-10-25T13:46:43.089,2.226,-6.700,1.646,-3.537
1572007603110,2019-10-25T13:46:43.110,2.247,-0.091,-0.846,-3.125
1572007603129,2019-10-25T13:46:43.129,2.266,3.613,-1.547,-3.270
1572007603149,2019-10-25T13:46:43.149,2.286,0.248,1.414,-2.138
1572007603170,2019-10-25T13:46:43.170,2.307,-4.280,1.974,-0.358
1572007603189,2019-10-25T13:46:43.189,2.326,-1.662,2.069,0.888
1572007603209,2019-10-25T13:46:43.209,2.346,2.938,0.404,-0.015
1572007603230,2019-10-25T13:46:43.230,2.367,3.457,-0.614,-0.152
1572007603249,2019-10-25T13:46:43.249,2.386,-0.366,-1.155,0.454
1572007603269,2019-10-25T13:46:43.269,2.406,-7.245,-1.993,-2.344
1572007603290,2019-10-25T13:46:43.290,2.427,-9.192,0.034,-2.957
1572007603309,2019-10-25T13:46:43.309,2.446,-3.632,4.131,-0.892
1572007603329,2019-10-25T13:46:43.329,2.466,3.159,0.160,1.067
1572007603350,2019-10-25T13:46:43.350,2.487,7.073,-2.401,1.955
1572007603370,2019-10-25T13:46:43.370,2.507,7.229,1.780,0.979
1572007603389,2019-10-25T13:46:43.389,2.526,5.038,5.819,-0.316
1572007603410,2019-10-25T13:46:43.410,2.547,4.992,5.705,-0.979
1572007603430,2019-10-25T13:46:43.430,2.567,7.462,0.568,-0.221
1572007603450,2019-10-25T13:46:43.450,2.587,5.004,-3.430,0.305
1572007603470,2019-10-25T13:46:43.470,2.607,-3.434,0.046,0.758
1572007603491,2019-10-25T13:46:43.491,2.628,-8.982,4.192,1.357
1572007603510,2019-10-25T13:46:43.510,2.647,-6.517,2.550,1.475
1572007603530,2019-10-25T13:46:43.530,2.667,-2.195,-0.796,1.616
1572007603551,2019-10-25T13:46:43.551,2.688,-1.643,-2.229,0.758
1572007603570,2019-10-25T13:46:43.570,2.707,-3.880,-3.079,-0.065
1572007603590,2019-10-25T13:46:43.590,2.727,-5.617,0.816,-0.168
1572007603611,2019-10-25T13:46:43.611,2.748,-2.176,2.073,0.225
1572007603630,2019-10-25T13:46:43.630,2.767,3.933,-0.610,1.460
1572007603650,2019-10-25T13:46:43.650,2.787,10.370,1.151,2.351
1572007603671,2019-10-25T13:46:43.671,2.808,11.029,-0.831,4.154
1572007603691,2019-10-25T13:46:43.691,2.828,5.473,2.306,4.802
1572007603710,2019-10-25T13:46:43.710,2.847,-0.579,3.506,6.982
1572007603731,2019-10-25T13:46:43.731,2.868,-0.736,5.027,8.796
1572007603751,2019-10-25T13:46:43.751,2.888,5.930,6.319,8.971
1572007603770,2019-10-25T13:46:43.770,2.907,13.617,7.443,2.645
1572007603791,2019-10-25T13:46:43.791,2.928,11.231,0.358,-4.337
1572007603811,2019-10-25T13:46:43.811,2.948,-0.255,-1.513,-6.871
1572007603830,2019-10-25T13:46:43.830,2.967,-7.492,2.146,-9.836
1572007603851,2019-10-25T13:46:43.851,2.988,-3.056,1.086,-8.064
1572007603871,2019-10-25T13:46:43.871,3.008,2.546,-0.564,-2.382
1572007603890,2019-10-25T13:46:43.890,3.027,-2.489,1.178,-0.808
1572007603911,2019-10-25T13:46:43.911,3.048,-4.726,1.517,-4.493
1572007603931,2019-10-25T13:46:43.931,3.068,-0.412,-1.402,-3.377
1572007603952,2019-10-25T13:46:43.952,3.089,1.764,0.358,-0.785
1572007603971,2019-10-25T13:46:43.971,3.108,-1.776,-0.930,0.259
1572007603992,2019-10-25T13:46:43.992,3.129,-6.322,-2.843,0.614
1572007604012,2019-10-25T13:46:44.012,3.149,-3.316,0.549,-0.114
1572007604031,2019-10-25T13:46:44.031,3.168,4.748,1.559,-0.442
1572007604052,2019-10-25T13:46:44.052,3.189,6.391,2.489,2.424
1572007604072,2019-10-25T13:46:44.072,3.209,2.660,2.553,3.228
1572007604091,2019-10-25T13:46:44.091,3.228,-0.835,-2.107,-1.334
1572007604112,2019-10-25T13:46:44.112,3.249,-4.649,-3.586,-6.170
1572007604132,2019-10-25T13:46:44.132,3.269,-3.003,0.922,-6.048
1572007604151,2019-10-25T13:46:44.151,3.288,6.860,1.669,-0.072
1572007604172,2019-10-25T13:46:44.172,3.309,12.999,0.907,4.508
1572007604192,2019-10-25T13:46:44.192,3.329,10.602,-0.614,1.848
1572007604213,2019-10-25T13:46:44.213,3.350,3.072,-1.536,-0.922
1572007604232,2019-10-25T13:46:44.232,3.369,-0.457,-1.963,-1.871
1572007604252,2019-10-25T13:46:44.252,3.389,-0.301,-3.777,-3.502
1572007604273,2019-10-25T13:46:44.273,3.410,-0.419,-3.807,-2.591
1572007604292,2019-10-25T13:46:44.292,3.429,-1.086,-0.152,1.448
1572007604312,2019-10-25T13:46:44.312,3.449,-2.054,1.311,1.654
1572007604333,2019-10-25T13:46:44.333,3.470,-1.978,-0.526,-2.363
1572007604352,2019-10-25T13:46:44.352,3.489,-0.789,-3.114,-3.990
1572007604372,2019-10-25T13:46:44.372,3.509,-2.725,-3.354,-3.613
1572007604393,2019-10-25T13:46:44.393,3.530,-4.474,-1.075,-3.952
1572007604412,2019-10-25T13:46:44.412,3.549,0.141,-1.021,-1.803
1572007604432,2019-10-25T13:46:44.432,3.569,5.663,-2.020,0.686
1572007604453,2019-10-25T13:46:44.453,3.590,6.536,-2.229,-0.747
1572007604472,2019-10-25T13:46:44.472,3.609,3.765,-2.172,-3.049
1572007604493,2019-10-25T13:46:44.493,3.630,-1.128,-1.216,-2.428
1572007604513,2019-10-25T13:46:44.513,3.650,-1.368,-1.578,1.261
1572007604534,2019-10-25T13:46:44.534,3.671,1.833,-3.175,4.101
1572007604553,2019-10-25T13:46:44.553,3.690,-0.667,-3.373,3.125
1572007604573,2019-10-25T13:46:44.573,3.710,-6.566,-3.891,1.978
1572007604594,2019-10-25T13:46:44.594,3.731,-7.538,-4.562,2.999
1572007604613,2019-10-25T13:46:44.613,3.750,-5.907,-4.474,5.030
1572007604633,2019-10-25T13:46:44.633,3.770,-5.408,-2.999,5.957
1572007604654,2019-10-25T13:46:44.654,3.791,-3.742,-2.008,5.614
1572007604673,2019-10-25T13:46:44.673,3.810,-0.675,-2.222,4.768
1572007604693,2019-10-25T13:46:44.693,3.830,-0.636,-2.134,4.649
1572007604714,2019-10-25T13:46:44.714,3.851,-2.515,-2.134,4.196
1572007604733,2019-10-25T13:46:44.733,3.870,-2.919,0.099,4.341
1572007604753,2019-10-25T13:46:44.753,3.890,-2.207,2.694,4.322
1572007604774,2019-10-25T13:46:44.774,3.911,-3.689,2.058,2.591
1572007604794,2019-10-25T13:46:44.794,3.931,-3.906,-0.137,0.373
1572007604813,2019-10-25T13:46:44.813,3.950,2.016,0.145,0.446
1572007604834,2019-10-25T13:46:44.834,3.971,10.846,2.702,2.477
1572007604854,2019-10-25T13:46:44.854,3.991,15.873,2.881,1.669
1572007604873,2019-10-25T13:46:44.873,4.010,14.710,0.610,-1.170
1572007604894,2019-10-25T13:46:44.894,4.031,7.976,-2.085,-0.716
1572007604914,2019-10-25T13:46:44.914,4.051,4.615,0.263,-0.255
1572007604933,2019-10-25T13:46:44.933,4.070,7.066,2.660,0.202
1572007604954,2019-10-25T13:46:44.954,4.091,8.590,2.237,-0.210
1572007604974,2019-10-25T13:46:44.974,4.111,4.851,0.816,-1.216
1572007604993,2019-10-25T13:46:44.993,4.130,-1.936,1.441,-1.795
1572007605014,2019-10-25T13:46:45.014,4.151,-3.327,2.995,-0.949
1572007605034,2019-10-25T13:46:45.034,4.171,-0.953,0.069,-0.591
1572007605055,2019-10-25T13:46:45.055,4.192,1.662,0.827,-2.073
1572007605074,2019-10-25T13:46:45.074,4.211,3.163,3.224,-1.845
1572007605095,2019-10-25T13:46:45.095,4.232,3.197,5.282,-2.172
1572007605115,2019-10-25T13:46:45.115,4.252,3.601,2.473,-3.175
1572007605134,2019-10-25T13:46:45.134,4.271,4.653,-0.210,-3.438
1572007605155,2019-10-25T13:46:45.155,4.292,4.356,1.627,-0.838
1572007605175,2019-10-25T13:46:45.175,4.312,2.447,2.961,2.542
1572007605194,2019-10-25T13:46:45.194,4.331,1.795,1.757,2.226
1572007605215,2019-10-25T13:46:45.215,4.352,0.892,-0.400,1.315
1572007605235,2019-10-25T13:46:45.235,4.372,-2.511,-0.884,1.174
1572007605254,2019-10-25T13:46:45.254,4.391,-7.954,-1.886,0.164
1572007605275,2019-10-25T13:46:45.275,4.412,-9.063,-0.027,-1.704
1572007605295,2019-10-25T13:46:45.295,4.432,-4.718,-1.128,-0.427
1572007605314,2019-10-25T13:46:45.314,4.451,-2.713,-3.723,1.113
1572007605335,2019-10-25T13:46:45.335,4.472,-5.575,-3.800,1.536
1572007605355,2019-10-25T13:46:45.355,4.492,-7.062,-3.788,0.179
1572007605376,2019-10-25T13:46:45.376,4.513,-7.176,-4.162,-1.966
1572007605395,2019-10-25T13:46:45.395,4.532,-4.695,-4.425,-1.296
1572007605415,2019-10-25T13:46:45.415,4.552,0.949,-4.108,1.494
1572007605436,2019-10-25T13:46:45.436,4.573,4.863,-2.938,2.138
1572007605455,2019-10-25T13:46:45.455,4.592,3.331,-4.303,0.556
1572007605475,2019-10-25T13:46:45.475,4.612,3.746,-2.309,-1.726
1572007605496,2019-10-25T13:46:45.496,4.633,9.970,-1.079,-1.075
1572007605515,2019-10-25T13:46:45.515,4.652,13.815,-3.411,1.059
1572007605535,2019-10-25T13:46:45.535,4.672,7.199,-3.434,0.118
1572007605556,2019-10-25T13:46:45.556,4.693,-5.972,-2.954,-0.816
1572007605575,2019-10-25T13:46:45.575,4.712,-10.659,-4.192,-1.441
1572007605596,2019-10-25T13:46:45.596,4.733,-6.429,-5.118,-2.302
1572007605616,2019-10-25T13:46:45.616,4.753,0.793,-3.011,-0.427
1572007605637,2019-10-25T13:46:45.637,4.774,6.353,-0.526,3.357
1572007605656,2019-10-25T13:46:45.656,4.793,3.857,-2.550,4.131
1572007605676,2019-10-25T13:46:45.676,4.813,-3.552,-3.636,1.570
1572007605697,2019-10-25T13:46:45.697,4.834,-6.139,-1.094,-0.389
1572007605716,2019-10-25T13:46:45.716,4.853,-4.070,-1.258,0.667
1572007605736,2019-10-25T13:46:45.736,4.873,-4.188,-3.121,1.425
1572007605757,2019-10-25T13:46:45.757,4.894,-6.109,-1.079,-0.130
1572007605776,2019-10-25T13:46:45.776,4.913,-2.828,-0.141,0.534
1572007605796,2019-10-25T13:46:45.796,4.933,1.833,0.579,2.988
1572007605817,2019-10-25T13:46:45.817,4.954,0.122,-0.141,2.736
1572007605836,2019-10-25T13:46:45.836,4.973,-6.120,0.678,-0.869
1572007605856,2019-10-25T13:46:45.856,4.993,-6.524,1.242,-1.181
1572007605877,2019-10-25T13:46:45.877,5.014,-1.448,-1.784,1.322
1572007605897,2019-10-25T13:46:45.897,5.034,-0.347,-3.224,0.739
1572007605916,2019-10-25T13:46:45.916,5.053,-1.818,-2.119,-0.202
1572007605937,2019-10-25T13:46:45.937,5.074,-1.242,-1.410,2.889
1572007605957,2019-10-25T13:46:45.957,5.094,-1.982,0.541,2.767
1572007605976,2019-10-25T13:46:45.976,5.113,-4.512,1.875,0.206
1572007605997,2019-10-25T13:46:45.997,5.134,-2.774,-0.808,-0.152
1572007606017,2019-10-25T13:46:46.017,5.154,-2.447,-1.231,-0.819
1572007606036,2019-10-25T13:46:46.036,5.173,-3.815,-0.278,-1.521
1572007606057,2019-10-25T13:46:46.057,5.194,-4.848,-1.429,-2.862
1572007606077,2019-10-25T13:46:46.077,5.214,-4.402,-2.329,-4.634
1572007606097,2019-10-25T13:46:46.097,5.234,0.065,-1.822,-2.793
1572007606117,2019-10-25T13:46:46.117,5.254,4.451,-1.658,-0.655
1572007606138,2019-10-25T13:46:46.138,5.275,4.432,-0.141,-2.104
1572007606158,2019-10-25T13:46:46.158,5.295,-0.911,-1.589,-2.664
1572007606177,2019-10-25T13:46:46.177,5.314,-8.739,-2.046,-3.136
1572007606198,2019-10-25T13:46:46.198,5.335,-11.200,-4.886,-3.765
1572007606218,2019-10-25T13:46:46.218,5.355,-8.068,-6.601,-5.042
1572007606237,2019-10-25T13:46:46.237,5.374,-5.476,-3.449,-4.291
1572007606258,2019-10-25T13:46:46.258,5.395,-5.252,-6.098,-2.420
1572007606278,2019-10-25T13:46:46.278,5.415,-6.886,-6.974,-3.491
1572007606297,2019-10-25T13:46:46.297,5.434,-9.478,-7.351,-6.818
1572007606318,2019-10-25T13:46:46.318,5.455,-9.284,-2.294,-8.902
1572007606338,2019-10-25T13:46:46.338,5.475,-0.827,1.425,-2.260
1572007606357,2019-10-25T13:46:46.357,5.494,11.448,-0.187,3.125
1572007606378,2019-10-25T13:46:46.378,5.515,11.734,-4.806,-2.420
1572007606398,2019-10-25T13:46:46.398,5.535,3.308,-1.151,-6.513
1572007606417,2019-10-25T13:46:46.417,5.554,-2.046,-0.450,-2.801
1572007606438,2019-10-25T13:46:46.438,5.575,0.057,-1.509,-1.261
1572007606458,2019-10-25T13:46:46.458,5.595,1.334,-2.168,-1.429
1572007606479,2019-10-25T13:46:46.479,5.616,-1.475,-4.120,-0.385
1572007606498,2019-10-25T13:46:46.498,5.635,-0.819,-0.450,-2.870
1572007606518,2019-10-25T13:46:46.518,5.655,-0.785,-0.431,-5.408
1572007606539,2019-10-25T13:46:46.539,5.676,3.064,-3.007,-3.289
1572007606558,2019-10-25T13:46:46.558,5.695,5.446,-4.249,0.191
1572007606578,2019-10-25T13:46:46.578,5.715,0.450,-2.458,0.476
1572007606599,2019-10-25T13:46:46.599,5.736,-2.938,0.434,-0.427
1572007606618,2019-10-25T13:46:46.618,5.755,-2.691,-0.720,-0.838
1572007606639,2019-10-25T13:46:46.639,5.776,-3.152,0.370,-1.410
1572007606659,2019-10-25T13:46:46.659,5.796,-2.287,0.907,-0.572
1572007606678,2019-10-25T13:46:46.678,5.815,0.560,0.922,-0.099
1572007606699,2019-10-25T13:46:46.699,5.836,1.448,-1.852,-0.614
1572007606719,2019-10-25T13:46:46.719,5.856,-2.668,-2.405,-1.113
1572007606740,2019-10-25T13:46:46.740,5.877,-6.311,1.909,0.042
1572007606759,2019-10-25T13:46:46.759,5.896,-3.491,0.755,1.479
1572007606779,2019-10-25T13:46:46.779,5.916,-1.311,0.267,-0.537
1572007606800,2019-10-25T13:46:46.800,5.937,-1.540,0.438,-1.784
1572007606819,2019-10-25T13:46:46.819,5.956,0.499,-0.442,1.132
1572007606839,2019-10-25T13:46:46.839,5.976,0.202,-2.104,2.439
1572007606860,2019-10-25T13:46:46.860,5.997,-4.989,-2.073,-0.492
1572007606879,2019-10-25T13:46:46.879,6.016,-4.135,-0.877,-2.904
1572007606899,2019-10-25T13:46:46.899,6.036,1.894,-0.827,-2.778
1572007606920,2019-10-25T13:46:46.920,6.057,6.216,0.716,-1.776
1572007606939,2019-10-25T13:46:46.939,6.076,6.772,-0.282,-2.515
1572007606959,2019-10-25T13:46:46.959,6.096,3.441,-2.458,-4.055
1572007606980,2019-10-25T13:46:46.980,6.117,0.884,-2.294,-3.239
1572007607000,2019-10-25T13:46:47.000,6.137,2.264,0.865,-2.626
1572007607019,2019-10-25T13:46:47.019,6.156,5.476,1.399,-1.974
1572007607040,2019-10-25T13:46:47.040,6.177,6.986,2.058,-1.006
1572007607060,2019-10-25T13:46:47.060,6.197,2.873,0.598,-2.020
1572007607079,2019-10-25T13:46:47.079,6.216,-3.834,-1.532,-5.659
1572007607100,2019-10-25T13:46:47.100,6.237,-3.689,-0.995,-8.396
1572007607120,2019-10-25T13:46:47.120,6.257,3.209,0.732,-5.671
1572007607139,2019-10-25T13:46:47.139,6.276,8.598,-1.292,0.770
1572007607160,2019-10-25T13:46:47.160,6.297,4.848,-3.018,-0.846
1572007607180,2019-10-25T13:46:47.180,6.317,0.682,0.808,-3.910
1572007607200,2019-10-25T13:46:47.200,6.337,3.620,1.159,-2.321
1572007607220,2019-10-25T13:46:47.220,6.357,7.363,-0.903,-0.126
1572007607241,2019-10-25T13:46:47.241,6.378,4.291,-1.109,-1.761
1572007607260,2019-10-25T13:46:47.260,6.397,-4.665,-3.731,-4.996
1572007607280,2019-10-25T13:46:47.280,6.417,-7.363,-2.641,-5.907
1572007607301,2019-10-25T13:46:47.301,6.438,0.240,-2.233,-4.992
1572007607321,2019-10-25T13:46:47.321,6.458,6.147,-1.162,-4.440
1572007607340,2019-10-25T13:46:47.340,6.477,3.281,0.438,-2.450
1572007607361,2019-10-25T13:46:47.361,6.498,0.236,0.309,-1.612
1572007607381,2019-10-25T13:46:47.381,6.518,-0.046,-1.303,-3.144
1572007607400,2019-10-25T13:46:47.400,6.537,0.785,-1.936,-1.662
1572007607421,2019-10-25T13:46:47.421,6.558,6.059,-0.556,0.514
1572007607441,2019-10-25T13:46:47.441,6.578,6.989,-6.166,-6.021
1572007607460,2019-10-25T13:46:47.460,6.597,0.854,1.303,-5.213
1572007607481,2019-10-25T13:46:47.481,6.618,-3.563,1.540,0.747
1572007607501,2019-10-25T13:46:47.501,6.638,-10.583,-2.534,-2.851
1572007607520,2019-10-25T13:46:47.520,6.657,-9.234,0.499,-5.610
1572007607541,2019-10-25T13:46:47.541,6.678,-4.078,-2.431,-3.956
1572007607561,2019-10-25T13:46:47.561,6.698,-2.256,-2.226,-3.769
1572007607582,2019-10-25T13:46:47.582,6.719,0.610,-1.406,-0.621
1572007607601,2019-10-25T13:46:47.601,6.738,-5.126,-1.280,1.079
1572007607621,2019-10-25T13:46:47.621,6.758,-12.256,1.909,-1.833
1572007607642,2019-10-25T13:46:47.642,6.779,-9.021,1.033,-2.508
1572007607661,2019-10-25T13:46:47.661,6.798,-1.585,-3.167,-1.803
1572007607681,2019-10-25T13:46:47.681,6.818,3.948,-1.334,1.098
1572007607702,2019-10-25T13:46:47.702,6.839,4.958,3.544,2.226
1572007607721,2019-10-25T13:46:47.721,6.858,0.446,5.827,1.768
1572007607742,2019-10-25T13:46:47.742,6.879,-1.909,3.750,2.675
1572007607762,2019-10-25T13:46:47.762,6.899,0.145,3.620,0.827
1572007607781,2019-10-25T13:46:47.781,6.918,2.428,2.214,-2.393
1572007607802,2019-10-25T13:46:47.802,6.939,2.839,0.480,-3.887
1572007607822,2019-10-25T13:46:47.822,6.959,3.613,2.900,-2.207
1572007607843,2019-10-25T13:46:47.843,6.980,-0.755,3.262,-0.210
1572007607862,2019-10-25T13:46:47.862,6.999,-8.152,5.595,-1.296
1572007607882,2019-10-25T13:46:47.882,7.019,-3.921,2.618,-2.355
1572007607903,2019-10-25T13:46:47.903,7.040,4.337,1.570,-1.105
1572007607922,2019-10-25T13:46:47.922,7.059,6.490,3.216,-0.023
1572007607942,2019-10-25T13:46:47.942,7.079,2.355,2.412,-1.204
1572007607963,2019-10-25T13:46:47.963,7.100,-2.816,1.170,-2.264
1572007607982,2019-10-25T13:46:47.982,7.119,-4.531,2.146,-1.136
1572007608002,2019-10-25T13:46:48.002,7.139,-2.896,3.236,0.198
1572007608023,2019-10-25T13:46:48.023,7.160,0.686,0.152,0.534
1572007608042,2019-10-25T13:46:48.042,7.179,1.791,-0.991,0.819
1572007608062,2019-10-25T13:46:48.062,7.199,-1.944,0.625,0.796
1572007608083,2019-10-25T13:46:48.083,7.220,-5.244,1.139,1.688
1572007608102,2019-10-25T13:46:48.102,7.239,-5.556,0.575,3.479
1572007608122,2019-10-25T13:46:48.122,7.259,-3.681,1.139,4.402
1572007608143,2019-10-25T13:46:48.143,7.280,-1.696,-0.938,3.514
1572007608163,2019-10-25T13:46:48.163,7.300,-2.839,-0.065,2.500
1572007608182,2019-10-25T13:46:48.182,7.319,-5.652,0.404,1.723
1572007608203,2019-10-25T13:46:48.203,7.340,-5.755,1.555,-0.095
1572007608223,2019-10-25T13:46:48.223,7.360,-2.184,-1.265,-0.156
1572007608243,2019-10-25T13:46:48.243,7.380,-0.370,-2.748,0.537
1572007608263,2019-10-25T13:46:48.263,7.400,-3.708,-0.476,1.136
1572007608284,2019-10-25T13:46:48.284,7.421,-5.526,0.446,0.800
1572007608303,2019-10-25T13:46:48.303,7.440,-4.131,-0.072,-1.037
1572007608323,2019-10-25T13:46:48.323,7.460,-3.556,-0.636,-1.917
1572007608344,2019-10-25T13:46:48.344,7.481,-4.668,1.555,0.282
1572007608363,2019-10-25T13:46:48.363,7.500,-1.082,1.711,0.976
1572007608383,2019-10-25T13:46:48.383,7.520,1.273,-1.726,1.067
1572007608404,2019-10-25T13:46:48.404,7.541,-4.832,-1.250,-1.220
1572007608424,2019-10-25T13:46:48.424,7.561,-7.424,0.008,-3.906
1572007608443,2019-10-25T13:46:48.443,7.580,-1.220,-2.115,-2.134
1572007608464,2019-10-25T13:46:48.464,7.601,2.858,0.191,0.484
1572007608484,2019-10-25T13:46:48.484,7.621,2.500,2.309,0.827
1572007608503,2019-10-25T13:46:48.503,7.640,3.274,0.027,-1.273
1572007608524,2019-10-25T13:46:48.524,7.661,2.199,-0.366,-2.580
1572007608544,2019-10-25T13:46:48.544,7.681,1.418,0.907,-2.210
1572007608563,2019-10-25T13:46:48.563,7.700,3.216,1.223,-1.646
1572007608584,2019-10-25T13:46:48.584,7.721,0.960,2.134,-1.662
1572007608604,2019-10-25T13:46:48.604,7.741,-5.545,0.438,-1.380
1572007608623,2019-10-25T13:46:48.623,7.760,-5.141,-0.351,-2.614
1572007608644,2019-10-25T13:46:48.644,7.781,2.786,0.084,-2.069
1572007608664,2019-10-25T13:46:48.664,7.801,6.536,-0.427,-1.033
1572007608683,2019-10-25T13:46:48.683,7.820,2.641,0.320,-1.414
1572007608704,2019-10-25T13:46:48.704,7.841,-1.075,-0.217,-1.265
1572007608724,2019-10-25T13:46:48.724,7.861,-3.056,-0.526,-2.927
1572007608745,2019-10-25T13:46:48.745,7.882,-4.539,-1.555,-3.552
1572007608764,2019-10-25T13:46:48.764,7.901,-3.518,-0.873,-3.064
1572007608784,2019-10-25T13:46:48.784,7.921,0.404,-2.195,-2.466
1572007608805,2019-10-25T13:46:48.805,7.942,-0.061,-2.020,-1.197
1572007608824,2019-10-25T13:46:48.824,7.961,-6.147,2.146,-2.073
1572007608845,2019-10-25T13:46:48.845,7.982,-9.131,2.950,-4.089
1572007608865,2019-10-25T13:46:48.865,8.002,-8.815,-0.408,-2.134
1572007608884,2019-10-25T13:46:48.884,8.021,-15.701,2.149,0.278
1572007608905,2019-10-25T13:46:48.905,8.042,-23.041,4.013,-3.110
1572007608925,2019-10-25T13:46:48.925,8.062,-21.696,-1.216,-1.997
1572007608944,2019-10-25T13:46:48.944,8.081,-13.819,-5.156,-0.278
1572007608965,2019-10-25T13:46:48.965,8.102,-15.473,-2.397,-4.211
1572007608985,2019-10-25T13:46:48.985,8.122,-17.363,5.991,-4.806
1572007609006,2019-10-25T13:46:49.006,8.143,-8.396,6.006,1.258
1572007609025,2019-10-25T13:46:49.025,8.162,-1.250,1.250,2.508
1572007609045,2019-10-25T13:46:49.045,8.182,-4.036,-1.018,-1.162
1572007609066,2019-10-25T13:46:49.066,8.203,-2.470,0.316,-1.551
1572007609085,2019-10-25T13:46:49.085,8.222,3.114,0.236,0.915
1572007609105,2019-10-25T13:46:49.105,8.242,0.869,1.059,0.183
1572007609126,2019-10-25T13:46:49.126,8.263,-6.261,1.235,-2.268
1572007609145,2019-10-25T13:46:49.145,8.282,-10.823,0.484,-3.826
1572007609165,2019-10-25T13:46:49.165,8.302,-11.898,-0.568,-4.116
1572007609186,2019-10-25T13:46:49.186,8.323,-5.915,-0.556,-0.758
1572007609205,2019-10-25T13:46:49.205,8.342,1.604,-5.918,-0.454
1572007609225,2019-10-25T13:46:49.225,8.362,0.354,-0.038,-3.929
1572007609246,2019-10-25T13:46:49.246,8.383,-4.989,2.409,-2.694
1572007609265,2019-10-25T13:46:49.265,8.402,-5.526,0.183,-2.378
1572007609285,2019-10-25T13:46:49.285,8.422,-1.456,-4.718,-4.486
1572007609306,2019-10-25T13:46:49.306,8.443,1.063,-1.380,-2.992
1572007609326,2019-10-25T13:46:49.326,8.463,1.635,1.162,-2.348
1572007609346,2019-10-25T13:46:49.346,8.483,-3.826,-0.076,-5.488
1572007609366,2019-10-25T13:46:49.366,8.503,-7.588,-0.930,-6.521
1572007609387,2019-10-25T13:46:49.387,8.524,-7.107,-3.784,-5.694
1572007609406,2019-10-25T13:46:49.406,8.543,0.107,-4.497,-7.881
1572007609426,2019-10-25T13:46:49.426,8.563,17.679,-5.217,-7.732
1572007609447,2019-10-25T13:46:49.447,8.584,37.020,-4.306,-12.401
1572007609466,2019-10-25T13:46:49.466,8.603,65.206,2.275,-15.164
1572007609486,2019-10-25T13:46:49.486,8.623,118.582,16.494,-2.283
1572007609507,2019-10-25T13:46:49.507,8.644,124.874,28.228,-3.403
1572007609526,2019-10-25T13:46:49.526,8.663,124.226,37.386,-12.157
1572007609546,2019-10-25T13:46:49.546,8.683,105.713,113.849,-1.818
1572007609567,2019-10-25T13:46:49.567,8.704,-79.402,123.262,-15.236
1572007609587,2019-10-25T13:46:49.587,8.724,-38.064,-12.679,-10.915
1572007609606,2019-10-25T13:46:49.606,8.743,18.316,-65.370,1.959
1572007609627,2019-10-25T13:46:49.627,8.764,-7.119,-25.038,-4.318
1572007609647,2019-10-25T13:46:49.647,8.784,-67.363,-21.536,-18.563
1572007609666,2019-10-25T13:46:49.666,8.803,-115.072,-24.970,-19.642
1572007609687,2019-10-25T13:46:49.687,8.824,-104.074,0.076,-2.588
1572007609707,2019-10-25T13:46:49.707,8.844,-64.158,3.144,4.356
1572007609726,2019-10-25T13:46:49.726,8.863,-34.950,-36.406,-6.921
1572007609747,2019-10-25T13:46:49.747,8.884,-34.611,-31.033,-6.528
1572007609767,2019-10-25T13:46:49.767,8.904,-66.620,-4.051,-1.010
1572007609786,2019-10-25T13:46:49.786,8.923,-86.239,4.017,-1.871
1572007609807,2019-10-25T13:46:49.807,8.944,-90.271,-10.400,0.271
1572007609827,2019-10-25T13:46:49.827,8.964,-86.193,-16.848,1.018
1572007609847,2019-10-25T13:46:49.847,8.984,-71.437,-8.072,-0.351
1572007609867,2019-10-25T13:46:49.867,9.004,-56.185,-2.389,2.077
1572007609888,2019-10-25T13:46:49.888,9.025,-61.048,-7.081,-0.728
1572007609908,2019-10-25T13:46:49.908,9.045,-70.476,-6.113,-7.835
1572007609927,2019-10-25T13:46:49.927,9.064,-65.690,-8.209,-12.370
1572007609948,2019-10-25T13:46:49.948,9.085,-51.429,-11.654,-6.620
1572007609968,2019-10-25T13:46:49.968,9.105,-33.529,-9.013,-0.065
1572007609987,2019-10-25T13:46:49.987,9.124,-14.562,1.620,1.067
1572007610008,2019-10-25T13:46:50.008,9.145,-5.553,1.917,-0.240
1572007610028,2019-10-25T13:46:50.028,9.165,-0.545,0.903,-3.396
1572007610047,2019-10-25T13:46:50.047,9.184,12.477,0.884,-2.279
1572007610068,2019-10-25T13:46:50.068,9.205,24.074,-1.589,-1.037
1572007610088,2019-10-25T13:46:50.088,9.225,40.667,0.099,-5.343
1572007610107,2019-10-25T13:46:50.107,9.244,72.691,3.674,-5.419
1572007610128,2019-10-25T13:46:50.128,9.265,119.863,9.676,-5.366
1572007610148,2019-10-25T13:46:50.148,9.285,124.874,7.679,-8.487
1572007610167,2019-10-25T13:46:50.167,9.304,124.299,3.136,-6.951
1572007610188,2019-10-25T13:46:50.188,9.325,108.296,76.776,-7.557
1572007610208,2019-10-25T13:46:50.208,9.345,-82.504,45.514,-22.591
1572007610229,2019-10-25T13:46:50.229,9.366,-51.822,-49.165,-9.085
1572007610248,2019-10-25T13:46:50.248,9.385,3.304,-43.289,-2.870
1572007610268,2019-10-25T13:46:50.268,9.405,-11.696,-34.977,-6.951
1572007610289,2019-10-25T13:46:50.289,9.426,-63.487,-80.091,-14.013
1572007610308,2019-10-25T13:46:50.308,9.445,-87.908,-74.341,-6.402
1572007610328,2019-10-25T13:46:50.328,9.465,-63.887,-9.516,4.607
1572007610349,2019-10-25T13:46:50.349,9.486,-48.262,3.819,2.279
1572007610368,2019-10-25T13:46:50.368,9.505,-54.364,-32.428,-3.647
1572007610389,2019-10-25T13:46:50.389,9.526,-51.738,-43.350,-1.025
1572007610409,2019-10-25T13:46:50.409,9.546,-65.949,-13.708,-2.424
1572007610428,2019-10-25T13:46:50.428,9.565,-88.171,8.731,-6.292
1572007610449,2019-10-25T13:46:50.449,9.586,-77.988,-5.027,0.221
1572007610469,2019-10-25T13:46:50.469,9.606,-63.411,-12.511,4.261
1572007610490,2019-10-25T13:46:50.490,9.627,-69.863,0.755,0.156
1572007610509,2019-10-25T13:46:50.509,9.646,-74.299,2.626,-1.563
1572007610529,2019-10-25T13:46:50.529,9.666,-55.766,-7.066,-0.053
1572007610550,2019-10-25T13:46:50.550,9.687,-33.758,-10.678,-2.027
1572007610569,2019-10-25T13:46:50.569,9.706,-27.378,-2.656,-7.138
1572007610589,2019-10-25T13:46:50.589,9.726,-30.518,2.344,-6.277
1572007610610,2019-10-25T13:46:50.610,9.747,-28.140,0.019,-1.269
1572007610629,2019-10-25T13:46:50.629,9.766,-20.408,1.932,-0.130
1572007610649,2019-10-25T13:46:50.649,9.786,-12.271,3.609,0.198
1572007610670,2019-10-25T13:46:50.670,9.807,-7.165,-3.201,-3.155
1572007610689,2019-10-25T13:46:50.689,9.826,-4.184,-7.031,-3.472
1572007610709,2019-10-25T13:46:50.709,9.846,-5.530,-1.551,-0.198
1572007610730,2019-10-25T13:46:50.730,9.867,-3.186,8.476,2.203
1572007610749,2019-10-25T13:46:50.749,9.886,-0.023,4.120,3.163
1572007610769,2019-10-25T13:46:50.769,9.906,-0.896,1.833,0.396
1572007610790,2019-10-25T13:46:50.790,9.927,22.142,2.511,-1.280
1572007610810,2019-10-25T13:46:50.810,9.947,86.040,-10.473,7.134
1572007610829,2019-10-25T13:46:50.829,9.966,124.874,-20.442,16.132
1572007610850,2019-10-25T13:46:50.850,9.987,124.874,17.302,16.734
1572007610870,2019-10-25T13:46:50.870,10.007,123.941,80.888,15.564
1572007610889,2019-10-25T13:46:50.889,10.026,65.518,122.420,-21.326
1572007610910,2019-10-25T13:46:50.910,10.047,-53.518,-12.039,-23.491
1572007610930,2019-10-25T13:46:50.930,10.067,14.367,-41.425,6.662
1572007610950,2019-10-25T13:46:50.950,10.087,15.023,-53.293,3.064
1572007610970,2019-10-25T13:46:50.970,10.107,-40.274,-51.894,-14.939
1572007610991,2019-10-25T13:46:50.991,10.128,-103.887,-43.853,-20.332
1572007611010,2019-10-25T13:46:51.010,10.147,-111.825,-16.010,-3.296
1572007611030,2019-10-25T13:46:51.030,10.167,-78.060,2.127,4.390
1572007611051,2019-10-25T13:46:51.051,10.188,-52.409,-31.730,-3.205
1572007611071,2019-10-25T13:46:51.071,10.208,-56.810,-54.043,-1.890
1572007611090,2019-10-25T13:46:51.090,10.227,-94.638,-32.614,-1.944
1572007611111,2019-10-25T13:46:51.111,10.248,-111.524,5.499,-7.862
1572007611131,2019-10-25T13:46:51.131,10.268,-99.063,3.403,-3.392
1572007611150,2019-10-25T13:46:51.150,10.287,-73.803,-15.324,0.823
1572007611171,2019-10-25T13:46:51.171,10.308,-59.901,-7.622,-4.768
1572007611191,2019-10-25T13:46:51.191,10.328,-65.659,-7.420,-8.079
1572007611210,2019-10-25T13:46:51.210,10.347,-78.365,-9.158,-8.308
1572007611231,2019-10-25T13:46:51.231,10.368,-77.652,0.217,-9.089
1572007611251,2019-10-25T13:46:51.251,10.388,-73.167,-4.478,-5.545
1572007611270,2019-10-25T13:46:51.270,10.407,-78.449,-23.190,-2.012
1572007611291,2019-10-25T13:46:51.291,10.428,-74.184,-29.790,-0.286
1572007611311,2019-10-25T13:46:51.311,10.448,-60.019,-19.135,-0.930
1572007611330,2019-10-25T13:46:51.330,10.467,-57.161,-11.536,-2.207
1572007611351,2019-10-25T13:46:51.351,10.488,-54.341,-0.793,-3.540
1572007611371,2019-10-25T13:46:51.371,10.508,-40.050,-0.617,-1.684
1572007611392,2019-10-25T13:46:51.392,10.529,-1.147,-5.149,0.069
1572007611411,2019-10-25T13:46:51.411,10.548,42.355,1.189,1.425
1572007611431,2019-10-25T13:46:51.431,10.568,59.375,6.418,2.241
1572007611452,2019-10-25T13:46:51.452,10.589,96.284,12.012,3.883
1572007611471,2019-10-25T13:46:51.471,10.608,124.874,9.505,7.073
1572007611492,2019-10-25T13:46:51.492,10.629,124.874,11.235,16.288
1572007611512,2019-10-25T13:46:51.512,10.649,124.184,20.835,35.221
1572007611531,2019-10-25T13:46:51.531,10.668,121.563,54.104,20.499
1572007611552,2019-10-25T13:46:51.552,10.689,-25.042,71.006,-25.309
1572007611572,2019-10-25T13:46:51.572,10.709,-25.770,-52.001,-4.566
1572007611591,2019-10-25T13:46:51.591,10.728,-37.656,-32.081,-0.442
1572007611612,2019-10-25T13:46:51.612,10.749,-107.995,-74.478,-2.420
1572007611632,2019-10-25T13:46:51.632,10.769,-124.874,-109.684,-0.575
1572007611653,2019-10-25T13:46:51.653,10.790,-108.952,-44.821,5.957
1572007611672,2019-10-25T13:46:51.672,10.809,-70.690,15.941,3.746
1572007611692,2019-10-25T13:46:51.692,10.829,-107.359,-1.639,1.536
1572007611713,2019-10-25T13:46:51.713,10.850,-124.874,-12.027,-1.650
1572007611732,2019-10-25T13:46:51.732,10.869,-124.874,-21.338,-0.591
1572007611752,2019-10-25T13:46:51.752,10.889,-122.500,-2.698,8.220
1572007611773,2019-10-25T13:46:51.773,10.910,-99.962,-6.639,11.021
1572007611792,2019-10-25T13:46:51.792,10.929,-70.636,-23.388,1.917
1572007611812,2019-10-25T13:46:51.812,10.949,-57.927,-24.440,-1.574
1572007611833,2019-10-25T13:46:51.833,10.970,-68.365,-16.700,-4.931
1572007611852,2019-10-25T13:46:51.852,10.989,-93.007,-21.212,0.949
1572007611872,2019-10-25T13:46:51.872,11.009,-91.601,-58.136,1.768
1572007611893,2019-10-25T13:46:51.893,11.030,-7.519,-18.030,-3.087
1572007611912,2019-10-25T13:46:51.912,11.049,11.921,2.622,0.446
1572007611932,2019-10-25T13:46:51.932,11.069,-11.216,8.708,-0.152
1572007611953,2019-10-25T13:46:51.953,11.090,-8.761,8.510,-3.670
1572007611973,2019-10-25T13:46:51.973,11.110,17.382,0.918,-1.246
1572007611993,2019-10-25T13:46:51.993,11.130,25.560,4.249,1.639
1572007612013,2019-10-25T13:46:52.013,11.150,2.321,2.877,3.243
1572007612034,2019-10-25T13:46:52.034,11.171,-18.327,3.361,1.018
1572007612053,2019-10-25T13:46:52.053,11.190,-4.043,-0.507,-1.597
1572007612073,2019-10-25T13:46:52.073,11.210,36.886,0.553,-0.774
1572007612094,2019-10-25T13:46:52.094,11.231,61.540,6.803,-0.987
1572007612113,2019-10-25T13:46:52.113,11.250,60.747,7.313,-9.383
1572007612133,2019-10-25T13:46:52.133,11.270,90.507,-1.970,-24.619
1572007612154,2019-10-25T13:46:52.154,11.291,124.874,1.406,-32.508
1572007612173,2019-10-25T13:46:52.173,11.310,124.874,-1.837,-12.046
1572007612193,2019-10-25T13:46:52.193,11.330,124.101,73.384,2.107
1572007612214,2019-10-25T13:46:52.214,11.351,75.865,114.249,-28.422
1572007612234,2019-10-25T13:46:52.234,11.371,50.827,-41.940,-20.617
1572007612253,2019-10-25T13:46:52.253,11.390,26.928,-11.730,-2.862
1572007612274,2019-10-25T13:46:52.274,11.411,-17.168,-14.375,2.797
1572007612294,2019-10-25T13:46:52.294,11.431,-100.381,-60.705,3.014
1572007612313,2019-10-25T13:46:52.313,11.450,-124.874,-60.686,6.159
1572007612334,2019-10-25T13:46:52.334,11.471,-122.664,0.827,14.745
1572007612354,2019-10-25T13:46:52.354,11.491,-95.141,-1.319,3.647
1572007612373,2019-10-25T13:46:52.373,11.510,-106.665,-37.115,-12.786
1572007612394,2019-10-25T13:46:52.394,11.531,-124.874,-13.251,-22.344
1572007612414,2019-10-25T13:46:52.414,11.551,-124.874,-8.274,1.917
1572007612433,2019-10-25T13:46:52.433,11.570,-124.447,-26.128,30.130
1572007612454,2019-10-25T13:46:52.454,11.591,-115.309,-33.811,34.809
1572007612474,2019-10-25T13:46:52.474,11.611,-79.024,-8.418,18.540
1572007612493,2019-10-25T13:46:52.493,11.630,-60.069,2.172,6.563
1572007612514,2019-10-25T13:46:52.514,11.651,-67.172,-13.548,2.508
1572007612534,2019-10-25T13:46:52.534,11.671,-80.065,-21.467,-4.116
1572007612555,2019-10-25T13:46:52.555,11.692,-73.144,-18.590,-4.398
1572007612574,2019-10-25T13:46:52.574,11.711,-48.136,2.420,4.325
1572007612595,2019-10-25T13:46:52.595,11.732,-40.739,13.792,9.165
1572007612615,2019-10-25T13:46:52.615,11.752,-43.087,11.654,8.106
1572007612634,2019-10-25T13:46:52.634,11.771,-18.944,-0.732,3.338
1572007612655,2019-10-25T13:46:52.655,11.792,18.647,-7.511,-0.362
1572007612675,2019-10-25T13:46:52.675,11.812,23.579,-2.416,-2.027
1572007612694,2019-10-25T13:46:52.694,11.831,21.505,0.088,-1.174
1572007612715,2019-10-25T13:46:52.715,11.852,62.500,-3.906,-0.568
1572007612735,2019-10-25T13:46:52.735,11.872,124.874,-19.973,-14.691
1572007612754,2019-10-25T13:46:52.754,11.891,124.874,-15.549,-37.740
1572007612775,2019-10-25T13:46:52.775,11.912,123.651,32.237,-21.547
1572007612795,2019-10-25T13:46:52.795,11.932,105.583,81.791,-46.139
1572007612816,2019-10-25T13:46:52.816,11.953,-36.780,47.027,-30.888
1572007612835,2019-10-25T13:46:52.835,11.972,34.215,-59.741,2.287
1572007612855,2019-10-25T13:46:52.855,11.992,-14.688,0.053,5.194
1572007612876,2019-10-25T13:46:52.876,12.013,-100.366,-40.926,5.027
1572007612895,2019-10-25T13:46:52.895,12.032,-124.874,-71.330,13.864
1572007612915,2019-10-25T13:46:52.915,12.052,-124.040,-18.514,8.579
1572007612936,2019-10-25T13:46:52.936,12.073,-123.266,-1.300,-2.104
1572007612955,2019-10-25T13:46:52.955,12.092,-124.874,9.444,11.364
1572007612975,2019-10-25T13:46:52.975,12.112,-122.706,3.758,14.954
1572007612996,2019-10-25T13:46:52.996,12.133,-109.653,-21.082,6.330
1572007613015,2019-10-25T13:46:53.015,12.152,-116.997,-21.021,7.107
1572007613035,2019-10-25T13:46:53.035,12.172,-114.440,-29.638,8.849
1572007613056,2019-10-25T13:46:53.056,12.193,-68.121,-17.862,2.660
1572007613075,2019-10-25T13:46:53.075,12.212,-37.477,-4.535,2.805
1572007613096,2019-10-25T13:46:53.096,12.233,-52.149,-4.447,7.302
1572007613116,2019-10-25T13:46:53.116,12.253,-71.833,-0.332,9.703
1572007613137,2019-10-25T13:46:53.137,12.274,-74.280,-13.262,4.707
1572007613156,2019-10-25T13:46:53.156,12.293,-54.497,-27.934,-4.173
1572007613176,2019-10-25T13:46:53.176,12.313,-54.977,-38.152,0.454
1572007613197,2019-10-25T13:46:53.197,12.334,-63.525,-20.949,2.569
1572007613216,2019-10-25T13:46:53.216,12.353,-61.825,-11.513,3.750
1572007613236,2019-10-25T13:46:53.236,12.373,-40.415,-9.798,3.952
1572007613257,2019-10-25T13:46:53.257,12.394,-18.133,-7.649,-1.814
1572007613276,2019-10-25T13:46:53.276,12.413,5.511,5.991,-1.692
1572007613296,2019-10-25T13:46:53.296,12.433,12.378,4.905,0.274
1572007613317,2019-10-25T13:46:53.317,12.454,24.474,-3.689,-5.606
1572007613336,2019-10-25T13:46:53.336,12.473,77.954,-10.713,-12.001
1572007613356,2019-10-25T13:46:53.356,12.493,124.874,-42.027,-38.312
1572007613377,2019-10-25T13:46:53.377,12.514,124.874,-27.927,-90.137
1572007613397,2019-10-25T13:46:53.397,12.534,123.876,44.230,-75.057
1572007613416,2019-10-25T13:46:53.416,12.553,124.874,84.992,-29.527
1572007613437,2019-10-25T13:46:53.437,12.574,80.484,124.874,-9.459
1572007613457,2019-10-25T13:46:53.457,12.594,5.191,-10.194,3.792
1572007613476,2019-10-25T13:46:53.476,12.613,5.587,0.255,9.844
1572007613497,2019-10-25T13:46:53.497,12.634,-47.008,-24.436,7.561
1572007613517,2019-10-25T13:46:53.517,12.654,-107.031,-101.364,-0.675
1572007613536,2019-10-25T13:46:53.536,12.673,-124.874,-76.749,-0.938
1572007613557,2019-10-25T13:46:53.557,12.694,-123.175,2.793,16.509
1572007613577,2019-10-25T13:46:53.577,12.714,-103.064,18.716,9.013
1572007613597,2019-10-25T13:46:53.597,12.734,-117.050,4.661,20.042
1572007613617,2019-10-25T13:46:53.617,12.754,-121.623,5.168,18.430
1572007613638,2019-10-25T13:46:53.638,12.775,-123.357,-9.051,11.280
1572007613658,2019-10-25T13:46:53.658,12.795,-114.352,-12.744,6.139
1572007613677,2019-10-25T13:46:53.677,12.814,-81.627,-19.036,1.204
1572007613698,2019-10-25T13:46:53.698,12.835,-45.701,-17.797,1.989
1572007613718,2019-10-25T13:46:53.718,12.855,-38.049,-3.182,6.726
1572007613737,2019-10-25T13:46:53.737,12.874,-61.479,0.347,9.840
1572007613758,2019-10-25T13:46:53.758,12.895,-76.822,3.011,9.364
1572007613778,2019-10-25T13:46:53.778,12.915,-73.102,-5.034,6.391
1572007613797,2019-10-25T13:46:53.797,12.934,-61.894,-17.008,-1.547
1572007613818,2019-10-25T13:46:53.818,12.955,-47.725,-10.015,-5.107
1572007613838,2019-10-25T13:46:53.838,12.975,-43.216,-3.072,-0.454
1572007613857,2019-10-25T13:46:53.857,12.994,-51.928,-0.770,7.397
1572007613878,2019-10-25T13:46:53.878,13.015,-53.975,-2.111,12.389
1572007613898,2019-10-25T13:46:53.898,13.035,-45.751,-7.481,10.713
1572007613917,2019-10-25T13:46:53.917,13.054,-35.351,-10.339,0.918
1572007613938,2019-10-25T13:46:53.938,13.075,-28.007,-7.851,-3.887
1572007613958,2019-10-25T13:46:53.958,13.095,-17.950,-3.537,-2.241
1572007613979,2019-10-25T13:46:53.979,13.116,4.672,3.651,-2.851
1572007613998,2019-10-25T13:46:53.998,13.135,30.057,4.398,-5.808
1572007614018,2019-10-25T13:46:54.018,13.155,54.158,-1.208,-7.431
1572007614039,2019-10-25T13:46:54.039,13.176,87.599,-11.261,-9.032
1572007614058,2019-10-25T13:46:54.058,13.195,124.874,-37.066,-13.277
1572007614078,2019-10-25T13:46:54.078,13.215,124.874,-40.842,-34.486
1572007614099,2019-10-25T13:46:54.099,13.236,124.158,-8.594,-40.758
1572007614118,2019-10-25T13:46:54.118,13.255,124.859,67.915,-31.048
1572007614139,2019-10-25T13:46:54.139,13.276,-57.043,96.604,-23.190
1572007614159,2019-10-25T13:46:54.159,13.296,37.622,-61.810,-7.740
1572007614178,2019-10-25T13:46:54.178,13.315,18.460,9.958,4.082
1572007614199,2019-10-25T13:46:54.199,13.336,-43.411,-39.447,12.992
1572007614219,2019-10-25T13:46:54.219,13.356,-106.261,-102.180,15.488
1572007614240,2019-10-25T13:46:54.240,13.377,-124.874,-25.354,21.166
1572007614259,2019-10-25T13:46:54.259,13.396,-124.817,17.614,14.032
1572007614279,2019-10-25T13:46:54.279,13.416,-124.356,2.980,19.634
1572007614300,2019-10-25T13:46:54.300,13.437,-124.874,9.070,15.244
1572007614319,2019-10-25T13:46:54.319,13.456,-124.299,-2.550,8.098
1572007614339,2019-10-25T13:46:54.339,13.476,-124.874,-10.324,11.566
1572007614360,2019-10-25T13:46:54.360,13.497,-122.020,-16.879,9.794
1572007614379,2019-10-25T13:46:54.379,13.516,-93.750,-10.755,-1.837
1572007614399,2019-10-25T13:46:54.399,13.536,-71.151,-10.431,-3.971
1572007614420,2019-10-25T13:46:54.420,13.557,-75.877,-16.852,1.780
1572007614439,2019-10-25T13:46:54.439,13.576,-82.123,-10.499,2.069
1572007614459,2019-10-25T13:46:54.459,13.596,-82.485,-7.340,3.285
1572007614480,2019-10-25T13:46:54.480,13.617,-74.977,-7.580,7.934
1572007614500,2019-10-25T13:46:54.500,13.637,-67.043,-19.539,6.151
1572007614519,2019-10-25T13:46:54.519,13.656,-56.280,-24.901,1.707
1572007614540,2019-10-25T13:46:54.540,13.677,-61.837,-31.029,2.511
1572007614560,2019-10-25T13:46:54.560,13.697,-49.745,-6.311,-2.763
1572007614579,2019-10-25T13:46:54.579,13.716,-40.979,-3.495,-1.056
1572007614600,2019-10-25T13:46:54.600,13.737,-20.072,-7.530,6.810
1572007614620,2019-10-25T13:46:54.620,13.757,18.792,8.758,1.498
1572007614639,2019-10-25T13:46:54.639,13.776,46.414,26.669,0.271
1572007614660,2019-10-25T13:46:54.660,13.797,33.979,10.892,-2.851
1572007614680,2019-10-25T13:46:54.680,13.817,65.781,-11.909,-7.203
1572007614700,2019-10-25T13:46:54.700,13.837,124.874,-26.029,-55.545
1572007614720,2019-10-25T13:46:54.720,13.857,124.874,3.529,-106.261
1572007614741,2019-10-25T13:46:54.741,13.878,123.628,44.169,-73.323
1572007614761,2019-10-25T13:46:54.761,13.898,124.874,39.436,-55.636
1572007614780,2019-10-25T13:46:54.780,13.917,12.016,120.964,-29.680
1572007614801,2019-10-25T13:46:54.801,13.938,5.053,-32.976,1.997
1572007614821,2019-10-25T13:46:54.821,13.958,-11.021,-33.887,8.838
1572007614840,2019-10-25T13:46:54.840,13.977,-95.503,-39.051,8.316
1572007614861,2019-10-25T13:46:54.861,13.998,-124.874,-67.168,11.902
1572007614881,2019-10-25T13:46:54.881,14.018,-124.874,-28.087,13.826
1572007614900,2019-10-25T13:46:54.900,14.037,-123.544,2.100,9.714
1572007614921,2019-10-25T13:46:54.921,14.058,-124.859,-0.964,21.803
1572007614941,2019-10-25T13:46:54.941,14.078,-124.874,17.534,26.841
1572007614960,2019-10-25T13:46:54.960,14.097,-124.855,2.462,21.280
1572007614981,2019-10-25T13:46:54.981,14.118,-124.874,-12.264,13.838
1572007615001,2019-10-25T13:46:55.001,14.138,-123.811,-34.478,7.572
1572007615022,2019-10-25T13:46:55.022,14.159,-99.718,-20.099,-1.220
1572007615041,2019-10-25T13:46:55.041,14.178,-63.586,-11.021,-6.852
1572007615061,2019-10-25T13:46:55.061,14.198,-46.189,-7.732,0.011
1572007615082,2019-10-25T13:46:55.082,14.219,-45.217,-4.173,6.101
1572007615101,2019-10-25T13:46:55.101,14.238,-51.966,-4.718,6.048
1572007615121,2019-10-25T13:46:55.121,14.258,-63.285,-14.897,3.319
1572007615142,2019-10-25T13:46:55.142,14.279,-57.530,-22.351,-0.377
1572007615161,2019-10-25T13:46:55.161,14.298,-24.989,-5.187,-1.627
1572007615181,2019-10-25T13:46:55.181,14.318,-12.984,7.336,0.347
1572007615202,2019-10-25T13:46:55.202,14.339,-25.789,4.695,1.277
1572007615221,2019-10-25T13:46:55.221,14.358,-38.548,-1.692,3.807
1572007615242,2019-10-25T13:46:55.242,14.379,-30.663,-8.681,3.281
1572007615262,2019-10-25T13:46:55.262,14.399,2.386,-4.977,4.386
1572007615283,2019-10-25T13:46:55.283,14.420,23.377,10.854,-1.951
1572007615302,2019-10-25T13:46:55.302,14.439,10.133,13.453,-1.810
1572007615322,2019-10-25T13:46:55.322,14.459,-1.482,3.159,-1.936
1572007615343,2019-10-25T13:46:55.343,14.480,29.489,-2.732,-6.242
1572007615362,2019-10-25T13:46:55.362,14.499,111.723,-2.881,-16.258
1572007615382,2019-10-25T13:46:55.382,14.519,124.874,-27.359,-56.639
1572007615403,2019-10-25T13:46:55.403,14.540,124.017,-45.290,-70.960
1572007615422,2019-10-25T13:46:55.422,14.559,124.413,-64.043,-78.289
1572007615442,2019-10-25T13:46:55.442,14.579,124.874,-15.720,-83.712
1572007615463,2019-10-25T13:46:55.463,14.600,42.580,124.874,-46.288
1572007615482,2019-10-25T13:46:55.482,14.619,24.947,41.578,1.551
1572007615502,2019-10-25T13:46:55.502,14.639,-9.950,-9.482,4.768
1572007615523,2019-10-25T13:46:55.523,14.660,-61.120,-34.821,7.736
1572007615543,2019-10-25T13:46:55.543,14.680,-114.943,-48.941,13.011
1572007615562,2019-10-25T13:46:55.562,14.699,-124.874,11.212,14.242
1572007615583,2019-10-25T13:46:55.583,14.720,-124.405,-21.189,21.402
1572007615603,2019-10-25T13:46:55.603,14.740,-124.546,-3.761,38.407
1572007615622,2019-10-25T13:46:55.622,14.759,-124.874,18.053,42.363
1572007615643,2019-10-25T13:46:55.643,14.780,-124.874,-16.124,27.713
1572007615663,2019-10-25T13:46:55.663,14.800,-124.870,-28.163,13.251
1572007615682,2019-10-25T13:46:55.682,14.819,-117.873,-28.674,9.394
1572007615703,2019-10-25T13:46:55.703,14.840,-89.924,-20.678,6.357
1572007615723,2019-10-25T13:46:55.723,14.860,-76.482,-12.306,6.402
1572007615743,2019-10-25T13:46:55.743,14.880,-81.707,-12.660,15.072
1572007615763,2019-10-25T13:46:55.763,14.900,-84.756,-11.799,23.765
1572007615784,2019-10-25T13:46:55.784,14.921,-77.111,-14.444,18.483
1572007615804,2019-10-25T13:46:55.804,14.941,-55.899,-0.675,7.771
1572007615823,2019-10-25T13:46:55.823,14.960,-42.732,1.101,4.703
1572007615844,2019-10-25T13:46:55.844,14.981,-43.117,2.797,5.362
1572007615864,2019-10-25T13:46:55.864,15.001,-43.563,-3.925,5.320
1572007615883,2019-10-25T13:46:55.883,15.020,-23.895,-6.986,4.402
1572007615904,2019-10-25T13:46:55.904,15.041,-4.863,-1.471,4.345
1572007615924,2019-10-25T13:46:55.924,15.061,-1.963,2.694,1.814
1572007615943,2019-10-25T13:46:55.943,15.080,0.640,1.124,-2.066
1572007615964,2019-10-25T13:46:55.964,15.101,34.817,-1.159,-9.520
1572007615984,2019-10-25T13:46:55.984,15.121,99.009,1.170,-11.006
1572007616003,2019-10-25T13:46:56.003,15.140,124.874,25.667,-22.214
1572007616024,2019-10-25T13:46:56.024,15.161,124.874,28.868,-63.106
1572007616044,2019-10-25T13:46:56.044,15.181,124.207,-8.906,-79.783
1572007616065,2019-10-25T13:46:56.065,15.202,124.874,5.229,-71.277
1572007616084,2019-10-25T13:46:56.084,15.221,69.402,120.983,-39.341
1572007616104,2019-10-25T13:46:56.104,15.241,-25.293,18.731,-11.079
1572007616125,2019-10-25T13:46:56.125,15.262,20.171,-25.766,7.184
1572007616144,2019-10-25T13:46:56.144,15.281,-83.628,-19.771,10.107
1572007616164,2019-10-25T13:46:56.164,15.301,-124.874,-97.889,20.732
1572007616185,2019-10-25T13:46:56.185,15.322,-124.874,-62.489,11.852
1572007616204,2019-10-25T13:46:56.204,15.341,-121.883,19.989,10.297
1572007616224,2019-10-25T13:46:56.224,15.361,-122.984,-7.172,-3.194
1572007616245,2019-10-25T13:46:56.245,15.382,-124.874,0.812,10.869
1572007616264,2019-10-25T13:46:56.264,15.401,-123.990,6.044,16.833
1572007616284,2019-10-25T13:46:56.284,15.421,-120.507,-15.179,13.365
1572007616305,2019-10-25T13:46:56.305,15.442,-115.191,-6.814,10.793
1572007616324,2019-10-25T13:46:56.324,15.461,-106.917,-12.237,6.540
1572007616345,2019-10-25T13:46:56.345,15.482,-89.741,-19.409,1.986
1572007616365,2019-10-25T13:46:56.365,15.502,-73.929,-12.081,2.565
1572007616386,2019-10-25T13:46:56.386,15.523,-69.306,-12.588,4.223
1572007616405,2019-10-25T13:46:56.405,15.542,-61.300,-11.490,0.857
1572007616425,2019-10-25T13:46:56.425,15.562,-54.684,-9.790,1.425
1572007616446,2019-10-25T13:46:56.446,15.583,-61.235,-12.088,3.228
1572007616465,2019-10-25T13:46:56.465,15.602,-58.990,-4.459,3.209
1572007616485,2019-10-25T13:46:56.485,15.622,-51.589,-3.125,1.673
1572007616506,2019-10-25T13:46:56.506,15.643,-47.409,-0.495,2.824
1572007616525,2019-10-25T13:46:56.525,15.662,-37.085,-2.843,1.635
1572007616545,2019-10-25T13:46:56.545,15.682,-7.530,5.347,0.724
1572007616566,2019-10-25T13:46:56.566,15.703,4.665,4.947,1.726
1572007616585,2019-10-25T13:46:56.585,15.722,8.681,-1.620,-1.875
1572007616605,2019-10-25T13:46:56.605,15.742,29.543,-0.217,-5.644
1572007616626,2019-10-25T13:46:56.626,15.763,59.874,0.831,-8.700
1572007616646,2019-10-25T13:46:56.646,15.783,115.755,-1.307,-17.176
1572007616665,2019-10-25T13:46:56.665,15.802,124.874,-14.055,-61.989
1572007616686,2019-10-25T13:46:56.686,15.823,124.280,0.114,-63.521
1572007616706,2019-10-25T13:46:56.706,15.843,124.554,11.707,-44.722
1572007616725,2019-10-25T13:46:56.725,15.862,54.314,98.129,-22.298
1572007616746,2019-10-25T13:46:56.746,15.883,-49.371,6.925,-12.039
1572007616766,2019-10-25T13:46:56.766,15.903,-7.908,-50.907,8.323
1572007616785,2019-10-25T13:46:56.785,15.922,-111.368,-10.229,10.766
1572007616806,2019-10-25T13:46:56.806,15.943,-124.874,-10.358,10.389
1572007616826,2019-10-25T13:46:56.826,15.963,-122.698,-28.773,-1.684
1572007616846,2019-10-25T13:46:56.846,15.983,-123.117,-7.405,-6.673
1572007616866,2019-10-25T13:46:56.866,16.003,-124.874,5.019,17.248
1572007616887,2019-10-25T13:46:56.887,16.024,-117.683,8.975,25.111
1572007616907,2019-10-25T13:46:56.907,16.044,-96.277,-7.062,14.874
1572007616926,2019-10-25T13:46:56.926,16.063,-115.267,-19.291,12.462
1572007616947,2019-10-25T13:46:56.947,16.084,-124.874,-21.441,8.175
1572007616967,2019-10-25T13:46:56.967,16.104,-116.555,-24.261,-1.955
1572007616986,2019-10-25T13:46:56.986,16.123,-83.529,-17.016,-3.354
1572007617007,2019-10-25T13:46:57.007,16.144,-74.017,-10.316,6.079
1572007617027,2019-10-25T13:46:57.027,16.164,-84.489,-10.316,12.313
1572007617046,2019-10-25T13:46:57.046,16.183,-82.519,-5.137,11.242
1572007617067,2019-10-25T13:46:57.067,16.204,-70.404,-10.465,8.236
1572007617087,2019-10-25T13:46:57.087,16.224,-50.434,-12.203,3.788
1572007617106,2019-10-25T13:46:57.106,16.243,-27.382,2.024,1.002
1572007617127,2019-10-25T13:46:57.127,16.264,-31.296,5.877,0.945
1572007617147,2019-10-25T13:46:57.147,16.284,-46.502,-3.464,2.039
1572007617168,2019-10-25T13:46:57.168,16.305,-37.668,-10.316,6.730
1572007617187,2019-10-25T13:46:57.187,16.324,-9.261,-14.558,14.794
1572007617207,2019-10-25T13:46:57.207,16.344,20.671,4.771,1.833
1572007617228,2019-10-25T13:46:57.228,16.365,28.095,9.204,-3.350
1572007617247,2019-10-25T13:46:57.247,16.384,16.223,4.809,-7.370
1572007617267,2019-10-25T13:46:57.267,16.404,17.736,-3.990,-10.941
1572007617288,2019-10-25T13:46:57.288,16.425,73.666,-4.055,-5.922
1572007617307,2019-10-25T13:46:57.307,16.444,124.874,-4.817,-35.541
1572007617327,2019-10-25T13:46:57.327,16.464,124.874,-10.823,-69.939
1572007617348,2019-10-25T13:46:57.348,16.485,123.731,0.252,-70.099
1572007617367,2019-10-25T13:46:57.367,16.504,124.874,11.086,-58.647
1572007617388,2019-10-25T13:46:57.388,16.525,90.926,101.433,-59.085
1572007617408,2019-10-25T13:46:57.408,16.545,-75.667,6.143,-21.517
1572007617429,2019-10-25T13:46:57.429,16.566,5.103,-55.335,7.046
1572007617448,2019-10-25T13:46:57.448,16.585,-73.758,-27.641,15.164
1572007617468,2019-10-25T13:46:57.468,16.605,-122.622,-16.589,18.277
1572007617489,2019-10-25T13:46:57.489,16.626,-124.874,-23.216,9.935
1572007617508,2019-10-25T13:46:57.508,16.645,-107.107,-7.854,3.335
1572007617528,2019-10-25T13:46:57.528,16.665,-124.116,-2.896,7.809
1572007617549,2019-10-25T13:46:57.549,16.686,-124.874,14.032,15.983
1572007617568,2019-10-25T13:46:57.568,16.705,-124.573,-6.791,17.271
1572007617588,2019-10-25T13:46:57.588,16.725,-124.821,-29.398,13.178
1572007617609,2019-10-25T13:46:57.609,16.746,-124.874,-36.067,11.341
1572007617628,2019-10-25T13:46:57.628,16.765,-124.874,-42.835,14.173
1572007617648,2019-10-25T13:46:57.648,16.785,-112.550,-9.611,15.316
1572007617669,2019-10-25T13:46:57.669,16.806,-67.359,-0.595,10.713
1572007617689,2019-10-25T13:46:57.689,16.826,-55.652,-6.288,10.896
1572007617708,2019-10-25T13:46:57.708,16.845,-54.478,-6.673,9.036
1572007617729,2019-10-25T13:46:57.729,16.866,-41.593,-1.559,7.176
1572007617749,2019-10-25T13:46:57.749,16.886,-37.534,-7.988,5.595
1572007617768,2019-10-25T13:46:57.768,16.905,-53.373,-26.654,6.688
1572007617789,2019-10-25T13:46:57.789,16.926,-58.258,-23.392,3.083
1572007617809,2019-10-25T13:46:57.809,16.946,-31.669,-9.855,1.707
1572007617828,2019-10-25T13:46:57.828,16.965,10.065,3.838,-0.808
1572007617849,2019-10-25T13:46:57.849,16.986,42.073,5.030,-3.758
1572007617869,2019-10-25T13:46:57.869,17.006,54.756,1.326,-5.446
1572007617889,2019-10-25T13:46:57.889,17.026,60.522,-2.854,-10.217
1572007617909,2019-10-25T13:46:57.909,17.046,105.034,-7.203,-11.086
1572007617930,2019-10-25T13:46:57.930,17.067,124.874,-1.402,-46.357
1572007617950,2019-10-25T13:46:57.950,17.087,124.874,16.025,-78.807
1572007617969,2019-10-25T13:46:57.969,17.106,124.341,15.495,-62.805
1572007617990,2019-10-25T13:46:57.990,17.127,124.874,35.095,-48.670
1572007618010,2019-10-25T13:46:58.010,17.147,34.615,117.694,-55.648
1572007618029,2019-10-25T13:46:58.029,17.166,-73.819,-50.511,-7.637
1572007618050,2019-10-25T13:46:58.050,17.187,-88.639,-64.207,5.198
1572007618070,2019-10-25T13:46:58.070,17.207,-124.874,-31.322,16.326
1572007618089,2019-10-25T13:46:58.089,17.226,-124.874,-46.879,20.903
1572007618110,2019-10-25T13:46:58.110,17.247,-124.070,-44.596,4.775
1572007618130,2019-10-25T13:46:58.130,17.267,-124.874,-21.837,4.554
1572007618149,2019-10-25T13:46:58.149,17.286,-124.874,-13.075,23.457
1572007618170,2019-10-25T13:46:58.170,17.307,-124.863,-40.572,15.225
1572007618190,2019-10-25T13:46:58.190,17.327,-124.874,-45.305,7.786
1572007618211,2019-10-25T13:46:58.211,17.348,-122.630,-19.977,13.601
1572007618230,2019-10-25T13:46:58.230,17.367,-107.264,-16.521,11.662
1572007618250,2019-10-25T13:46:58.250,17.387,-89.615,-14.032,4.901
1572007618271,2019-10-25T13:46:58.271,17.408,-83.110,-30.621,7.725
1572007618290,2019-10-25T13:46:58.290,17.427,-90.396,-31.524,8.582
1572007618310,2019-10-25T13:46:58.310,17.447,-93.731,-33.853,11.010
1572007618331,2019-10-25T13:46:58.331,17.468,-69.947,-18.750,9.912
1572007618350,2019-10-25T13:46:58.350,17.487,-39.383,-2.679,5.945
1572007618370,2019-10-25T13:46:58.370,17.507,-31.246,-5.907,7.168
1572007618391,2019-10-25T13:46:58.391,17.528,-43.857,-16.822,7.889
1572007618410,2019-10-25T13:46:58.410,17.547,-47.957,-9.527,6.582
1572007618430,2019-10-25T13:46:58.430,17.567,-46.185,-14.284,4.066
1572007618451,2019-10-25T13:46:58.451,17.588,-34.245,-17.130,4.787
1572007618472,2019-10-25T13:46:58.472,17.609,-11.303,-8.251,2.401
1572007618491,2019-10-25T13:46:58.491,17.628,16.277,5.591,2.489
1572007618511,2019-10-25T13:46:58.511,17.648,17.161,5.774,-0.027
1572007618532,2019-10-25T13:46:58.532,17.669,-6.227,-1.540,0.446
1572007618551,2019-10-25T13:46:58.551,17.688,2.161,-2.851,-2.005
1572007618571,2019-10-25T13:46:58.571,17.708,53.426,-1.261,-7.157
1572007618592,2019-10-25T13:46:58.592,17.729,124.333,-10.983,-10.370
1572007618611,2019-10-25T13:46:58.611,17.748,124.874,-4.432,-75.553
1572007618631,2019-10-25T13:46:58.631,17.768,123.720,56.997,-117.931
1572007618652,2019-10-25T13:46:58.652,17.789,124.726,34.249,-77.298
1572007618671,2019-10-25T13:46:58.671,17.808,124.874,15.652,-46.124
1572007618691,2019-10-25T13:46:58.691,17.828,114.707,124.874,-39.082
1572007618712,2019-10-25T13:46:58.712,17.849,28.007,7.973,3.258
1572007618732,2019-10-25T13:46:58.732,17.869,7.146,-44.226,-6.448
1572007618751,2019-10-25T13:46:58.751,17.888,-59.604,-30.149,3.498
1572007618772,2019-10-25T13:46:58.772,17.909,-124.874,-95.244,23.213
1572007618792,2019-10-25T13:46:58.792,17.929,-124.874,-52.142,38.472
1572007618811,2019-10-25T13:46:58.811,17.948,-123.457,20.290,27.980
1572007618832,2019-10-25T13:46:58.832,17.969,-124.874,-14.989,11.223
1572007618852,2019-10-25T13:46:58.852,17.989,-124.874,-12.283,27.184
1572007618871,2019-10-25T13:46:58.871,18.008,-124.851,-11.601,31.791
1572007618892,2019-10-25T13:46:58.892,18.029,-124.874,-35.709,23.895
1572007618912,2019-10-25T13:46:58.912,18.049,-124.657,-37.611,25.865
1572007618931,2019-10-25T13:46:58.931,18.068,-99.139,-25.903,11.448
1572007618952,2019-10-25T13:46:58.952,18.089,-55.918,-10.103,2.054
1572007618972,2019-10-25T13:46:58.972,18.109,-43.232,-8.941,3.571
1572007618992,2019-10-25T13:46:58.992,18.129,-42.984,-15.137,1.966
1572007619012,2019-10-25T13:46:59.012,18.149,-53.357,-19.478,1.951
1572007619033,2019-10-25T13:46:59.033,18.170,-54.977,-11.132,1.616
1572007619053,2019-10-25T13:46:59.053,18.190,-46.780,-4.741,3.720
1572007619072,2019-10-25T13:46:59.072,18.209,-38.708,-8.148,4.028
1572007619093,2019-10-25T13:46:59.093,18.230,-24.097,-3.415,1.665
1572007619113,2019-10-25T13:46:59.113,18.250,-32.283,-7.790,3.239
1572007619132,2019-10-25T13:46:59.132,18.269,-53.163,-12.858,4.939
1572007619153,2019-10-25T13:46:59.153,18.290,-59.116,-13.487,7.881
1572007619173,2019-10-25T13:46:59.173,18.310,-51.402,-20.644,10.709
1572007619192,2019-10-25T13:46:59.192,18.329,-21.242,-14.501,7.046
1572007619213,2019-10-25T13:46:59.213,18.350,30.960,0.537,-5.625
1572007619233,2019-10-25T13:46:59.233,18.370,103.277,20.671,-18.289
1572007619252,2019-10-25T13:46:59.252,18.389,124.874,48.457,-60.553
1572007619273,2019-10-25T13:46:59.273,18.410,124.794,66.543,-124.874
1572007619293,2019-10-25T13:46:59.293,18.430,124.268,53.415,-96.536
1572007619314,2019-10-25T13:46:59.314,18.451,124.874,12.595,-73.518
1572007619333,2019-10-25T13:46:59.333,18.470,68.746,99.855,-28.780
1572007619353,2019-10-25T13:46:59.353,18.490,-25.941,30.015,2.835
1572007619374,2019-10-25T13:46:59.374,18.511,-10.168,-26.856,11.764
1572007619393,2019-10-25T13:46:59.393,18.530,-106.162,-61.315,21.940
1572007619413,2019-10-25T13:46:59.413,18.550,-124.874,-92.199,45.202
1572007619434,2019-10-25T13:46:59.434,18.571,-124.402,-18.632,45.492
1572007619453,2019-10-25T13:46:59.453,18.590,-124.303,-9.989,33.822
1572007619473,2019-10-25T13:46:59.473,18.610,-124.874,-43.510,74.078
1572007619494,2019-10-25T13:46:59.494,18.631,-124.874,-29.127,111.925
1572007619513,2019-10-25T13:46:59.513,18.650,-124.863,-28.689,72.698
1572007619534,2019-10-25T13:46:59.534,18.671,-120.434,-30.949,34.043
1572007619554,2019-10-25T13:46:59.554,18.691,-66.871,-19.851,12.713
1572007619575,2019-10-25T13:46:59.575,18.712,-17.645,-12.439,11.155
1572007619594,2019-10-25T13:46:59.594,18.731,-24.604,-17.092,7.763
1572007619614,2019-10-25T13:46:59.614,18.751,-48.681,-21.867,3.201
1572007619635,2019-10-25T13:46:59.635,18.772,-40.816,-24.588,-1.864
1572007619654,2019-10-25T13:46:59.654,18.791,10.534,1.368,-2.313
1572007619674,2019-10-25T13:46:59.674,18.811,34.120,17.069,2.923
1572007619695,2019-10-25T13:46:59.695,18.832,4.581,0.922,6.319
1572007619714,2019-10-25T13:46:59.714,18.851,-25.514,-5.621,6.570
1572007619734,2019-10-25T13:46:59.734,18.871,-14.581,-9.013,2.363
1572007619755,2019-10-25T13:46:59.755,18.892,23.079,-4.455,0.610
1572007619774,2019-10-25T13:46:59.774,18.911,55.358,8.731,-1.528
1572007619794,2019-10-25T13:46:59.794,18.931,56.120,16.441,-3.380
1572007619815,2019-10-25T13:46:59.815,18.952,35.156,10.133,-7.511
1572007619835,2019-10-25T13:46:59.835,18.972,34.085,1.120,-13.407
1572007619854,2019-10-25T13:46:59.854,18.991,62.839,0.351,-20.438
1572007619875,2019-10-25T13:46:59.875,19.012,115.244,-2.077,-37.973
1572007619895,2019-10-25T13:46:59.895,19.032,124.874,8.540,-96.159
1572007619914,2019-10-25T13:46:59.914,19.051,124.390,61.239,-124.874
1572007619935,2019-10-25T13:46:59.935,19.072,124.554,106.925,-96.684
1572007619955,2019-10-25T13:46:59.955,19.092,124.874,107.668,-64.112
1572007619974,2019-10-25T13:46:59.974,19.111,18.304,41.631,-38.796
1572007619995,2019-10-25T13:46:59.995,19.132,8.182,-53.037,11.780
1572007620015,2019-10-25T13:47:00.015,19.152,-30.248,-6.860,6.124
1572007620034,2019-10-25T13:47:00.034,19.171,-104.512,-56.421,13.384
1572007620055,2019-10-25T13:47:00.055,19.192,-124.874,-70.130,10.431
1572007620076,2019-10-25T13:47:00.076,19.213,-124.562,-0.857,18.396
1572007620096,2019-10-25T13:47:00.096,19.233,-108.441,13.418,-0.473
1572007620115,2019-10-25T13:47:00.115,19.252,-120.716,-17.176,4.154
1572007620136,2019-10-25T13:47:00.136,19.273,-124.874,-8.338,15.091
1572007620156,2019-10-25T13:47:00.156,19.293,-124.729,-13.899,9.024
1572007620175,2019-10-25T13:47:00.175,19.312,-124.745,-22.763,6.132
1572007620196,2019-10-25T13:47:00.196,19.333,-124.581,-31.528,10.846
1572007620216,2019-10-25T13:47:00.216,19.353,-106.143,-32.954,10.114
1572007620235,2019-10-25T13:47:00.235,19.372,-62.268,-12.626,4.268
1572007620256,2019-10-25T13:47:00.256,19.393,-54.973,-7.412,4.303
1572007620276,2019-10-25T13:47:00.276,19.413,-58.529,-2.107,3.045
1572007620295,2019-10-25T13:47:00.295,19.432,-68.861,-6.825,4.234
1572007620316,2019-10-25T13:47:00.316,19.453,-79.249,-14.688,3.270
1572007620336,2019-10-25T13:47:00.336,19.473,-64.989,-10.537,2.066
1572007620357,2019-10-25T13:47:00.357,19.494,-35.084,-9.855,1.936
1572007620376,2019-10-25T13:47:00.376,19.513,-18.716,-4.802,0.545
1572007620396,2019-10-25T13:47:00.396,19.533,-27.508,-6.200,2.519
1572007620417,2019-10-25T13:47:00.417,19.554,-33.967,-6.532,1.959
1572007620436,2019-10-25T13:47:00.436,19.573,-15.968,-8.060,-1.921
1572007620456,2019-10-25T13:47:00.456,19.593,20.423,-3.845,-2.645
1572007620477,2019-10-25T13:47:00.477,19.614,54.729,4.104,-6.913
1572007620496,2019-10-25T13:47:00.496,19.633,85.492,4.665,-7.485
1572007620516,2019-10-25T13:47:00.516,19.653,121.745,0.111,-12.248
1572007620537,2019-10-25T13:47:00.537,19.674,124.874,-8.731,-30.682
1572007620556,2019-10-25T13:47:00.556,19.693,124.402,-11.147,-70.313
1572007620576,2019-10-25T13:47:00.576,19.713,124.733,-16.623,-60.976
1572007620597,2019-10-25T13:47:00.597,19.734,124.874,74.097,-54.558
1572007620618,2019-10-25T13:47:00.618,19.755,28.693,79.958,-35.038
1572007620637,2019-10-25T13:47:00.637,19.774,15.004,-70.789,6.273
1572007620657,2019-10-25T13:47:00.657,19.794,-16.075,9.611,6.216
1572007620678,2019-10-25T13:47:00.678,19.815,-96.250,-54.268,5.785
1572007620697,2019-10-25T13:47:00.697,19.834,-124.874,-89.066,0.427
1572007620717,2019-10-25T13:47:00.717,19.854,-124.764,-44.729,19.417
1572007620738,2019-10-25T13:47:00.738,19.875,-109.413,2.980,-0.530
1572007620757,2019-10-25T13:47:00.757,19.894,-122.470,-6.189,7.092
1572007620777,2019-10-25T13:47:00.777,19.914,-124.874,3.335,19.924
1572007620798,2019-10-25T13:47:00.798,19.935,-124.668,-10.011,12.016
1572007620817,2019-10-25T13:47:00.817,19.954,-124.787,-24.623,8.338
1572007620837,2019-10-25T13:47:00.837,19.974,-124.874,-53.205,16.037
1572007620858,2019-10-25T13:47:00.858,19.995,-116.296,-36.120,13.266
1572007620878,2019-10-25T13:47:00.878,20.015,-64.886,-8.636,1.441
1572007620897,2019-10-25T13:47:00.897,20.034,-29.162,-9.013,3.346
1572007620918,2019-10-25T13:47:00.918,20.055,-52.637,-27.188,12.256
1572007620938,2019-10-25T13:47:00.938,20.075,-74.379,-23.377,7.599
1572007620957,2019-10-25T13:47:00.957,20.094,-54.417,-5.892,2.550
1572007620978,2019-10-25T13:47:00.978,20.115,-29.082,-4.600,0.972
1572007620998,2019-10-25T13:47:00.998,20.135,-21.814,-6.357,0.267
1572007621017,2019-10-25T13:47:01.017,20.154,-34.405,-21.467,4.516
1572007621038,2019-10-25T13:47:01.038,20.175,-36.448,-15.941,5.050
1572007621058,2019-10-25T13:47:01.058,20.195,-36.749,-12.298,-1.860
1572007621077,2019-10-25T13:47:01.077,20.214,-16.738,-11.913,0.671
1572007621098,2019-10-25T13:47:01.098,20.235,30.659,-0.617,0.191
1572007621118,2019-10-25T13:47:01.118,20.255,88.079,10.099,-9.623
1572007621139,2019-10-25T13:47:01.139,20.276,124.874,12.637,-13.948
1572007621158,2019-10-25T13:47:01.158,20.295,124.874,8.243,-50.415
1572007621179,2019-10-25T13:47:01.179,20.316,124.055,-5.000,-81.822
1572007621199,2019-10-25T13:47:01.199,20.336,124.874,-12.881,-60.122
1572007621218,2019-10-25T13:47:01.218,20.355,116.486,105.271,-54.284
1572007621239,2019-10-25T13:47:01.239,20.376,2.630,20.518,-18.537
1572007621259,2019-10-25T13:47:01.259,20.396,24.184,-58.559,6.200
1572007621278,2019-10-25T13:47:01.278,20.415,-6.658,12.058,4.684
1572007621299,2019-10-25T13:47:01.299,20.436,-76.822,-75.476,3.765
1572007621319,2019-10-25T13:47:01.319,20.456,-124.874,-95.587,10.534
1572007621338,2019-10-25T13:47:01.338,20.475,-124.874,-55.145,28.498
1572007621359,2019-10-25T13:47:01.359,20.496,-116.913,13.125,22.618
1572007621379,2019-10-25T13:47:01.379,20.516,-109.036,1.704,-0.393
1572007621400,2019-10-25T13:47:01.400,20.537,-124.874,-8.415,15.373
1572007621419,2019-10-25T13:47:01.419,20.556,-124.874,1.399,13.586
1572007621439,2019-10-25T13:47:01.439,20.576,-124.546,-37.424,9.855
1572007621460,2019-10-25T13:47:01.460,20.597,-124.874,-46.052,25.602
1572007621479,2019-10-25T13:47:01.479,20.616,-118.704,-18.815,32.203
1572007621499,2019-10-25T13:47:01.499,20.636,-67.633,-8.678,9.912
1572007621520,2019-10-25T13:47:01.520,20.657,-38.956,-16.242,7.828
1572007621539,2019-10-25T13:47:01.539,20.676,-53.617,-24.947,9.322
1572007621559,2019-10-25T13:47:01.559,20.696,-61.368,-18.674,2.995
1572007621580,2019-10-25T13:47:01.580,20.717,-43.777,-12.195,0.404
1572007621599,2019-10-25T13:47:01.599,20.736,-26.231,-8.300,2.870
1572007621619,2019-10-25T13:47:01.619,20.756,-30.202,-14.710,4.703
1572007621640,2019-10-25T13:47:01.640,20.777,-35.694,-10.118,2.679
1572007621660,2019-10-25T13:47:01.660,20.797,-41.273,-20.743,5.827
1572007621680,2019-10-25T13:47:01.680,20.817,-33.327,-16.128,2.268
1572007621700,2019-10-25T13:47:01.700,20.837,-24.886,-11.002,1.547
1572007621721,2019-10-25T13:47:01.721,20.858,-28.106,-10.004,-0.884
1572007621740,2019-10-25T13:47:01.740,20.877,-18.655,-0.667,-2.630
1572007621760,2019-10-25T13:47:01.760,20.897,14.425,5.636,-3.815
1572007621781,2019-10-25T13:47:01.781,20.918,58.803,14.097,-9.253
1572007621800,2019-10-25T13:47:01.800,20.937,105.248,27.050,-14.832
1572007621820,2019-10-25T13:47:01.820,20.957,124.874,42.043,-24.649
1572007621841,2019-10-25T13:47:01.841,20.978,124.874,65.149,-67.584
1572007621860,2019-10-25T13:47:01.860,20.997,124.386,89.829,-83.925
1572007621880,2019-10-25T13:47:01.880,21.017,124.874,82.241,-35.644
1572007621901,2019-10-25T13:47:01.901,21.038,75.751,115.629,-59.962
1572007621920,2019-10-25T13:47:01.920,21.057,-37.378,-20.537,-16.025
1572007621940,2019-10-25T13:47:01.940,21.077,-36.719,-48.247,21.479
1572007621961,2019-10-25T13:47:01.961,21.098,-87.172,-40.915,-0.324
1572007621981,2019-10-25T13:47:01.981,21.118,-124.874,-104.482,8.521
1572007622000,2019-10-25T13:47:02.000,21.137,-124.874,-76.784,18.175
1572007622021,2019-10-25T13:47:02.021,21.158,-97.553,-9.901,-3.186
1572007622041,2019-10-25T13:47:02.041,21.178,-118.510,-8.289,4.851
1572007622060,2019-10-25T13:47:02.060,21.197,-124.874,-19.219,20.736
1572007622081,2019-10-25T13:47:02.081,21.218,-124.638,-32.946,20.419
1572007622101,2019-10-25T13:47:02.101,21.238,-124.672,-46.696,15.911
1572007622120,2019-10-25T13:47:02.120,21.257,-124.874,-28.712,8.700
1572007622141,2019-10-25T13:47:02.141,21.278,-117.119,-24.009,10.595
1572007622161,2019-10-25T13:47:02.161,21.298,-94.809,-23.548,10.648
1572007622180,2019-10-25T13:47:02.180,21.317,-83.342,-38.933,12.839
1572007622201,2019-10-25T13:47:02.201,21.338,-77.569,-52.420,12.607
1572007622222,2019-10-25T13:47:02.222,21.359,-62.470,-16.181,5.069
1572007622242,2019-10-25T13:47:02.242,21.379,-54.802,-8.213,6.090
1572007622261,2019-10-25T13:47:02.261,21.398,-49.024,-7.988,5.069
1572007622282,2019-10-25T13:47:02.282,21.419,-36.261,-10.324,5.225
1572007622302,2019-10-25T13:47:02.302,21.439,-18.948,-8.380,5.877
1572007622321,2019-10-25T13:47:02.321,21.458,-20.983,-13.270,8.323
1572007622342,2019-10-25T13:47:02.342,21.479,-40.301,-7.622,2.946
1572007622362,2019-10-25T13:47:02.362,21.499,-62.466,-14.204,4.428
1572007622381,2019-10-25T13:47:02.381,21.518,-45.187,-19.108,13.921
1572007622402,2019-10-25T13:47:02.402,21.539,-1.845,-15.816,5.911
1572007622422,2019-10-25T13:47:02.422,21.559,55.206,9.550,-10.427
1572007622441,2019-10-25T13:47:02.441,21.578,99.436,25.145,-12.603
1572007622462,2019-10-25T13:47:02.462,21.599,124.874,45.652,-16.528
1572007622482,2019-10-25T13:47:02.482,21.619,124.874,78.880,-48.464
1572007622503,2019-10-25T13:47:02.503,21.640,124.394,113.624,-93.815
1572007622522,2019-10-25T13:47:02.522,21.659,124.870,79.665,-58.091
1572007622542,2019-10-25T13:47:02.542,21.679,124.874,48.506,-3.864
1572007622563,2019-10-25T13:47:02.563,21.700,65.777,114.954,-35.621
1572007622582,2019-10-25T13:47:02.582,21.719,-22.588,-47.378,-14.931
1572007622602,2019-10-25T13:47:02.602,21.739,-43.632,-55.697,15.259
1572007622623,2019-10-25T13:47:02.623,21.760,-123.864,-71.547,4.436
1572007622642,2019-10-25T13:47:02.642,21.779,-124.874,-123.018,14.196
1572007622662,2019-10-25T13:47:02.662,21.799,-119.329,-35.777,14.104
1572007622683,2019-10-25T13:47:02.683,21.820,-117.538,12.523,-0.232
1572007622702,2019-10-25T13:47:02.702,21.839,-124.874,-28.430,18.994
1572007622722,2019-10-25T13:47:02.722,21.859,-124.874,-60.198,27.546
1572007622743,2019-10-25T13:47:02.743,21.880,-124.707,-56.837,23.281
1572007622762,2019-10-25T13:47:02.762,21.899,-124.874,-44.417,15.473
1572007622783,2019-10-25T13:47:02.783,21.920,-124.874,-44.653,22.908
1572007622803,2019-10-25T13:47:02.803,21.940,-113.521,-26.768,19.684
1572007622824,2019-10-25T13:47:02.824,21.961,-88.967,-35.922,20.393
1572007622843,2019-10-25T13:47:02.843,21.980,-77.477,-44.535,17.652
1572007622863,2019-10-25T13:47:02.863,22.000,-70.286,-42.607,12.355
1572007622884,2019-10-25T13:47:02.884,22.021,-57.050,-26.353,5.697
1572007622903,2019-10-25T13:47:02.903,22.040,-47.260,-9.432,3.575
1572007622923,2019-10-25T13:47:02.923,22.060,-54.394,-25.785,5.332
1572007622944,2019-10-25T13:47:02.944,22.081,-56.966,-33.384,7.348
1572007622963,2019-10-25T13:47:02.963,22.100,-51.993,-53.986,7.668
1572007622983,2019-10-25T13:47:02.983,22.120,-34.676,-48.533,-2.641
1572007623004,2019-10-25T13:47:03.004,22.141,-6.181,-14.101,-9.760
1572007623023,2019-10-25T13:47:03.023,22.160,24.192,9.771,-10.659
1572007623043,2019-10-25T13:47:03.043,22.180,53.354,20.854,-12.355
1572007623064,2019-10-25T13:47:03.064,22.201,95.827,34.371,-17.790
1572007623084,2019-10-25T13:47:03.084,22.221,124.874,62.412,-28.350
1572007623103,2019-10-25T13:47:03.103,22.240,124.874,111.402,-93.887
1572007623124,2019-10-25T13:47:03.124,22.261,124.207,124.874,-109.600
1572007623144,2019-10-25T13:47:03.144,22.281,124.874,109.642,-30.198
1572007623163,2019-10-25T13:47:03.163,22.300,124.874,100.183,-13.388
1572007623184,2019-10-25T13:47:03.184,22.321,22.534,65.591,-40.655
1572007623204,2019-10-25T13:47:03.204,22.341,4.192,-57.862,6.509
1572007623223,2019-10-25T13:47:03.223,22.360,-32.409,-0.960,-0.602
1572007623244,2019-10-25T13:47:03.244,22.381,-109.889,-85.766,2.851
1572007623264,2019-10-25T13:47:03.264,22.401,-124.874,-124.874,23.506
1572007623284,2019-10-25T13:47:03.284,22.421,-124.188,-114.653,37.252
1572007623304,2019-10-25T13:47:03.304,22.441,-122.896,-5.629,11.277
1572007623325,2019-10-25T13:47:03.325,22.462,-124.874,1.208,21.155
1572007623345,2019-10-25T13:47:03.345,22.482,-124.874,-24.261,32.325
1572007623364,2019-10-25T13:47:03.364,22.501,-124.836,-27.386,21.608
1572007623385,2019-10-25T13:47:03.385,22.522,-124.874,-45.701,23.041
1572007623405,2019-10-25T13:47:03.405,22.542,-123.441,-28.754,39.169
1572007623424,2019-10-25T13:47:03.424,22.561,-84.428,-10.865,21.913
1572007623445,2019-10-25T13:47:03.445,22.582,-38.136,-13.098,13.418
1572007623465,2019-10-25T13:47:03.465,22.602,-54.893,-22.351,16.387
1572007623484,2019-10-25T13:47:03.484,22.621,-86.848,-14.699,9.059
1572007623505,2019-10-25T13:47:03.505,22.642,-87.309,-14.916,4.924
1572007623525,2019-10-25T13:47:03.525,22.662,-59.063,-18.918,2.652
1572007623544,2019-10-25T13:47:03.544,22.681,-28.857,-7.668,5.149
1572007623565,2019-10-25T13:47:03.565,22.702,-16.799,4.901,8.296
1572007623585,2019-10-25T13:47:03.585,22.722,-19.848,-1.612,6.860
1572007623604,2019-10-25T13:47:03.604,22.741,-22.111,-8.258,1.692
1572007623625,2019-10-25T13:47:03.625,22.762,-22.203,-13.868,-2.881
1572007623645,2019-10-25T13:47:03.645,22.782,-9.028,-4.646,-5.255
1572007623666,2019-10-25T13:47:03.666,22.803,22.287,8.049,-4.905
1572007623685,2019-10-25T13:47:03.685,22.822,64.432,12.641,-8.716
1572007623705,2019-10-25T13:47:03.705,22.842,116.303,20.655,-15.316
1572007623726,2019-10-25T13:47:03.726,22.863,124.874,28.201,-35.213
1572007623745,2019-10-25T13:47:03.745,22.882,124.390,26.947,-98.296
1572007623765,2019-10-25T13:47:03.765,22.902,124.581,6.383,-118.304
1572007623786,2019-10-25T13:47:03.786,22.923,124.874,57.203,-76.814
1572007623805,2019-10-25T13:47:03.805,22.942,28.464,117.744,-42.679
1572007623826,2019-10-25T13:47:03.826,22.963,7.725,-56.913,0.827
1572007623846,2019-10-25T13:47:03.846,22.983,-0.568,-12.386,3.449
1572007623865,2019-10-25T13:47:03.865,23.002,-57.424,-41.715,1.284
1572007623886,2019-10-25T13:47:03.886,23.023,-75.842,-81.208,7.146
1572007623906,2019-10-25T13:47:03.906,23.043,-61.239,-35.671,10.164
1572007623927,2019-10-25T13:47:03.927,23.064,-58.106,10.381,8.716
1572007623946,2019-10-25T13:47:03.946,23.083,-52.176,8.182,11.139
1572007623966,2019-10-25T13:47:03.966,23.103,-39.413,-0.983,11.524
1572007623987,2019-10-25T13:47:03.987,23.124,-18.018,-10.229,5.335
1572007624006,2019-10-25T13:47:04.006,23.143,-3.209,0.880,2.085
1572007624026,2019-10-25T13:47:04.026,23.163,5.484,7.077,0.964
1572007624047,2019-10-25T13:47:04.047,23.184,-1.162,-0.313,0.751
1572007624066,2019-10-25T13:47:04.066,23.203,-27.149,-1.296,0.998
1572007624086,2019-10-25T13:47:04.086,23.223,-35.004,4.188,-0.263
1572007624107,2019-10-25T13:47:04.107,23.244,-37.443,4.950,4.082
1572007624126,2019-10-25T13:47:04.126,23.263,-22.100,-5.236,6.349
1572007624146,2019-10-25T13:47:04.146,23.283,-9.177,-4.848,0.800
1572007624167,2019-10-25T13:47:04.167,23.304,-14.219,-4.627,-1.593
1572007624187,2019-10-25T13:47:04.187,23.324,-17.481,-0.892,2.706
1572007624206,2019-10-25T13:47:04.206,23.343,-5.896,1.612,2.313
1572007624227,2019-10-25T13:47:04.227,23.364,6.650,-3.777,-2.519
1572007624247,2019-10-25T13:47:04.247,23.384,13.567,-3.994,-3.129
1572007624266,2019-10-25T13:47:04.266,23.403,14.790,-2.146,1.383
1572007624287,2019-10-25T13:47:04.287,23.424,1.479,-4.543,9.463
1572007624307,2019-10-25T13:47:04.307,23.444,-10.412,-4.478,2.340
1572007624326,2019-10-25T13:47:04.326,23.463,-14.722,-2.603,-4.642
1572007624347,2019-10-25T13:47:04.347,23.484,-8.152,-1.925,-6.250
1572007624368,2019-10-25T13:47:04.368,23.505,-1.082,-2.858,0.537
1572007624387,2019-10-25T13:47:04.387,23.524,-4.444,-2.382,5.976
1572007624407,2019-10-25T13:47:04.407,23.544,-10.804,-1.071,0.983
1572007624428,2019-10-25T13:47:04.428,23.565,-11.963,-0.518,-1.959
1572007624447,2019-10-25T13:47:04.447,23.584,-11.909,-2.386,1.227
1572007624467,2019-10-25T13:47:04.467,23.604,-12.058,-1.917,1.795
1572007624488,2019-10-25T13:47:04.488,23.625,-8.228,-2.473,-0.042
1572007624508,2019-10-25T13:47:04.508,23.645,-1.932,-2.382,-1.170
1572007624527,2019-10-25T13:47:04.527,23.664,1.909,-3.216,-0.385
1572007624548,2019-10-25T13:47:04.548,23.685,6.166,-1.033,0.198
1572007624568,2019-10-25T13:47:04.568,23.705,6.871,-1.265,-0.880
1572007624587,2019-10-25T13:47:04.587,23.724,0.777,-3.068,-3.594
1572007624608,2019-10-25T13:47:04.608,23.745,-5.221,-1.669,-3.369
1572007624628,2019-10-25T13:47:04.628,23.765,-5.008,-0.915,-2.046
1572007624647,2019-10-25T13:47:04.647,23.784,-1.704,0.008,0.114
1572007624668,2019-10-25T13:47:04.668,23.805,0.530,0.766,0.118
1572007624688,2019-10-25T13:47:04.688,23.825,-0.389,-2.237,-0.152
1572007624707,2019-10-25T13:47:04.707,23.844,-6.589,-3.506,0.278
1572007624728,2019-10-25T13:47:04.728,23.865,-12.900,0.819,-2.332
1572007624748,2019-10-25T13:47:04.748,23.885,-9.527,-0.187,-1.730
1572007624769,2019-10-25T13:47:04.769,23.906,-0.065,-5.229,-0.164
1572007624788,2019-10-25T13:47:04.788,23.925,5.122,-5.396,-0.930
1572007624808,2019-10-25T13:47:04.808,23.945,2.721,-3.498,-2.218
1572007624829,2019-10-25T13:47:04.829,23.966,-3.258,-0.949,-1.803
1572007624848,2019-10-25T13:47:04.848,23.985,-8.834,-0.492,2.599
1572007624868,2019-10-25T13:47:04.868,24.005,-4.958,0.507,2.538
1572007624889,2019-10-25T13:47:04.889,24.026,3.277,-2.012,-1.364
1572007624908,2019-10-25T13:47:04.908,24.045,1.742,-5.636,-1.524
1572007624929,2019-10-25T13:47:04.929,24.066,-9.615,-3.598,1.974
1572007624949,2019-10-25T13:47:04.949,24.086,-14.455,-0.297,1.997
1572007624968,2019-10-25T13:47:04.968,24.105,-5.156,-0.835,-0.278
1572007624989,2019-10-25T13:47:04.989,24.126,7.580,-1.509,-0.899
1572007625009,2019-10-25T13:47:05.009,24.146,8.037,0.404,1.265
1572007625030,2019-10-25T13:47:05.030,24.167,-4.021,0.225,1.780
1572007625049,2019-10-25T13:47:05.049,24.186,-10.065,3.620,-2.161
1572007625069,2019-10-25T13:47:05.069,24.206,-3.335,0.446,-4.855
1572007625090,2019-10-25T13:47:05.090,24.227,5.682,0.232,-1.860
1572007625109,2019-10-25T13:47:05.109,24.246,5.617,-0.057,2.580
1572007625129,2019-10-25T13:47:05.129,24.266,-1.639,-1.273,1.448
1572007625150,2019-10-25T13:47:05.150,24.287,-4.558,-0.903,-2.584
1572007625169,2019-10-25T13:47:05.169,24.306,-1.029,0.861,-3.323
1572007625189,2019-10-25T13:47:05.189,24.326,3.213,0.960,-0.461
1572007625210,2019-10-25T13:47:05.210,24.347,3.556,-0.091,2.096
1572007625229,2019-10-25T13:47:05.229,24.366,2.553,-0.244,1.905
1572007625249,2019-10-25T13:47:05.249,24.386,3.445,0.404,-0.930
1572007625270,2019-10-25T13:47:05.270,24.407,1.997,-2.222,-3.838
1572007625289,2019-10-25T13:47:05.289,24.426,-3.605,-0.819,-3.563
1572007625309,2019-10-25T13:47:05.309,24.446,-6.860,1.136,0.842
1572007625330,2019-10-25T13:47:05.330,24.467,-2.557,2.062,3.338
1572007625350,2019-10-25T13:47:05.350,24.487,3.647,1.502,0.762
1572007625369,2019-10-25T13:47:05.369,24.506,6.071,-1.593,-0.518
1572007625390,2019-10-25T13:47:05.390,24.527,2.138,-4.764,-0.537
1572007625410,2019-10-25T13:47:05.410,24.547,-5.667,-4.303,-1.296
1572007625430,2019-10-25T13:47:05.430,24.567,-10.358,-0.393,-1.010
1572007625450,2019-10-25T13:47:05.450,24.587,-5.793,-0.042,1.425
1572007625471,2019-10-25T13:47:05.471,24.608,2.260,-1.444,1.791
1572007625490,2019-10-25T13:47:05.490,24.627,0.960,-3.979,0.103
1572007625510,2019-10-25T13:47:05.510,24.647,-3.731,-3.765,-0.514
1572007625531,2019-10-25T13:47:05.531,24.668,-1.707,-1.925,-0.861
1572007625550,2019-10-25T13:47:05.550,24.687,-0.244,-1.772,-1.814
1572007625570,2019-10-25T13:47:05.570,24.707,-3.117,-0.366,0.301
1572007625591,2019-10-25T13:47:05.591,24.728,-3.937,-1.227,3.095
1572007625611,2019-10-25T13:47:05.611,24.748,-0.549,-1.521,1.082
1572007625630,2019-10-25T13:47:05.630,24.767,-1.170,-1.033,-0.652
1572007625651,2019-10-25T13:47:05.651,24.788,-3.186,-0.640,-2.344
1572007625671,2019-10-25T13:47:05.671,24.808,-0.286,-0.027,-1.612
1572007625690,2019-10-25T13:47:05.690,24.827,3.487,-1.745,1.037
1572007625711,2019-10-25T13:47:05.711,24.848,2.717,-1.448,-0.072
1572007625731,2019-10-25T13:47:05.731,24.868,-1.715,-1.273,-3.678
1572007625750,2019-10-25T13:47:05.750,24.887,-2.374,0.015,-1.944
1572007625771,2019-10-25T13:47:05.771,24.908,1.079,-0.941,1.749
1572007625791,2019-10-25T13:47:05.791,24.928,3.075,1.380,0.484
1572007625810,2019-10-25T13:47:05.810,24.947,2.481,0.011,-2.157
1572007625831,2019-10-25T13:47:05.831,24.968,-0.213,1.010,-1.997
1572007625851,2019-10-25T13:47:05.851,24.988,-0.579,1.467,0.945
1572007625870,2019-10-25T13:47:05.870,25.007,-0.907,0.587,1.841
1572007625891,2019-10-25T13:47:05.891,25.028,-4.371,0.404,-0.328
1572007625911,2019-10-25T13:47:05.911,25.048,-4.958,0.918,-0.278
1572007625932,2019-10-25T13:47:05.932,25.069,-5.149,-0.465,0.305
1572007625951,2019-10-25T13:47:05.951,25.088,-7.115,1.616,0.259
1572007625972,2019-10-25T13:47:05.972,25.109,-5.541,0.663,1.635
1572007625992,2019-10-25T13:47:05.992,25.129,-1.402,0.968,1.768
1572007626011,2019-10-25T13:47:06.011,25.148,-1.235,1.376,0.061
1572007626032,2019-10-25T13:47:06.032,25.169,-0.922,0.396,-1.745
1572007626052,2019-10-25T13:47:06.052,25.189,1.402,-1.166,-0.960
1572007626071,2019-10-25T13:47:06.071,25.208,-0.111,-0.476,0.583
1572007626092,2019-10-25T13:47:06.092,25.229,-3.990,0.572,0.534
1572007626112,2019-10-25T13:47:06.112,25.249,-4.112,2.031,-0.819
1572007626131,2019-10-25T13:47:06.131,25.268,-1.490,-0.941,-1.162
1572007626152,2019-10-25T13:47:06.152,25.289,0.838,-1.387,-0.549
1572007626172,2019-10-25T13:47:06.172,25.309,0.324,-0.888,0.591
1572007626193,2019-10-25T13:47:06.193,25.330,-0.267,-0.111,-0.072
1572007626212,2019-10-25T13:47:06.212,25.349,1.684,-1.208,-2.142
1572007626232,2019-10-25T13:47:06.232,25.369,1.166,-0.644,-3.346
1572007626253,2019-10-25T13:47:06.253,25.390,-2.637,0.484,-0.675
1572007626272,2019-10-25T13:47:06.272,25.409,-3.876,1.818,3.624
1572007626292,2019-10-25T13:47:06.292,25.429,-4.184,1.265,2.317
1572007626313,2019-10-25T13:47:06.313,25.450,-4.882,0.915,-1.623
1572007626332,2019-10-25T13:47:06.332,25.469,-2.279,-1.482,-0.850
1572007626352,2019-10-25T13:47:06.352,25.489,0.419,-0.030,1.094
1572007626373,2019-10-25T13:47:06.373,25.510,-1.029,2.782,1.448
1572007626392,2019-10-25T13:47:06.392,25.529,-3.361,1.170,0.918
1572007626412,2019-10-25T13:47:06.412,25.549,-3.323,-0.366,-1.372
1572007626433,2019-10-25T13:47:06.433,25.570,-1.620,0.976,-0.274
1572007626452,2019-10-25T13:47:06.452,25.589,3.514,-0.777,1.353
1572007626472,2019-10-25T13:47:06.472,25.609,4.036,-1.460,-1.764
1572007626493,2019-10-25T13:47:06.493,25.630,0.232,-1.425,-3.975
1572007626514,2019-10-25T13:47:06.514,25.651,-1.932,-0.191,-1.395
1572007626533,2019-10-25T13:47:06.533,25.670,2.008,0.191,0.918
1572007626553,2019-10-25T13:47:06.553,25.690,5.248,-0.282,0.732
1572007626574,2019-10-25T13:47:06.574,25.711,1.825,0.332,-0.511
1572007626593,2019-10-25T13:47:06.593,25.730,-4.466,-0.042,-0.671
1572007626613,2019-10-25T13:47:06.613,25.750,-5.412,0.976,-0.179
1572007626634,2019-10-25T13:47:06.634,25.771,-1.261,1.330,0.034
1572007626653,2019-10-25T13:47:06.653,25.790,1.208,0.934,0.511
1572007626673,2019-10-25T13:47:06.673,25.810,-0.995,0.899,1.875
1572007626694,2019-10-25T13:47:06.694,25.831,-4.002,2.268,1.421
1572007626713,2019-10-25T13:47:06.713,25.850,-2.203,1.894,0.819
1572007626733,2019-10-25T13:47:06.733,25.870,0.095,0.042,0.202
1572007626754,2019-10-25T13:47:06.754,25.891,0.282,-2.298,-1.757
1572007626774,2019-10-25T13:47:06.774,25.911,2.077,-0.080,-2.454
1572007626793,2019-10-25T13:47:06.793,25.930,4.497,1.349,0.385
1572007626814,2019-10-25T13:47:06.814,25.951,1.338,1.482,2.992
1572007626834,2019-10-25T13:47:06.834,25.971,-2.988,1.311,1.048
1572007626853,2019-10-25T13:47:06.853,25.990,-1.018,-0.507,-3.316
1572007626874,2019-10-25T13:47:06.874,26.011,3.845,-1.037,-5.046
1572007626894,2019-10-25T13:47:06.894,26.031,5.217,-0.095,-1.322
1572007626913,2019-10-25T13:47:06.913,26.050,2.934,0.309,1.833
1572007626934,2019-10-25T13:47:06.934,26.071,-0.164,0.187,-1.441
1572007626954,2019-10-25T13:47:06.954,26.091,-1.944,-0.591,-4.505
1572007626973,2019-10-25T13:47:06.973,26.110,-1.799,-0.164,-1.875
1572007626994,2019-10-25T13:47:06.994,26.131,1.433,-0.114,2.188
1572007627014,2019-10-25T13:47:07.014,26.151,2.965,-1.810,0.511
1572007627034,2019-10-25T13:47:07.034,26.171,-0.770,-0.968,-2.832
1572007627054,2019-10-25T13:47:07.054,26.191,-4.329,-0.880,-1.623
1572007627075,2019-10-25T13:47:07.075,26.212,-3.129,0.770,1.700
1572007627095,2019-10-25T13:47:07.095,26.232,0.854,0.614,2.218
1572007627114,2019-10-25T13:47:07.114,26.251,3.133,-0.137,-0.194
1572007627135,2019-10-25T13:47:07.135,26.272,3.594,-1.875,-2.024
1572007627155,2019-10-25T13:47:07.155,26.292,1.189,-2.127,-2.435
1572007627174,2019-10-25T13:47:07.174,26.311,-3.136,-0.057,-0.800
1572007627195,2019-10-25T13:47:07.195,26.332,-3.586,1.117,1.993
1572007627215,2019-10-25T13:47:07.215,26.352,0.495,-0.313,1.730
1572007627234,2019-10-25T13:47:07.234,26.371,4.398,-1.307,-0.949
1572007627255,2019-10-25T13:47:07.255,26.392,3.407,-1.185,-1.033
1572007627275,2019-10-25T13:47:07.275,26.412,2.504,2.702,1.372
1572007627294,2019-10-25T13:47:07.294,26.431,3.960,0.221,1.120
1572007627315,2019-10-25T13:47:07.315,26.452,5.774,-2.222,-3.895
1572007627335,2019-10-25T13:47:07.335,26.472,3.872,-2.873,-6.513
1572007627356,2019-10-25T13:47:07.356,26.493,1.673,0.412,-1.662
1572007627375,2019-10-25T13:47:07.375,26.512,1.913,0.152,3.479
1572007627395,2019-10-25T13:47:07.395,26.532,0.522,1.749,0.880
1572007627416,2019-10-25T13:47:07.416,26.553,-2.645,0.892,-2.329
1572007627435,2019-10-25T13:47:07.435,26.572,-2.066,-0.629,-0.995
1572007627455,2019-10-25T13:47:07.455,26.592,1.696,0.408,-0.187
1572007627476,2019-10-25T13:47:07.476,26.613,1.917,1.841,1.120
1572007627495,2019-10-25T13:47:07.495,26.632,-1.151,0.469,1.086
1572007627515,2019-10-25T13:47:07.515,26.652,-4.402,1.258,-0.892
1572007627536,2019-10-25T13:47:07.536,26.673,-3.140,1.288,-0.503
1572007627555,2019-10-25T13:47:07.555,26.692,-3.007,1.528,2.649
1572007627576,2019-10-25T13:47:07.576,26.713,-0.850,1.250,2.687
1572007627596,2019-10-25T13:47:07.596,26.733,4.146,0.835,-0.480
1572007627617,2019-10-25T13:47:07.617,26.754,3.521,-1.170,-2.107
1572007627636,2019-10-25T13:47:07.636,26.773,-3.487,0.050,0.880
1572007627656,2019-10-25T13:47:07.656,26.793,-7.092,-0.290,1.441
1572007627677,2019-10-25T13:47:07.677,26.814,-0.899,1.120,-2.614
1572007627696,2019-10-25T13:47:07.696,26.833,8.095,-0.899,-2.096
1572007627716,2019-10-25T13:47:07.716,26.853,6.467,0.583,1.966
1572007627737,2019-10-25T13:47:07.737,26.874,-1.825,3.758,2.652
1572007627756,2019-10-25T13:47:07.756,26.893,-2.561,3.369,1.913
1572007627776,2019-10-25T13:47:07.776,26.913,1.155,0.926,0.011
1572007627797,2019-10-25T13:47:07.797,26.934,0.575,0.019,-2.252
1572007627816,2019-10-25T13:47:07.816,26.953,-0.301,-0.530,-3.525
1572007627836,2019-10-25T13:47:07.836,26.973,0.606,1.029,-0.358
1572007627857,2019-10-25T13:47:07.857,26.994,0.492,1.353,3.487
1572007627877,2019-10-25T13:47:07.877,27.014,-1.589,0.846,1.136
1572007627896,2019-10-25T13:47:07.896,27.033,-2.264,-1.063,-3.933
1572007627917,2019-10-25T13:47:07.917,27.054,-1.441,-0.701,-4.604
1572007627937,2019-10-25T13:47:07.937,27.074,-0.145,1.463,0.762
1572007627956,2019-10-25T13:47:07.956,27.093,-0.564,1.989,4.055
1572007627977,2019-10-25T13:47:07.977,27.114,-1.696,-0.457,1.635
1572007627997,2019-10-25T13:47:07.997,27.134,-1.208,-2.302,-2.481
1572007628016,2019-10-25T13:47:08.016,27.153,0.911,-0.454,-3.716
1572007628037,2019-10-25T13:47:08.037,27.174,4.486,0.640,0.061
1572007628057,2019-10-25T13:47:08.057,27.194,4.489,0.008,3.316
1572007628076,2019-10-25T13:47:08.076,27.213,-1.959,-2.393,0.156
1572007628097,2019-10-25T13:47:08.097,27.234,-6.791,-3.129,-3.407
1572007628118,2019-10-25T13:47:08.118,27.255,-1.616,0.415,-2.675
1572007628137,2019-10-25T13:47:08.137,27.274,3.674,0.743,2.248
1572007628157,2019-10-25T13:47:08.157,27.294,2.668,1.353,3.247
1572007628178,2019-10-25T13:47:08.178,27.315,-2.024,-0.751,-0.534
1572007628198,2019-10-25T13:47:08.198,27.335,-5.873,-0.507,-2.671
1572007628217,2019-10-25T13:47:08.217,27.354,-4.752,0.313,-1.921
1572007628238,2019-10-25T13:47:08.238,27.375,-0.918,1.482,-0.191
1572007628258,2019-10-25T13:47:08.258,27.395,0.663,0.793,1.052
1572007628277,2019-10-25T13:47:08.277,27.414,-1.235,-0.198,0.248
1572007628298,2019-10-25T13:47:08.298,27.435,-2.927,0.690,-2.809
1572007628318,2019-10-25T13:47:08.318,27.455,-1.288,1.513,-2.100
1572007628337,2019-10-25T13:47:08.337,27.474,0.404,-0.419,0.953
1572007628358,2019-10-25T13:47:08.358,27.495,1.204,-2.062,-0.339
1572007628378,2019-10-25T13:47:08.378,27.515,1.418,-0.976,-3.495
1572007628397,2019-10-25T13:47:08.397,27.534,-0.229,-0.370,-1.151
1572007628418,2019-10-25T13:47:08.418,27.555,-4.318,0.160,2.287
1572007628438,2019-10-25T13:47:08.438,27.575,-5.061,0.385,0.983
1572007628459,2019-10-25T13:47:08.459,27.596,-0.796,-1.292,-0.724
1572007628478,2019-10-25T13:47:08.478,27.615,3.091,-2.092,-0.499
1572007628498,2019-10-25T13:47:08.498,27.635,4.120,-2.142,0.976
1572007628519,2019-10-25T13:47:08.519,27.656,2.550,1.098,0.393
1572007628538,2019-10-25T13:47:08.538,27.675,-2.957,0.922,0.816
1572007628558,2019-10-25T13:47:08.558,27.695,-7.275,-0.069,-0.038
1572007628579,2019-10-25T13:47:08.579,27.716,-4.821,-1.300,-2.039
1572007628598,2019-10-25T13:47:08.598,27.735,1.780,0.351,-2.336
1572007628618,2019-10-25T13:47:08.618,27.755,7.066,0.057,0.514
1572007628639,2019-10-25T13:47:08.639,27.776,4.695,-3.377,2.988
1572007628658,2019-10-25T13:47:08.658,27.795,-4.657,-3.571,1.810
1572007628679,2019-10-25T13:47:08.679,27.816,-5.252,0.373,-4.928
1572007628699,2019-10-25T13:47:08.699,27.836,-2.073,0.347,-1.200
1572007628720,2019-10-25T13:47:08.720,27.857,3.262,0.278,3.632
1572007628739,2019-10-25T13:47:08.739,27.876,6.845,-0.175,1.143
1572007628759,2019-10-25T13:47:08.759,27.896,4.112,-1.810,-3.617
1572007628780,2019-10-25T13:47:08.780,27.917,1.334,-2.721,-3.685
1572007628799,2019-10-25T13:47:08.799,27.936,0.046,-0.149,-1.124
1572007628819,2019-10-25T13:47:08.819,27.956,-3.323,2.321,1.803
1572007628840,2019-10-25T13:47:08.840,27.977,-4.455,0.152,2.744
1572007628859,2019-10-25T13:47:08.859,27.996,-2.138,-1.361,-1.330
1572007628879,2019-10-25T13:47:08.879,28.016,-0.534,-1.155,-3.571
1572007628900,2019-10-25T13:47:08.900,28.037,-1.947,2.020,0.892
1572007628919,2019-10-25T13:47:08.919,28.056,-0.736,0.473,3.479
1572007628939,2019-10-25T13:47:08.939,28.076,0.507,-1.681,-1.639
1572007628960,2019-10-25T13:47:08.960,28.097,-1.848,-1.559,-4.505
1572007628979,2019-10-25T13:47:08.979,28.116,-3.068,-0.206,-0.126
1572007628999,2019-10-25T13:47:08.999,28.136,1.963,1.582,3.102
1572007629020,2019-10-25T13:47:09.020,28.157,3.944,-0.393,1.921
1572007629040,2019-10-25T13:47:09.040,28.177,-4.619,-1.566,-2.043
1572007629059,2019-10-25T13:47:09.059,28.196,-10.015,-0.080,-3.114
1572007629080,2019-10-25T13:47:09.080,28.217,-4.303,0.415,0.522
1572007629100,2019-10-25T13:47:09.100,28.237,3.388,1.482,2.374
1572007629119,2019-10-25T13:47:09.119,28.256,5.248,-0.739,1.162
1572007629140,2019-10-25T13:47:09.140,28.277,2.081,-2.664,-2.344
1572007629160,2019-10-25T13:47:09.160,28.297,-1.753,-0.686,-2.904
1572007629180,2019-10-25T13:47:09.180,28.317,-0.438,0.964,0.267
1572007629200,2019-10-25T13:47:09.200,28.337,4.364,-1.482,0.915
1572007629221,2019-10-25T13:47:09.221,28.358,3.277,-2.740,-1.841
1572007629240,2019-10-25T13:47:09.240,28.377,-1.780,-1.300,-2.824
1572007629260,2019-10-25T13:47:09.260,28.397,-1.490,0.728,-0.640
1572007629281,2019-10-25T13:47:09.281,28.418,3.072,0.324,-0.278
1572007629301,2019-10-25T13:47:09.301,28.438,3.335,0.503,-1.216
1572007629320,2019-10-25T13:47:09.320,28.457,-0.434,0.118,-0.145
1572007629341,2019-10-25T13:47:09.341,28.478,-1.551,-0.705,0.926
1572007629361,2019-10-25T13:47:09.361,28.498,-1.006,-0.484,-1.101
1572007629380,2019-10-25T13:47:09.380,28.517,-1.623,0.694,-1.784
1572007629401,2019-10-25T13:47:09.401,28.538,-1.139,-0.050,0.412
1572007629421,2019-10-25T13:47:09.421,28.558,-0.149,-0.541,1.143
1572007629440,2019-10-25T13:47:09.440,28.577,-1.113,-0.335,-0.633
1572007629461,2019-10-25T13:47:09.461,28.598,-2.550,0.030,-1.383
1572007629481,2019-10-25T13:47:09.481,28.618,-0.751,0.396,0.232
1572007629500,2019-10-25T13:47:09.500,28.637,2.382,-0.381,1.037
1572007629521,2019-10-25T13:47:09.521,28.658,1.707,-0.088,0.305
1572007629541,2019-10-25T13:47:09.541,28.678,-1.917,0.286,-0.358
1572007629562,2019-10-25T13:47:09.562,28.699,-3.590,0.293,-2.248
1572007629581,2019-10-25T13:47:09.581,28.718,-1.079,0.789,-2.744
1572007629601,2019-10-25T13:47:09.601,28.738,3.098,1.784,1.181
1572007629622,2019-10-25T13:47:09.622,28.759,4.139,0.949,2.908
1572007629641,2019-10-25T13:47:09.641,28.778,-0.137,-1.181,-0.008
1572007629661,2019-10-25T13:47:09.661,28.798,-4.078,0.152,-3.258
1572007629682,2019-10-25T13:47:09.682,28.819,-1.570,0.854,-1.963
1572007629701,2019-10-25T13:47:09.701,28.838,3.380,1.383,0.255
1572007629722,2019-10-25T13:47:09.722,28.859,3.716,0.149,0.652
1572007629742,2019-10-25T13:47:09.742,28.879,-0.126,-0.183,-0.804
1572007629761,2019-10-25T13:47:09.761,28.898,-2.153,-0.149,-1.269
1572007629782,2019-10-25T13:47:09.782,28.919,0.187,-2.877,-1.361
1572007629802,2019-10-25T13:47:09.802,28.939,2.317,0.328,-1.456
1572007629823,2019-10-25T13:47:09.823,28.960,1.056,0.492,1.456
1572007629842,2019-10-25T13:47:09.842,28.979,-1.825,0.000,2.462
1572007629862,2019-10-25T13:47:09.862,28.999,-2.180,-1.250,-2.591
1572007629883,2019-10-25T13:47:09.883,29.020,-0.918,-0.755,-4.634
1572007629902,2019-10-25T13:47:09.902,29.039,0.476,2.016,0.987
1572007629922,2019-10-25T13:47:09.922,29.059,0.827,1.890,5.743
1572007629943,2019-10-25T13:47:09.943,29.080,1.616,1.128,1.250
1572007629962,2019-10-25T13:47:09.962,29.099,-1.254,-1.833,-5.530
1572007629982,2019-10-25T13:47:09.982,29.119,-3.064,0.854,-4.630
1572007630003,2019-10-25T13:47:10.003,29.140,0.232,1.090,1.841
1572007630022,2019-10-25T13:47:10.022,29.159,2.988,0.766,2.687
1572007630042,2019-10-25T13:47:10.042,29.179,-0.450,-0.492,-0.461
1572007630063,2019-10-25T13:47:10.063,29.200,-4.684,0.057,-2.637
1572007630082,2019-10-25T13:47:10.082,29.219,-3.392,1.909,-0.244
1572007630102,2019-10-25T13:47:10.102,29.239,0.838,0.850,3.426
1572007630123,2019-10-25T13:47:10.123,29.260,3.620,-0.675,1.212
1572007630143,2019-10-25T13:47:10.143,29.280,4.089,-0.354,-2.961
1572007630162,2019-10-25T13:47:10.162,29.299,0.156,-1.277,-1.364
1572007630183,2019-10-25T13:47:10.183,29.320,-4.390,1.174,0.812
1572007630203,2019-10-25T13:47:10.203,29.340,-5.053,2.332,0.800
1572007630222,2019-10-25T13:47:10.222,29.359,-3.110,2.283,0.343
1572007630243,2019-10-25T13:47:10.243,29.380,-0.918,-0.320,-0.716
1572007630264,2019-10-25T13:47:10.264,29.401,-0.507,-0.095,-0.877
1572007630283,2019-10-25T13:47:10.283,29.420,-3.102,1.101,0.526
1572007630303,2019-10-25T13:47:10.303,29.440,-2.515,1.376,0.278
1572007630324,2019-10-25T13:47:10.324,29.461,-0.248,-1.471,-1.273
1572007630343,2019-10-25T13:47:10.343,29.480,1.761,-1.361,-2.649
1572007630363,2019-10-25T13:47:10.363,29.500,1.631,0.076,-0.240
1572007630384,2019-10-25T13:47:10.384,29.521,1.665,-0.019,1.300
1572007630403,2019-10-25T13:47:10.403,29.540,3.022,-1.723,-2.595
1572007630423,2019-10-25T13:47:10.423,29.560,3.041,-1.749,-6.212
1572007630444,2019-10-25T13:47:10.444,29.581,-0.030,-0.610,-2.092
1572007630464,2019-10-25T13:47:10.464,29.601,-1.372,0.838,4.234
1572007630483,2019-10-25T13:47:10.483,29.620,-1.833,0.492,4.002
1572007630504,2019-10-25T13:47:10.504,29.641,-0.061,-1.806,-2.393
1572007630524,2019-10-25T13:47:10.524,29.661,4.013,-5.194,-6.075
1572007630543,2019-10-25T13:47:10.543,29.680,6.829,-3.449,-3.220
1572007630564,2019-10-25T13:47:10.564,29.701,4.188,-0.530,2.222
1572007630584,2019-10-25T13:47:10.584,29.721,-2.279,1.345,4.055
1572007630603,2019-10-25T13:47:10.603,29.740,-6.563,-0.358,-0.252
1572007630624,2019-10-25T13:47:10.624,29.761,-4.272,-0.793,-5.598
1572007630644,2019-10-25T13:47:10.644,29.781,0.385,-0.465,-4.257
1572007630665,2019-10-25T13:47:10.665,29.802,-0.484,1.018,2.942
1572007630684,2019-10-25T13:47:10.684,29.821,-4.604,2.088,4.710
1572007630704,2019-10-25T13:47:10.704,29.841,-6.955,1.806,-0.991
1572007630725,2019-10-25T13:47:10.725,29.862,-5.743,0.480,-4.238
1572007630744,2019-10-25T13:47:10.744,29.881,-2.919,-0.126,-0.873
1572007630764,2019-10-25T13:47:10.764,29.901,0.347,0.568,2.934
1572007630785,2019-10-25T13:47:10.785,29.922,2.710,0.739,1.006
1572007630804,2019-10-25T13:47:10.804,29.941,3.552,-1.536,-3.670
1572007630825,2019-10-25T13:47:10.825,29.962,1.151,-2.302,-4.264
1572007630845,2019-10-25T13:47:10.845,29.982,-3.956,-0.423,-0.777
1572007630864,2019-10-25T13:47:10.864,30.001,-4.169,2.839,2.412
1572007630885,2019-10-25T13:47:10.885,30.022,1.921,1.570,2.027
1572007630905,2019-10-25T13:47:10.905,30.042,5.930,-1.993,-1.597
1572007630924,2019-10-25T13:47:10.924,30.061,3.998,-3.102,-4.112
1572007630945,2019-10-25T13:47:10.945,30.082,0.697,-2.470,-3.472
1572007630965,2019-10-25T13:47:10.965,30.102,-2.024,0.793,-0.469
1572007630984,2019-10-25T13:47:10.984,30.121,-3.662,2.081,1.261
1572007631005,2019-10-25T13:47:11.005,30.142,-1.334,1.322,0.644
1572007631025,2019-10-25T13:47:11.025,30.162,3.064,0.004,-1.075
1572007631046,2019-10-25T13:47:11.046,30.183,3.003,0.099,-2.111
1572007631065,2019-10-25T13:47:11.065,30.202,-3.643,-0.072,-1.475
1572007631085,2019-10-25T13:47:11.085,30.222,-6.715,-0.442,-1.181
1572007631106,2019-10-25T13:47:11.106,30.243,-1.719,-1.029,-2.500
1572007631125,2019-10-25T13:47:11.125,30.262,2.492,0.492,-1.105
1572007631145,2019-10-25T13:47:11.145,30.282,1.521,0.232,4.101
1572007631166,2019-10-25T13:47:11.166,30.303,-3.830,-1.067,4.809
1572007631185,2019-10-25T13:47:11.185,30.322,-7.530,-0.640,-1.784
1572007631205,2019-10-25T13:47:11.205,30.342,-2.778,-1.940,-5.175
1572007631226,2019-10-25T13:47:11.226,30.363,5.793,-2.881,-2.260
1572007631245,2019-10-25T13:47:11.245,30.382,9.600,-2.477,0.694
1572007631265,2019-10-25T13:47:11.265,30.402,3.316,-2.302,1.239
1572007631286,2019-10-25T13:47:11.286,30.423,-7.462,1.212,0.793
1572007631305,2019-10-25T13:47:11.305,30.442,-9.409,2.130,0.015
1572007631326,2019-10-25T13:47:11.326,30.463,0.739,0.240,-1.120
1572007631346,2019-10-25T13:47:11.346,30.483,10.030,-2.614,-2.309
1572007631367,2019-10-25T13:47:11.367,30.504,5.427,-3.925,-2.698
