epoc (ms),timestamp (+0100),elapsed (s),x-axis (deg/s),y-axis (deg/s),z-axis (deg/s)
1571665803179,2019-10-21T2.50.03.179 pm,0.000,-11.982,-5.518,7.622
1571665803200,2019-10-21T2.50.03.200 pm,0.021,-18.659,-7.561,10.518
1571665803220,2019-10-21T2.50.03.220 pm,0.041,6.677,-11.220,-4.787
1571665803240,2019-10-21T2.50.03.240 pm,0.061,16.524,-11.982,-12.104
1571665803260,2019-10-21T2.50.03.260 pm,0.081,-3.262,-6.677,-10.823
1571665803281,2019-10-21T2.50.03.281 pm,0.102,-9.848,0.335,-7.713
1571665803301,2019-10-21T2.50.03.301 pm,0.122,4.543,2.317,-9.482
1571665803320,2019-10-21T2.50.03.320 pm,0.141,-5.579,4.512,-8.201
1571665803341,2019-10-21T2.50.03.341 pm,0.162,-33.963,11.433,1.341
1571665803361,2019-10-21T2.50.03.361 pm,0.182,-34.573,9.451,3.140
1571665803380,2019-10-21T2.50.03.380 pm,0.201,-10.610,4.116,-8.720
1571665803401,2019-10-21T2.50.03.401 pm,0.222,1.646,0.183,-10.579
1571665803421,2019-10-21T2.50.03.421 pm,0.242,2.683,-10.488,3.110
1571665803442,2019-10-21T2.50.03.442 pm,0.263,5.549,-4.024,-4.665
1571665803461,2019-10-21T2.50.03.461 pm,0.282,17.134,-1.341,-13.445
1571665803481,2019-10-21T2.50.03.481 pm,0.302,20.610,-3.384,-0.152
1571665803502,2019-10-21T2.50.03.502 pm,0.323,18.323,3.171,9.543
1571665803521,2019-10-21T2.50.03.521 pm,0.342,3.384,9.451,7.683
1571665803541,2019-10-21T2.50.03.541 pm,0.362,2.774,14.878,3.171
1571665803562,2019-10-21T2.50.03.562 pm,0.383,18.567,11.128,4.390
1571665803581,2019-10-21T2.50.03.581 pm,0.402,19.146,8.384,7.043
1571665803601,2019-10-21T2.50.03.601 pm,0.422,15.335,15.488,11.616
1571665803622,2019-10-21T2.50.03.622 pm,0.443,5.671,17.896,12.165
1571665803642,2019-10-21T2.50.03.642 pm,0.463,1.220,7.317,10.701
1571665803661,2019-10-21T2.50.03.661 pm,0.482,-8.720,4.360,12.927
1571665803682,2019-10-21T2.50.03.682 pm,0.503,2.317,-1.829,10.701
1571665803702,2019-10-21T2.50.03.702 pm,0.523,14.421,-7.622,5.701
1571665803721,2019-10-21T2.50.03.721 pm,0.542,15.274,-8.537,6.220
1571665803742,2019-10-21T2.50.03.742 pm,0.563,10.701,-2.195,10.518
1571665803762,2019-10-21T2.50.03.762 pm,0.583,11.189,1.585,14.970
1571665803783,2019-10-21T2.50.03.783 pm,0.604,19.512,5.640,23.841
1571665803802,2019-10-21T2.50.03.802 pm,0.623,0.823,1.341,12.835
1571665803823,2019-10-21T2.50.03.823 pm,0.644,-4.299,-1.768,5.976
1571665803843,2019-10-21T2.50.03.843 pm,0.664,2.561,1.128,6.311
1571665803862,2019-10-21T2.50.03.862 pm,0.683,0.732,-2.622,4.665
1571665803883,2019-10-21T2.50.03.883 pm,0.704,-7.713,-5.976,0.396
1571665803903,2019-10-21T2.50.03.903 pm,0.724,-8.506,-2.957,-1.006
1571665803922,2019-10-21T2.50.03.922 pm,0.743,-3.232,-1.128,-0.945
1571665803943,2019-10-21T2.50.03.943 pm,0.764,-3.354,1.341,-3.689
1571665803963,2019-10-21T2.50.03.963 pm,0.784,-2.896,0.427,-5.579
1571665803984,2019-10-21T2.50.03.984 pm,0.805,2.805,-0.030,-6.433
1571665804003,2019-10-21T2.50.04.003 pm,0.824,-1.098,1.037,-7.835
1571665804023,2019-10-21T2.50.04.023 pm,0.844,-8.506,-0.061,-9.146
1571665804044,2019-10-21T2.50.04.044 pm,0.865,-6.707,-0.549,-9.665
1571665804063,2019-10-21T2.50.04.063 pm,0.884,-4.055,1.646,-9.329
1571665804083,2019-10-21T2.50.04.083 pm,0.904,-1.951,4.756,-7.988
1571665804104,2019-10-21T2.50.04.104 pm,0.925,-1.829,10.091,-5.549
1571665804124,2019-10-21T2.50.04.124 pm,0.945,1.463,11.616,-9.726
1571665804143,2019-10-21T2.50.04.143 pm,0.964,5.274,4.543,-9.634
1571665804164,2019-10-21T2.50.04.164 pm,0.985,3.902,4.421,-3.811
1571665804184,2019-10-21T2.50.04.184 pm,1.005,-2.713,5.671,0.396
1571665804203,2019-10-21T2.50.04.203 pm,1.024,-1.829,3.445,2.195
1571665804224,2019-10-21T2.50.04.224 pm,1.045,5.915,2.256,1.616
1571665804244,2019-10-21T2.50.04.244 pm,1.065,6.951,3.171,0.000
1571665804263,2019-10-21T2.50.04.263 pm,1.084,1.585,3.262,-0.427
1571665804284,2019-10-21T2.50.04.284 pm,1.105,3.902,-1.067,-0.152
1571665804304,2019-10-21T2.50.04.304 pm,1.125,8.232,-3.720,1.098
1571665804325,2019-10-21T2.50.04.325 pm,1.146,1.799,2.957,3.201
1571665804344,2019-10-21T2.50.04.344 pm,1.165,1.646,7.652,4.055
1571665804365,2019-10-21T2.50.04.365 pm,1.186,2.652,6.341,5.061
1571665804385,2019-10-21T2.50.04.385 pm,1.206,1.768,2.012,5.945
1571665804404,2019-10-21T2.50.04.404 pm,1.225,4.299,-0.244,5.274
1571665804425,2019-10-21T2.50.04.425 pm,1.246,3.659,0.213,3.171
1571665804445,2019-10-21T2.50.04.445 pm,1.266,-2.256,-2.713,2.134
1571665804466,2019-10-21T2.50.04.466 pm,1.287,1.402,-3.079,6.677
1571665804485,2019-10-21T2.50.04.485 pm,1.306,-0.701,2.470,1.372
1571665804505,2019-10-21T2.50.04.505 pm,1.326,1.890,0.457,2.988
1571665804526,2019-10-21T2.50.04.526 pm,1.347,5.000,-2.500,5.579
1571665804545,2019-10-21T2.50.04.545 pm,1.366,5.244,-2.378,9.329
1571665804565,2019-10-21T2.50.04.565 pm,1.386,-0.732,-0.396,7.927
1571665804586,2019-10-21T2.50.04.586 pm,1.407,-6.098,0.854,3.720
1571665804606,2019-10-21T2.50.04.606 pm,1.427,-5.915,0.213,1.006
1571665804625,2019-10-21T2.50.04.625 pm,1.446,-3.628,-0.305,-0.793
1571665804646,2019-10-21T2.50.04.646 pm,1.467,-3.963,0.122,-0.945
1571665804666,2019-10-21T2.50.04.666 pm,1.487,-0.549,0.488,-1.646
1571665804685,2019-10-21T2.50.04.685 pm,1.506,1.402,-1.677,-2.470
1571665804706,2019-10-21T2.50.04.706 pm,1.527,0.091,-0.610,-2.256
1571665804726,2019-10-21T2.50.04.726 pm,1.547,-2.713,3.049,-2.287
1571665804745,2019-10-21T2.50.04.745 pm,1.566,-3.201,2.652,-3.293
1571665804766,2019-10-21T2.50.04.766 pm,1.587,-0.488,0.335,-4.116
1571665804786,2019-10-21T2.50.04.786 pm,1.607,3.384,-0.427,-4.055
1571665804807,2019-10-21T2.50.04.807 pm,1.628,4.543,0.335,-3.293
1571665804826,2019-10-21T2.50.04.826 pm,1.647,2.835,0.152,-2.317
1571665804846,2019-10-21T2.50.04.846 pm,1.667,0.579,-1.250,-1.616
1571665804867,2019-10-21T2.50.04.867 pm,1.688,-1.372,-1.738,-1.098
1571665804886,2019-10-21T2.50.04.886 pm,1.707,1.707,0.305,-1.372
1571665804906,2019-10-21T2.50.04.906 pm,1.727,1.159,1.189,-1.799
1571665804927,2019-10-21T2.50.04.927 pm,1.748,0.549,1.494,-1.494
1571665804948,2019-10-21T2.50.04.948 pm,1.769,3.018,0.183,-1.616
1571665804967,2019-10-21T2.50.04.967 pm,1.788,3.445,-0.213,-1.250
1571665804987,2019-10-21T2.50.04.987 pm,1.808,2.134,0.945,-1.250
1571665805008,2019-10-21T2.50.05.008 pm,1.829,0.976,1.159,-1.280
1571665805027,2019-10-21T2.50.05.027 pm,1.848,0.884,2.134,-0.701
1571665805047,2019-10-21T2.50.05.047 pm,1.868,1.860,0.884,0.000
1571665805068,2019-10-21T2.50.05.068 pm,1.889,3.171,-1.555,-0.335
1571665805087,2019-10-21T2.50.05.087 pm,1.908,2.378,-0.030,-0.274
1571665805107,2019-10-21T2.50.05.107 pm,1.928,1.220,1.006,-0.579
1571665805128,2019-10-21T2.50.05.128 pm,1.949,1.280,1.463,-1.311
1571665805148,2019-10-21T2.50.05.148 pm,1.969,2.134,0.457,-1.250
1571665805167,2019-10-21T2.50.05.167 pm,1.988,1.159,-0.549,-1.494
1571665805188,2019-10-21T2.50.05.188 pm,2.009,0.610,-0.518,-1.341
1571665805208,2019-10-21T2.50.05.208 pm,2.029,1.524,-1.433,-0.732
1571665805227,2019-10-21T2.50.05.227 pm,2.048,0.671,-2.409,-1.006
1571665805248,2019-10-21T2.50.05.248 pm,2.069,0.244,-0.396,-0.518
1571665805268,2019-10-21T2.50.05.268 pm,2.089,1.951,0.457,-0.823
1571665805289,2019-10-21T2.50.05.289 pm,2.110,3.567,0.823,-0.884
1571665805308,2019-10-21T2.50.05.308 pm,2.129,4.146,0.823,-1.341
1571665805328,2019-10-21T2.50.05.328 pm,2.149,0.823,0.030,-1.402
1571665805349,2019-10-21T2.50.05.349 pm,2.170,-0.457,0.701,-1.677
1571665805368,2019-10-21T2.50.05.368 pm,2.189,0.061,0.671,-1.768
1571665805388,2019-10-21T2.50.05.388 pm,2.209,0.945,1.433,-2.622
1571665805409,2019-10-21T2.50.05.409 pm,2.230,3.171,1.098,-3.171
1571665805428,2019-10-21T2.50.05.428 pm,2.249,2.652,0.305,-3.628
1571665805448,2019-10-21T2.50.05.448 pm,2.269,-0.640,0.701,-4.360
1571665805469,2019-10-21T2.50.05.469 pm,2.290,0.549,0.213,-4.634
1571665805490,2019-10-21T2.50.05.490 pm,2.311,3.018,0.884,-6.189
1571665805509,2019-10-21T2.50.05.509 pm,2.330,2.774,1.921,-7.622
1571665805529,2019-10-21T2.50.05.529 pm,2.350,2.287,-0.366,-7.652
1571665805550,2019-10-21T2.50.05.550 pm,2.371,-2.591,0.640,-6.189
1571665805569,2019-10-21T2.50.05.569 pm,2.390,-3.293,1.128,-6.738
1571665805589,2019-10-21T2.50.05.589 pm,2.410,-1.860,0.061,-7.378
1571665805610,2019-10-21T2.50.05.610 pm,2.431,-4.146,2.652,-7.043
1571665805630,2019-10-21T2.50.05.630 pm,2.451,-8.079,4.360,-6.280
1571665805649,2019-10-21T2.50.05.649 pm,2.470,-8.780,1.890,-5.854
1571665805670,2019-10-21T2.50.05.670 pm,2.491,-7.530,-0.122,-6.037
1571665805690,2019-10-21T2.50.05.690 pm,2.511,-1.220,-2.378,-7.439
1571665805709,2019-10-21T2.50.05.709 pm,2.530,3.232,-5.976,-7.348
1571665805730,2019-10-21T2.50.05.730 pm,2.551,1.982,-5.274,-5.061
1571665805750,2019-10-21T2.50.05.750 pm,2.571,1.006,-3.567,-5.152
1571665805769,2019-10-21T2.50.05.769 pm,2.590,0.915,-1.311,-5.274
1571665805790,2019-10-21T2.50.05.790 pm,2.611,-1.280,0.793,-5.335
1571665805810,2019-10-21T2.50.05.810 pm,2.631,-1.860,0.518,-5.152
1571665805831,2019-10-21T2.50.05.831 pm,2.652,-0.976,-1.433,-5.030
1571665805850,2019-10-21T2.50.05.850 pm,2.671,0.274,-2.744,-4.085
1571665805870,2019-10-21T2.50.05.870 pm,2.691,1.006,-1.555,-3.293
1571665805891,2019-10-21T2.50.05.891 pm,2.712,1.585,-1.433,-3.628
1571665805910,2019-10-21T2.50.05.910 pm,2.731,2.500,-2.012,-2.927
1571665805930,2019-10-21T2.50.05.930 pm,2.751,2.957,-1.616,-2.378
1571665805951,2019-10-21T2.50.05.951 pm,2.772,0.884,-1.494,-2.378
1571665805971,2019-10-21T2.50.05.971 pm,2.792,0.884,-0.640,-2.348
1571665805990,2019-10-21T2.50.05.990 pm,2.811,0.518,0.122,-2.439
1571665806011,2019-10-21T2.50.06.011 pm,2.832,-2.652,1.433,-4.146
1571665806031,2019-10-21T2.50.06.031 pm,2.852,-1.951,1.311,-4.726
1571665806051,2019-10-21T2.50.06.051 pm,2.872,-0.579,1.250,-2.896
1571665806071,2019-10-21T2.50.06.071 pm,2.892,-1.159,0.884,-2.073
1571665806092,2019-10-21T2.50.06.092 pm,2.913,0.274,0.762,-1.890
1571665806111,2019-10-21T2.50.06.111 pm,2.932,0.610,0.061,-1.799
1571665806131,2019-10-21T2.50.06.131 pm,2.952,-1.951,0.793,-1.921
1571665806152,2019-10-21T2.50.06.152 pm,2.973,-2.561,2.134,-1.738
1571665806172,2019-10-21T2.50.06.172 pm,2.993,-2.561,2.012,-1.982
1571665806191,2019-10-21T2.50.06.191 pm,3.012,-4.756,3.201,-2.530
1571665806212,2019-10-21T2.50.06.212 pm,3.033,-6.372,5.091,-2.927
1571665806232,2019-10-21T2.50.06.232 pm,3.053,-3.110,4.207,-3.415
1571665806251,2019-10-21T2.50.06.251 pm,3.072,0.945,3.537,-2.744
1571665806272,2019-10-21T2.50.06.272 pm,3.093,1.220,4.634,-1.433
1571665806292,2019-10-21T2.50.06.292 pm,3.113,1.220,4.146,-0.213
1571665806313,2019-10-21T2.50.06.313 pm,3.134,0.701,4.421,-0.488
1571665806332,2019-10-21T2.50.06.332 pm,3.153,-1.707,2.500,-1.463
1571665806352,2019-10-21T2.50.06.352 pm,3.173,-2.927,1.616,-1.250
1571665806373,2019-10-21T2.50.06.373 pm,3.194,-2.104,2.530,-1.250
1571665806392,2019-10-21T2.50.06.392 pm,3.213,1.128,2.043,-1.829
1571665806412,2019-10-21T2.50.06.412 pm,3.233,1.494,1.951,-1.433
1571665806433,2019-10-21T2.50.06.433 pm,3.254,2.957,1.341,-1.311
1571665806452,2019-10-21T2.50.06.452 pm,3.273,2.591,1.616,-1.006
1571665806472,2019-10-21T2.50.06.472 pm,3.293,0.000,2.226,-0.640
1571665806493,2019-10-21T2.50.06.493 pm,3.314,-0.396,0.976,-0.701
1571665806513,2019-10-21T2.50.06.513 pm,3.334,0.640,0.732,-0.427
1571665806532,2019-10-21T2.50.06.532 pm,3.353,0.610,0.488,0.274
1571665806553,2019-10-21T2.50.06.553 pm,3.374,2.134,-0.488,0.549
1571665806573,2019-10-21T2.50.06.573 pm,3.394,3.598,-0.122,0.061
1571665806593,2019-10-21T2.50.06.593 pm,3.414,2.835,0.610,-0.732
1571665806613,2019-10-21T2.50.06.613 pm,3.434,3.293,0.915,-1.311
1571665806634,2019-10-21T2.50.06.634 pm,3.455,2.683,0.823,-1.616
1571665806654,2019-10-21T2.50.06.654 pm,3.475,1.159,-0.305,-1.250
1571665806673,2019-10-21T2.50.06.673 pm,3.494,0.122,-1.372,-1.280
1571665806694,2019-10-21T2.50.06.694 pm,3.515,0.000,-0.884,-0.793
1571665806714,2019-10-21T2.50.06.714 pm,3.535,-1.067,-1.280,-0.030
1571665806733,2019-10-21T2.50.06.733 pm,3.554,-1.159,-2.073,-0.610
1571665806754,2019-10-21T2.50.06.754 pm,3.575,1.524,-0.701,-0.915
1571665806774,2019-10-21T2.50.06.774 pm,3.595,1.707,0.274,-0.884
1571665806793,2019-10-21T2.50.06.793 pm,3.614,-1.463,0.976,-0.183
1571665806814,2019-10-21T2.50.06.814 pm,3.635,-0.732,0.000,0.030
1571665806834,2019-10-21T2.50.06.834 pm,3.655,-0.640,-1.128,-0.183
1571665806855,2019-10-21T2.50.06.855 pm,3.676,-0.244,-0.701,-0.427
1571665806874,2019-10-21T2.50.06.874 pm,3.695,-0.366,-0.122,-0.732
1571665806894,2019-10-21T2.50.06.894 pm,3.715,-0.091,-0.671,-1.220
1571665806915,2019-10-21T2.50.06.915 pm,3.736,0.335,-1.128,-1.159
1571665806934,2019-10-21T2.50.06.934 pm,3.755,0.244,-0.854,-0.976
1571665806954,2019-10-21T2.50.06.954 pm,3.775,-0.640,-0.854,-0.488
1571665806975,2019-10-21T2.50.06.975 pm,3.796,-1.341,-0.091,-0.183
1571665806995,2019-10-21T2.50.06.995 pm,3.816,-0.579,-0.030,-0.640
1571665807014,2019-10-21T2.50.07.014 pm,3.835,-1.768,0.274,-1.250
1571665807035,2019-10-21T2.50.07.035 pm,3.856,-0.396,0.274,-1.311
1571665807055,2019-10-21T2.50.07.055 pm,3.876,1.524,-0.091,-0.976
1571665807074,2019-10-21T2.50.07.074 pm,3.895,0.366,-0.061,-0.579
1571665807095,2019-10-21T2.50.07.095 pm,3.916,-0.488,-0.396,-0.305
1571665807115,2019-10-21T2.50.07.115 pm,3.936,-1.037,-0.823,-0.915
1571665807135,2019-10-21T2.50.07.135 pm,3.956,-2.104,-0.915,-1.250
1571665807155,2019-10-21T2.50.07.155 pm,3.976,-3.598,0.488,-0.884
1571665807176,2019-10-21T2.50.07.176 pm,3.997,-4.695,1.890,-0.884
1571665807196,2019-10-21T2.50.07.196 pm,4.017,-3.476,3.262,-0.640
1571665807215,2019-10-21T2.50.07.215 pm,4.036,-1.616,3.018,-0.762
1571665807236,2019-10-21T2.50.07.236 pm,4.057,-0.915,1.463,-0.976
1571665807256,2019-10-21T2.50.07.256 pm,4.077,-1.433,0.671,-0.457
1571665807275,2019-10-21T2.50.07.275 pm,4.096,-1.829,1.006,0.091
1571665807296,2019-10-21T2.50.07.296 pm,4.117,-5.030,2.073,0.122
1571665807316,2019-10-21T2.50.07.316 pm,4.137,-4.390,1.555,0.610
1571665807337,2019-10-21T2.50.07.337 pm,4.158,-3.049,0.762,0.976
1571665807356,2019-10-21T2.50.07.356 pm,4.177,-3.689,0.152,0.549
1571665807376,2019-10-21T2.50.07.376 pm,4.197,-1.982,-0.030,0.823
1571665807397,2019-10-21T2.50.07.397 pm,4.218,-1.067,0.305,0.732
1571665807416,2019-10-21T2.50.07.416 pm,4.237,0.366,-0.122,0.091
1571665807436,2019-10-21T2.50.07.436 pm,4.257,-1.037,0.183,0.213
1571665807457,2019-10-21T2.50.07.457 pm,4.278,-3.140,0.610,0.457
1571665807476,2019-10-21T2.50.07.476 pm,4.297,-3.049,0.366,0.976
1571665807496,2019-10-21T2.50.07.496 pm,4.317,-0.610,0.579,1.890
1571665807517,2019-10-21T2.50.07.517 pm,4.338,-1.860,0.579,1.616
1571665807537,2019-10-21T2.50.07.537 pm,4.358,-4.421,0.122,0.488
1571665807556,2019-10-21T2.50.07.556 pm,4.377,-3.018,-0.122,0.396
1571665807577,2019-10-21T2.50.07.577 pm,4.398,-4.238,1.677,1.280
1571665807597,2019-10-21T2.50.07.597 pm,4.418,-8.476,2.744,0.701
1571665807616,2019-10-21T2.50.07.616 pm,4.437,-8.780,2.591,-0.183
1571665807637,2019-10-21T2.50.07.637 pm,4.458,-7.470,2.317,0.305
1571665807657,2019-10-21T2.50.07.657 pm,4.478,-4.573,1.220,0.061
1571665807678,2019-10-21T2.50.07.678 pm,4.499,-7.012,-0.244,-0.915
1571665807697,2019-10-21T2.50.07.697 pm,4.518,-9.787,-0.762,-0.945
1571665807718,2019-10-21T2.50.07.718 pm,4.539,-9.909,0.213,-0.061
1571665807738,2019-10-21T2.50.07.738 pm,4.559,-7.927,1.037,0.579
1571665807757,2019-10-21T2.50.07.757 pm,4.578,-8.750,1.646,0.610
1571665807778,2019-10-21T2.50.07.778 pm,4.599,-9.299,2.317,0.305
1571665807798,2019-10-21T2.50.07.798 pm,4.619,-8.659,1.860,-0.030
1571665807817,2019-10-21T2.50.07.817 pm,4.638,-6.128,0.488,-1.067
1571665807838,2019-10-21T2.50.07.838 pm,4.659,-5.945,0.823,-1.341
1571665807858,2019-10-21T2.50.07.858 pm,4.679,-5.610,1.494,-0.945
1571665807879,2019-10-21T2.50.07.879 pm,4.700,-5.762,0.945,-0.915
1571665807898,2019-10-21T2.50.07.898 pm,4.719,-4.512,1.341,-0.640
1571665807918,2019-10-21T2.50.07.918 pm,4.739,-3.537,1.037,-1.006
1571665807939,2019-10-21T2.50.07.939 pm,4.760,-4.970,0.366,-1.677
1571665807958,2019-10-21T2.50.07.958 pm,4.779,-6.098,0.366,-1.707
1571665807978,2019-10-21T2.50.07.978 pm,4.799,-5.579,0.152,-1.707
1571665807999,2019-10-21T2.50.07.999 pm,4.820,-5.701,0.000,-1.494
1571665808019,2019-10-21T2.50.08.019 pm,4.840,-5.518,0.091,-0.854
1571665808038,2019-10-21T2.50.08.038 pm,4.859,-3.994,-0.183,-0.793
1571665808059,2019-10-21T2.50.08.059 pm,4.880,-3.659,0.488,-0.610
1571665808079,2019-10-21T2.50.08.079 pm,4.900,-3.415,0.427,-0.640
1571665808098,2019-10-21T2.50.08.098 pm,4.919,-4.573,-0.213,-0.671
1571665808119,2019-10-21T2.50.08.119 pm,4.940,-3.872,-0.396,-0.427
1571665808139,2019-10-21T2.50.08.139 pm,4.960,-2.348,0.183,0.244
1571665808158,2019-10-21T2.50.08.158 pm,4.979,-2.226,-0.549,0.183
1571665808179,2019-10-21T2.50.08.179 pm,5.000,-1.677,-0.091,0.518
1571665808199,2019-10-21T2.50.08.199 pm,5.020,-2.713,0.579,0.427
1571665808220,2019-10-21T2.50.08.220 pm,5.041,-2.713,-0.335,-0.335
1571665808239,2019-10-21T2.50.08.239 pm,5.060,0.305,-0.823,0.030
1571665808260,2019-10-21T2.50.08.260 pm,5.081,0.640,-0.457,0.671
1571665808280,2019-10-21T2.50.08.280 pm,5.101,0.091,-0.610,0.640
1571665808299,2019-10-21T2.50.08.299 pm,5.120,1.037,-0.884,0.518
1571665808320,2019-10-21T2.50.08.320 pm,5.141,1.220,-0.915,0.061
1571665808340,2019-10-21T2.50.08.340 pm,5.161,1.189,-0.549,0.061
1571665808361,2019-10-21T2.50.08.361 pm,5.182,2.683,0.061,0.549
1571665808380,2019-10-21T2.50.08.380 pm,5.201,2.043,-1.159,-0.244
1571665808400,2019-10-21T2.50.08.400 pm,5.221,1.189,-1.646,-0.427
1571665808421,2019-10-21T2.50.08.421 pm,5.242,0.457,-1.128,-0.213
1571665808440,2019-10-21T2.50.08.440 pm,5.261,0.823,-2.134,-1.006
1571665808460,2019-10-21T2.50.08.460 pm,5.281,0.854,-2.012,-0.610
1571665808481,2019-10-21T2.50.08.481 pm,5.302,0.213,-0.610,0.091
1571665808501,2019-10-21T2.50.08.501 pm,5.322,0.640,-1.646,-0.091
1571665808520,2019-10-21T2.50.08.520 pm,5.341,1.799,-2.805,-0.518
1571665808541,2019-10-21T2.50.08.541 pm,5.362,1.250,-1.585,-0.396
1571665808561,2019-10-21T2.50.08.561 pm,5.382,1.280,-1.646,-0.427
1571665808580,2019-10-21T2.50.08.580 pm,5.401,1.220,-2.073,-0.671
1571665808601,2019-10-21T2.50.08.601 pm,5.422,2.409,-2.348,-0.579
1571665808621,2019-10-21T2.50.08.621 pm,5.442,1.829,-2.866,-0.335
1571665808640,2019-10-21T2.50.08.640 pm,5.461,-0.823,-2.409,-0.427
1571665808661,2019-10-21T2.50.08.661 pm,5.482,1.311,-2.043,-0.610
1571665808681,2019-10-21T2.50.08.681 pm,5.502,1.585,-1.524,-0.640
1571665808702,2019-10-21T2.50.08.702 pm,5.523,-0.061,-1.433,-1.159
1571665808721,2019-10-21T2.50.08.721 pm,5.542,1.159,-1.890,-1.159
1571665808741,2019-10-21T2.50.08.741 pm,5.562,1.768,-2.774,-1.372
1571665808762,2019-10-21T2.50.08.762 pm,5.583,0.640,-2.561,-1.006
1571665808781,2019-10-21T2.50.08.781 pm,5.602,1.433,-2.043,0.030
1571665808802,2019-10-21T2.50.08.802 pm,5.623,0.976,-1.067,0.518
1571665808822,2019-10-21T2.50.08.822 pm,5.643,-0.335,-1.128,0.152
1571665808843,2019-10-21T2.50.08.843 pm,5.664,0.823,-1.738,-0.305
1571665808862,2019-10-21T2.50.08.862 pm,5.683,0.305,-1.433,-0.793
1571665808882,2019-10-21T2.50.08.882 pm,5.703,-0.671,-0.427,-0.823
1571665808903,2019-10-21T2.50.08.903 pm,5.724,0.793,-1.037,-0.884
1571665808922,2019-10-21T2.50.08.922 pm,5.743,1.890,-1.768,-0.579
1571665808942,2019-10-21T2.50.08.942 pm,5.763,0.579,-1.220,-0.122
1571665808963,2019-10-21T2.50.08.963 pm,5.784,-0.335,-0.488,-0.122
1571665808982,2019-10-21T2.50.08.982 pm,5.803,-1.067,-0.122,-0.427
1571665809002,2019-10-21T2.50.09.002 pm,5.823,-0.579,-1.189,-0.884
1571665809023,2019-10-21T2.50.09.023 pm,5.844,0.884,-1.250,-0.671
1571665809043,2019-10-21T2.50.09.043 pm,5.864,1.921,-1.037,-0.610
1571665809062,2019-10-21T2.50.09.062 pm,5.883,2.470,-1.220,-0.335
1571665809083,2019-10-21T2.50.09.083 pm,5.904,0.945,-1.006,-0.244
1571665809103,2019-10-21T2.50.09.103 pm,5.924,0.884,-1.250,-0.305
1571665809122,2019-10-21T2.50.09.122 pm,5.943,2.500,-2.226,-0.488
1571665809143,2019-10-21T2.50.09.143 pm,5.964,1.463,-2.317,-0.152
1571665809163,2019-10-21T2.50.09.163 pm,5.984,1.921,-2.226,0.183
1571665809184,2019-10-21T2.50.09.184 pm,6.005,2.073,-2.195,0.305
1571665809203,2019-10-21T2.50.09.203 pm,6.024,-0.945,-1.707,-0.488
1571665809223,2019-10-21T2.50.09.223 pm,6.044,0.854,-2.256,-1.128
1571665809244,2019-10-21T2.50.09.244 pm,6.065,0.915,-2.622,-0.884
1571665809263,2019-10-21T2.50.09.263 pm,6.084,-0.915,-1.921,-0.762
1571665809283,2019-10-21T2.50.09.283 pm,6.104,1.098,-1.494,-0.701
1571665809304,2019-10-21T2.50.09.304 pm,6.125,1.189,-1.220,-0.213
1571665809323,2019-10-21T2.50.09.323 pm,6.144,-1.677,-0.518,-0.366
1571665809344,2019-10-21T2.50.09.344 pm,6.165,-1.098,0.000,-0.274
1571665809364,2019-10-21T2.50.09.364 pm,6.185,-0.457,-0.152,-0.061
1571665809385,2019-10-21T2.50.09.385 pm,6.206,-0.457,-0.488,-0.091
1571665809404,2019-10-21T2.50.09.404 pm,6.225,0.213,-0.610,0.152
1571665809424,2019-10-21T2.50.09.424 pm,6.245,0.640,-0.579,0.305
1571665809445,2019-10-21T2.50.09.445 pm,6.266,0.701,-0.488,0.396
1571665809464,2019-10-21T2.50.09.464 pm,6.285,-0.152,-0.396,0.671
1571665809484,2019-10-21T2.50.09.484 pm,6.305,-1.280,-0.488,0.396
1571665809505,2019-10-21T2.50.09.505 pm,6.326,-1.585,-0.762,0.091
1571665809525,2019-10-21T2.50.09.525 pm,6.346,-2.317,-0.183,-0.091
1571665809544,2019-10-21T2.50.09.544 pm,6.365,-0.457,-1.006,-0.488
1571665809565,2019-10-21T2.50.09.565 pm,6.386,2.348,-1.189,0.061
1571665809585,2019-10-21T2.50.09.585 pm,6.406,1.463,-0.579,0.305
1571665809604,2019-10-21T2.50.09.604 pm,6.425,-0.030,-0.518,-0.152
1571665809625,2019-10-21T2.50.09.625 pm,6.446,-0.945,-0.122,-0.640
1571665809645,2019-10-21T2.50.09.645 pm,6.466,-0.793,-0.030,-0.976
1571665809666,2019-10-21T2.50.09.666 pm,6.487,-0.945,-0.213,-1.220
1571665809685,2019-10-21T2.50.09.685 pm,6.506,0.183,-1.006,-1.037
1571665809705,2019-10-21T2.50.09.705 pm,6.526,2.073,-1.250,-0.610
1571665809726,2019-10-21T2.50.09.726 pm,6.547,2.500,-1.555,-0.518
1571665809745,2019-10-21T2.50.09.745 pm,6.566,2.409,-1.585,-0.579
1571665809765,2019-10-21T2.50.09.765 pm,6.586,6.677,-2.348,-0.945
1571665809786,2019-10-21T2.50.09.786 pm,6.607,3.415,-0.823,-0.823
1571665809805,2019-10-21T2.50.09.805 pm,6.626,1.220,-1.280,-1.677
1571665809825,2019-10-21T2.50.09.825 pm,6.646,0.762,-1.524,-2.073
1571665809846,2019-10-21T2.50.09.846 pm,6.667,0.549,-0.945,-1.768
1571665809866,2019-10-21T2.50.09.866 pm,6.687,0.274,-0.823,-1.494
1571665809885,2019-10-21T2.50.09.885 pm,6.706,0.183,-1.128,-1.524
1571665809906,2019-10-21T2.50.09.906 pm,6.727,0.488,-1.128,-0.793
1571665809927,2019-10-21T2.50.09.927 pm,6.748,2.713,-1.341,-0.213
1571665809946,2019-10-21T2.50.09.946 pm,6.767,3.994,-2.287,-0.610
1571665809966,2019-10-21T2.50.09.966 pm,6.787,2.530,-1.921,-0.915
1571665809987,2019-10-21T2.50.09.987 pm,6.808,0.823,-1.189,-0.549
1571665810007,2019-10-21T2.50.10.007 pm,6.828,0.579,-0.823,-0.122
1571665810026,2019-10-21T2.50.10.026 pm,6.847,2.012,-1.067,0.213
1571665810047,2019-10-21T2.50.10.047 pm,6.868,2.134,-1.738,0.640
1571665810067,2019-10-21T2.50.10.067 pm,6.888,3.323,-1.951,0.274
1571665810086,2019-10-21T2.50.10.086 pm,6.907,3.902,-1.677,0.274
1571665810107,2019-10-21T2.50.10.107 pm,6.928,1.433,-0.915,0.030
1571665810127,2019-10-21T2.50.10.127 pm,6.948,1.280,-1.220,-0.427
1571665810146,2019-10-21T2.50.10.146 pm,6.967,1.799,-1.220,-0.610
1571665810167,2019-10-21T2.50.10.167 pm,6.988,2.591,-0.671,-0.549
1571665810187,2019-10-21T2.50.10.187 pm,7.008,4.329,-1.677,-0.671
1571665810208,2019-10-21T2.50.10.208 pm,7.029,3.598,-1.982,-0.854
1571665810227,2019-10-21T2.50.10.227 pm,7.048,3.018,-2.012,-1.159
1571665810247,2019-10-21T2.50.10.247 pm,7.068,3.963,-3.232,-1.067
1571665810268,2019-10-21T2.50.10.268 pm,7.089,2.470,-2.591,-0.518
1571665810287,2019-10-21T2.50.10.287 pm,7.108,0.915,-1.799,-0.366
1571665810307,2019-10-21T2.50.10.307 pm,7.128,0.213,-2.104,-0.732
1571665810328,2019-10-21T2.50.10.328 pm,7.149,-0.030,-1.463,-1.280
1571665810348,2019-10-21T2.50.10.348 pm,7.169,2.104,-2.104,-1.524
1571665810367,2019-10-21T2.50.10.367 pm,7.188,5.549,-3.841,-1.006
1571665810388,2019-10-21T2.50.10.388 pm,7.209,7.195,-4.939,-1.463
1571665810408,2019-10-21T2.50.10.408 pm,7.229,8.018,-5.762,-2.957
1571665810427,2019-10-21T2.50.10.427 pm,7.248,7.927,-5.884,-2.957
1571665810448,2019-10-21T2.50.10.448 pm,7.269,5.366,-4.085,-1.707
1571665810469,2019-10-21T2.50.10.469 pm,7.290,2.043,-1.220,-1.006
1571665810489,2019-10-21T2.50.10.489 pm,7.310,2.683,-1.799,-0.945
1571665810508,2019-10-21T2.50.10.508 pm,7.329,1.463,-1.799,-1.463
1571665810529,2019-10-21T2.50.10.529 pm,7.350,1.402,-1.463,-2.317
1571665810549,2019-10-21T2.50.10.549 pm,7.370,0.884,-2.073,-2.073
1571665810568,2019-10-21T2.50.10.568 pm,7.389,0.579,-2.195,-1.921
1571665810589,2019-10-21T2.50.10.589 pm,7.410,1.921,-1.616,-1.372
1571665810609,2019-10-21T2.50.10.609 pm,7.430,-1.341,0.488,-1.159
1571665810628,2019-10-21T2.50.10.628 pm,7.449,-2.988,0.305,-1.677
1571665810649,2019-10-21T2.50.10.649 pm,7.470,2.012,-1.037,-1.311
1571665810669,2019-10-21T2.50.10.669 pm,7.490,2.927,-1.463,-1.311
1571665810690,2019-10-21T2.50.10.690 pm,7.511,1.067,-1.402,-1.433
1571665810709,2019-10-21T2.50.10.709 pm,7.530,0.671,-1.494,-1.402
1571665810729,2019-10-21T2.50.10.729 pm,7.550,-0.091,-1.189,-1.159
1571665810750,2019-10-21T2.50.10.750 pm,7.571,-0.549,-1.159,-1.524
1571665810769,2019-10-21T2.50.10.769 pm,7.590,0.671,-1.372,-1.860
1571665810789,2019-10-21T2.50.10.789 pm,7.610,0.884,-0.915,-1.128
1571665810810,2019-10-21T2.50.10.810 pm,7.631,-0.823,-1.189,-0.884
1571665810830,2019-10-21T2.50.10.830 pm,7.651,-0.854,-1.372,-1.159
1571665810849,2019-10-21T2.50.10.849 pm,7.670,0.366,-1.159,-0.976
1571665810870,2019-10-21T2.50.10.870 pm,7.691,-1.524,0.000,-0.762
1571665810890,2019-10-21T2.50.10.890 pm,7.711,-3.811,-0.793,-1.341
1571665810909,2019-10-21T2.50.10.909 pm,7.730,-3.598,-1.220,-0.823
1571665810930,2019-10-21T2.50.10.930 pm,7.751,-6.159,-1.646,-1.220
1571665810950,2019-10-21T2.50.10.950 pm,7.771,-8.537,-2.439,-2.348
1571665810969,2019-10-21T2.50.10.969 pm,7.790,-6.738,-1.707,-1.555
1571665810990,2019-10-21T2.50.10.990 pm,7.811,-7.744,-0.854,-0.305
1571665811010,2019-10-21T2.50.11.010 pm,7.831,-9.055,0.366,-0.396
1571665811031,2019-10-21T2.50.11.031 pm,7.852,-11.494,-0.183,-0.671
1571665811050,2019-10-21T2.50.11.050 pm,7.871,-12.713,-0.762,0.274
1571665811071,2019-10-21T2.50.11.071 pm,7.892,-8.506,-0.488,0.854
1571665811091,2019-10-21T2.50.11.091 pm,7.912,-5.518,-1.128,0.640
1571665811110,2019-10-21T2.50.11.110 pm,7.931,-5.122,-0.823,0.183
1571665811131,2019-10-21T2.50.11.131 pm,7.952,-5.915,-0.061,-0.457
1571665811151,2019-10-21T2.50.11.151 pm,7.972,-5.732,0.732,-0.518
1571665811172,2019-10-21T2.50.11.172 pm,7.993,-5.732,0.549,-0.396
1571665811191,2019-10-21T2.50.11.191 pm,8.012,-7.134,0.030,-0.091
1571665811211,2019-10-21T2.50.11.211 pm,8.032,-10.061,-0.274,-0.091
1571665811232,2019-10-21T2.50.11.232 pm,8.053,-10.549,-0.122,-0.762
1571665811251,2019-10-21T2.50.11.251 pm,8.072,-12.317,-0.061,-0.396
1571665811271,2019-10-21T2.50.11.271 pm,8.092,-14.329,-1.067,-0.640
1571665811292,2019-10-21T2.50.11.292 pm,8.113,-20.244,-0.701,-1.524
1571665811312,2019-10-21T2.50.11.312 pm,8.133,-31.280,2.866,-3.262
1571665811331,2019-10-21T2.50.11.331 pm,8.152,-40.122,4.848,-4.970
1571665811352,2019-10-21T2.50.11.352 pm,8.173,-44.909,4.695,-5.305
1571665811372,2019-10-21T2.50.11.372 pm,8.193,-55.762,6.616,-4.543
1571665811391,2019-10-21T2.50.11.391 pm,8.212,-71.220,3.567,-3.689
1571665811412,2019-10-21T2.50.11.412 pm,8.233,-89.116,4.756,-2.683
1571665811432,2019-10-21T2.50.11.432 pm,8.253,-119.177,17.805,-4.543
1571665811451,2019-10-21T2.50.11.451 pm,8.272,-148.384,27.104,-10.671
1571665811472,2019-10-21T2.50.11.472 pm,8.293,-172.470,22.744,-17.195
1571665811492,2019-10-21T2.50.11.492 pm,8.313,-211.616,14.543,-16.463
1571665811513,2019-10-21T2.50.11.513 pm,8.334,-245.671,9.970,-4.421
1571665811532,2019-10-21T2.50.11.532 pm,8.353,-266.250,20.488,2.500
1571665811552,2019-10-21T2.50.11.552 pm,8.373,-312.317,41.585,-1.250
1571665811573,2019-10-21T2.50.11.573 pm,8.394,-365.427,47.805,-3.201
1571665811592,2019-10-21T2.50.11.592 pm,8.413,-416.585,34.024,-10.488
1571665811613,2019-10-21T2.50.11.613 pm,8.434,-458.598,33.750,-0.579
1571665811633,2019-10-21T2.50.11.633 pm,8.454,-461.372,60.701,23.720
1571665811654,2019-10-21T2.50.11.654 pm,8.475,-441.341,86.768,23.598
1571665811673,2019-10-21T2.50.11.673 pm,8.494,-420.488,92.805,-4.451
1571665811693,2019-10-21T2.50.11.693 pm,8.514,-389.421,47.774,-28.171
1571665811714,2019-10-21T2.50.11.714 pm,8.535,-395.854,6.616,-17.470
1571665811733,2019-10-21T2.50.11.733 pm,8.554,-418.110,13.384,18.841
1571665811753,2019-10-21T2.50.11.753 pm,8.574,-355.671,26.707,23.018
1571665811774,2019-10-21T2.50.11.774 pm,8.595,-274.787,28.902,2.104
1571665811793,2019-10-21T2.50.11.793 pm,8.614,-295.823,18.902,-0.061
1571665811813,2019-10-21T2.50.11.813 pm,8.634,-346.890,9.451,0.488
1571665811834,2019-10-21T2.50.11.834 pm,8.655,-340.488,14.146,8.049
1571665811854,2019-10-21T2.50.11.854 pm,8.675,-284.024,31.433,22.927
1571665811873,2019-10-21T2.50.11.873 pm,8.694,-224.024,26.677,14.970
1571665811894,2019-10-21T2.50.11.894 pm,8.715,-238.049,11.860,11.433
1571665811914,2019-10-21T2.50.11.914 pm,8.735,-290.091,10.000,12.134
1571665811933,2019-10-21T2.50.11.933 pm,8.754,-252.561,26.829,-3.415
1571665811954,2019-10-21T2.50.11.954 pm,8.775,-192.530,28.933,-3.994
1571665811974,2019-10-21T2.50.11.974 pm,8.795,-171.890,25.793,2.256
1571665811995,2019-10-21T2.50.11.995 pm,8.816,-188.811,41.159,-5.884
1571665812014,2019-10-21T2.50.12.014 pm,8.835,-153.232,33.506,-25.610
1571665812034,2019-10-21T2.50.12.034 pm,8.855,-103.323,4.116,-27.683
1571665812055,2019-10-21T2.50.12.055 pm,8.876,-85.427,1.098,-18.018
1571665812074,2019-10-21T2.50.12.074 pm,8.895,-72.957,19.207,-10.335
1571665812094,2019-10-21T2.50.12.094 pm,8.915,-68.079,30.213,-14.421
1571665812115,2019-10-21T2.50.12.115 pm,8.936,-56.037,30.793,-18.293
1571665812135,2019-10-21T2.50.12.135 pm,8.956,-42.896,26.402,-16.616
1571665812155,2019-10-21T2.50.12.155 pm,8.976,-22.896,7.622,-8.780
1571665812175,2019-10-21T2.50.12.175 pm,8.996,-5.183,-3.994,2.500
1571665812196,2019-10-21T2.50.12.196 pm,9.017,-10.518,2.835,-0.884
1571665812215,2019-10-21T2.50.12.215 pm,9.036,-5.152,9.939,-7.561
1571665812235,2019-10-21T2.50.12.235 pm,9.056,12.744,8.110,-3.049
1571665812256,2019-10-21T2.50.12.256 pm,9.077,33.445,0.030,3.049
1571665812275,2019-10-21T2.50.12.275 pm,9.096,61.646,-5.091,6.311
1571665812295,2019-10-21T2.50.12.295 pm,9.116,80.030,-10.396,4.055
1571665812316,2019-10-21T2.50.12.316 pm,9.137,106.860,-18.201,3.171
1571665812336,2019-10-21T2.50.12.336 pm,9.157,174.238,-25.061,6.128
1571665812355,2019-10-21T2.50.12.355 pm,9.176,240.823,-28.994,5.457
1571665812376,2019-10-21T2.50.12.376 pm,9.197,224.756,-43.384,1.738
1571665812396,2019-10-21T2.50.12.396 pm,9.217,198.720,-45.488,1.768
1571665812415,2019-10-21T2.50.12.415 pm,9.236,275.671,-27.591,0.823
1571665812436,2019-10-21T2.50.12.436 pm,9.257,403.415,-8.933,-7.530
1571665812456,2019-10-21T2.50.12.456 pm,9.277,437.012,-7.226,-6.159
1571665812477,2019-10-21T2.50.12.477 pm,9.298,352.622,-13.171,-0.488
1571665812496,2019-10-21T2.50.12.496 pm,9.317,302.470,-4.299,-8.262
1571665812516,2019-10-21T2.50.12.516 pm,9.337,338.506,11.128,-14.695
1571665812537,2019-10-21T2.50.12.537 pm,9.358,426.494,17.530,-17.439
1571665812556,2019-10-21T2.50.12.556 pm,9.377,474.085,10.122,-14.146
1571665812576,2019-10-21T2.50.12.576 pm,9.397,394.085,-10.915,-4.909
1571665812597,2019-10-21T2.50.12.597 pm,9.418,316.982,-19.299,-11.494
1571665812617,2019-10-21T2.50.12.617 pm,9.438,346.220,-11.220,-20.030
1571665812636,2019-10-21T2.50.12.636 pm,9.457,383.780,-6.738,-8.262
1571665812657,2019-10-21T2.50.12.657 pm,9.478,375.549,-10.396,0.884
1571665812677,2019-10-21T2.50.12.677 pm,9.498,342.652,-15.152,-7.622
1571665812697,2019-10-21T2.50.12.697 pm,9.518,303.598,-13.811,-9.055
1571665812717,2019-10-21T2.50.12.717 pm,9.538,275.274,-5.366,-0.854
1571665812738,2019-10-21T2.50.12.738 pm,9.559,298.110,-6.646,-1.616
1571665812757,2019-10-21T2.50.12.757 pm,9.578,299.878,-8.079,0.701
1571665812777,2019-10-21T2.50.12.777 pm,9.598,261.616,-9.085,6.372
1571665812798,2019-10-21T2.50.12.798 pm,9.619,227.378,-15.030,6.098
1571665812818,2019-10-21T2.50.12.818 pm,9.639,236.555,-19.970,8.902
1571665812837,2019-10-21T2.50.12.837 pm,9.658,233.963,-20.823,12.774
1571665812858,2019-10-21T2.50.12.858 pm,9.679,210.030,-19.726,7.500
1571665812878,2019-10-21T2.50.12.878 pm,9.699,189.695,-20.793,6.372
1571665812897,2019-10-21T2.50.12.897 pm,9.718,165.244,-16.890,2.896
1571665812918,2019-10-21T2.50.12.918 pm,9.739,156.616,-12.866,0.701
1571665812938,2019-10-21T2.50.12.938 pm,9.759,124.329,-0.976,7.774
1571665812959,2019-10-21T2.50.12.959 pm,9.780,102.561,-0.518,10.122
1571665812978,2019-10-21T2.50.12.978 pm,9.799,101.280,-11.220,9.299
1571665812998,2019-10-21T2.50.12.998 pm,9.819,95.152,-16.585,13.567
1571665813019,2019-10-21T2.50.13.019 pm,9.840,86.098,-17.530,14.390
1571665813038,2019-10-21T2.50.13.038 pm,9.859,71.646,-16.890,5.884
1571665813058,2019-10-21T2.50.13.058 pm,9.879,47.988,-13.476,3.171
1571665813079,2019-10-21T2.50.13.079 pm,9.900,15.152,-1.098,7.104
1571665813099,2019-10-21T2.50.13.099 pm,9.920,-13.384,8.079,7.927
1571665813118,2019-10-21T2.50.13.118 pm,9.939,-7.988,1.677,1.433
1571665813139,2019-10-21T2.50.13.139 pm,9.960,3.415,-6.341,-0.366
1571665813159,2019-10-21T2.50.13.159 pm,9.980,-0.762,-6.677,-1.799
1571665813178,2019-10-21T2.50.13.178 pm,9.999,-14.817,-4.177,-3.415
1571665813199,2019-10-21T2.50.13.199 pm,10.020,-32.409,0.610,-4.055
1571665813219,2019-10-21T2.50.13.219 pm,10.040,-44.634,4.360,-3.445
1571665813239,2019-10-21T2.50.13.239 pm,10.060,-62.104,7.348,-0.762
1571665813259,2019-10-21T2.50.13.259 pm,10.080,-111.311,18.902,2.134
1571665813280,2019-10-21T2.50.13.280 pm,10.101,-199.299,42.866,5.823
1571665813300,2019-10-21T2.50.13.300 pm,10.121,-271.646,63.049,5.823
1571665813319,2019-10-21T2.50.13.319 pm,10.140,-290.030,54.878,1.402
1571665813340,2019-10-21T2.50.13.340 pm,10.161,-295.122,26.616,1.707
1571665813360,2019-10-21T2.50.13.360 pm,10.181,-307.134,17.348,7.652
1571665813379,2019-10-21T2.50.13.379 pm,10.200,-317.226,25.366,11.951
1571665813400,2019-10-21T2.50.13.400 pm,10.221,-358.659,14.817,14.817
1571665813420,2019-10-21T2.50.13.420 pm,10.241,-424.543,3.902,8.720
1571665813441,2019-10-21T2.50.13.441 pm,10.262,-482.226,-16.555,-5.915
1571665813460,2019-10-21T2.50.13.460 pm,10.281,-492.470,-17.500,-8.445
1571665813480,2019-10-21T2.50.13.480 pm,10.301,-444.695,23.354,15.396
1571665813501,2019-10-21T2.50.13.501 pm,10.322,-399.665,42.348,25.122
1571665813520,2019-10-21T2.50.13.520 pm,10.341,-378.049,29.482,7.622
1571665813540,2019-10-21T2.50.13.540 pm,10.361,-367.409,7.378,-18.232
1571665813561,2019-10-21T2.50.13.561 pm,10.382,-370.671,-12.043,-25.457
1571665813581,2019-10-21T2.50.13.581 pm,10.402,-350.884,1.829,3.872
1571665813600,2019-10-21T2.50.13.600 pm,10.421,-320.000,21.128,23.963
1571665813621,2019-10-21T2.50.13.621 pm,10.442,-280.762,26.494,-0.366
1571665813641,2019-10-21T2.50.13.641 pm,10.462,-263.262,7.683,-19.024
1571665813660,2019-10-21T2.50.13.660 pm,10.481,-259.055,-13.354,-15.732
1571665813681,2019-10-21T2.50.13.681 pm,10.502,-227.652,-12.744,-5.701
1571665813701,2019-10-21T2.50.13.701 pm,10.522,-202.744,-1.829,-5.244
1571665813720,2019-10-21T2.50.13.720 pm,10.541,-217.713,6.037,-14.543
1571665813741,2019-10-21T2.50.13.741 pm,10.562,-262.348,1.890,-23.994
1571665813761,2019-10-21T2.50.13.761 pm,10.582,-314.512,-23.110,-17.439
1571665813782,2019-10-21T2.50.13.782 pm,10.603,-322.378,-34.909,-10.396
1571665813801,2019-10-21T2.50.13.801 pm,10.622,-249.116,-18.384,-14.665
1571665813822,2019-10-21T2.50.13.822 pm,10.643,-199.817,0.671,-11.341
1571665813842,2019-10-21T2.50.13.842 pm,10.663,-180.366,18.293,-9.909
1571665813861,2019-10-21T2.50.13.861 pm,10.682,-146.311,20.427,-13.689
1571665813882,2019-10-21T2.50.13.882 pm,10.703,-84.482,9.451,-12.287
1571665813902,2019-10-21T2.50.13.902 pm,10.723,-48.232,-6.921,-3.841
1571665813923,2019-10-21T2.50.13.923 pm,10.744,-53.750,-11.341,-9.695
1571665813942,2019-10-21T2.50.13.942 pm,10.763,-45.610,1.037,-9.390
1571665813962,2019-10-21T2.50.13.962 pm,10.783,-22.226,10.030,-4.207
1571665813983,2019-10-21T2.50.13.983 pm,10.804,-21.098,4.512,-1.616
1571665814002,2019-10-21T2.50.14.002 pm,10.823,-22.256,-4.116,-0.762
1571665814022,2019-10-21T2.50.14.022 pm,10.843,5.122,-0.427,4.146
1571665814043,2019-10-21T2.50.14.043 pm,10.864,14.543,2.409,8.079
1571665814062,2019-10-21T2.50.14.062 pm,10.883,14.390,4.634,4.634
1571665814082,2019-10-21T2.50.14.082 pm,10.903,20.183,1.829,-0.396
1571665814103,2019-10-21T2.50.14.103 pm,10.924,43.780,1.494,-1.890
1571665814123,2019-10-21T2.50.14.123 pm,10.944,78.628,1.707,1.341
1571665814142,2019-10-21T2.50.14.142 pm,10.963,104.848,-7.195,3.963
1571665814163,2019-10-21T2.50.14.163 pm,10.984,132.226,-15.335,3.720
1571665814183,2019-10-21T2.50.14.183 pm,11.004,187.256,-5.793,0.945
1571665814202,2019-10-21T2.50.14.202 pm,11.023,250.183,8.659,-5.000
1571665814223,2019-10-21T2.50.14.223 pm,11.044,290.610,11.220,-9.146
1571665814243,2019-10-21T2.50.14.243 pm,11.064,277.774,1.006,-1.768
1571665814264,2019-10-21T2.50.14.264 pm,11.085,239.634,-6.250,7.439
1571665814283,2019-10-21T2.50.14.283 pm,11.104,284.512,4.634,2.256
1571665814303,2019-10-21T2.50.14.303 pm,11.124,394.939,23.262,-11.006
1571665814324,2019-10-21T2.50.14.324 pm,11.145,437.530,34.146,-17.104
1571665814343,2019-10-21T2.50.14.343 pm,11.164,340.427,18.232,-0.335
1571665814364,2019-10-21T2.50.14.364 pm,11.185,300.610,17.805,-1.433
1571665814384,2019-10-21T2.50.14.384 pm,11.205,391.738,39.726,-23.933
1571665814403,2019-10-21T2.50.14.403 pm,11.224,490.396,47.805,-36.159
1571665814424,2019-10-21T2.50.14.424 pm,11.245,473.902,27.439,-28.079
1571665814444,2019-10-21T2.50.14.444 pm,11.265,363.628,8.476,-10.122
1571665814465,2019-10-21T2.50.14.465 pm,11.286,306.768,7.439,-5.366
1571665814484,2019-10-21T2.50.14.484 pm,11.305,326.098,14.055,-10.457
1571665814504,2019-10-21T2.50.14.504 pm,11.325,352.866,9.482,-14.085
1571665814525,2019-10-21T2.50.14.525 pm,11.346,368.628,2.470,-24.390
1571665814544,2019-10-21T2.50.14.544 pm,11.365,347.927,0.427,-26.189
1571665814564,2019-10-21T2.50.14.564 pm,11.385,315.427,-0.610,-23.933
1571665814585,2019-10-21T2.50.14.585 pm,11.406,300.457,-9.512,-20.030
1571665814605,2019-10-21T2.50.14.605 pm,11.426,289.604,-19.543,-17.226
1571665814624,2019-10-21T2.50.14.624 pm,11.445,288.780,-23.232,-17.226
1571665814645,2019-10-21T2.50.14.645 pm,11.466,277.470,-21.341,-16.098
1571665814665,2019-10-21T2.50.14.665 pm,11.486,227.378,-7.378,-17.195
1571665814684,2019-10-21T2.50.14.684 pm,11.505,160.396,9.604,-13.201
1571665814705,2019-10-21T2.50.14.705 pm,11.526,141.128,13.476,-10.823
1571665814725,2019-10-21T2.50.14.725 pm,11.546,150.335,6.646,-11.951
1571665814746,2019-10-21T2.50.14.746 pm,11.567,166.037,0.762,-15.244
1571665814765,2019-10-21T2.50.14.765 pm,11.586,164.421,0.610,-17.073
1571665814785,2019-10-21T2.50.14.785 pm,11.606,124.878,10.152,-9.024
1571665814806,2019-10-21T2.50.14.806 pm,11.627,95.549,20.213,-5.671
1571665814825,2019-10-21T2.50.14.825 pm,11.646,72.348,24.299,0.427
1571665814845,2019-10-21T2.50.14.845 pm,11.666,56.067,13.567,4.268
1571665814866,2019-10-21T2.50.14.866 pm,11.687,31.463,7.683,8.049
1571665814885,2019-10-21T2.50.14.885 pm,11.706,12.683,9.146,7.470
1571665814906,2019-10-21T2.50.14.906 pm,11.727,2.256,1.707,1.463
1571665814926,2019-10-21T2.50.14.926 pm,11.747,-12.561,-6.738,-1.372
1571665814947,2019-10-21T2.50.14.947 pm,11.768,-16.341,-2.073,0.366
1571665814966,2019-10-21T2.50.14.966 pm,11.787,-18.902,3.110,1.341
1571665814986,2019-10-21T2.50.14.986 pm,11.807,-34.482,1.494,2.348
1571665815007,2019-10-21T2.50.15.007 pm,11.828,-54.543,0.793,3.994
1571665815026,2019-10-21T2.50.15.026 pm,11.847,-93.933,3.841,7.896
1571665815046,2019-10-21T2.50.15.046 pm,11.867,-110.854,8.232,5.305
1571665815067,2019-10-21T2.50.15.067 pm,11.888,-108.963,10.091,3.110
1571665815087,2019-10-21T2.50.15.087 pm,11.908,-146.616,19.787,12.134
1571665815106,2019-10-21T2.50.15.106 pm,11.927,-194.299,21.555,16.555
1571665815127,2019-10-21T2.50.15.127 pm,11.948,-225.335,8.171,10.366
1571665815147,2019-10-21T2.50.15.147 pm,11.968,-300.518,-3.963,-0.030
1571665815166,2019-10-21T2.50.15.166 pm,11.987,-367.073,-26.250,-13.780
1571665815187,2019-10-21T2.50.15.187 pm,12.008,-378.323,-33.354,-1.311
1571665815207,2019-10-21T2.50.15.207 pm,12.028,-372.378,-17.683,25.152
1571665815228,2019-10-21T2.50.15.228 pm,12.049,-392.835,-3.841,26.402
1571665815247,2019-10-21T2.50.15.247 pm,12.068,-435.915,-13.506,17.348
1571665815267,2019-10-21T2.50.15.267 pm,12.088,-483.232,-34.634,9.116
1571665815288,2019-10-21T2.50.15.288 pm,12.109,-486.585,-39.024,17.683
1571665815307,2019-10-21T2.50.15.307 pm,12.128,-446.707,-25.823,34.177
1571665815327,2019-10-21T2.50.15.327 pm,12.148,-391.677,-13.018,15.823
1571665815348,2019-10-21T2.50.15.348 pm,12.169,-344.512,-13.780,-5.793
1571665815367,2019-10-21T2.50.15.367 pm,12.188,-325.274,-30.122,0.579
1571665815387,2019-10-21T2.50.15.387 pm,12.208,-364.146,-43.323,23.445
1571665815408,2019-10-21T2.50.15.408 pm,12.229,-369.482,-35.152,19.360
1571665815428,2019-10-21T2.50.15.428 pm,12.249,-249.299,-6.189,-11.220
1571665815448,2019-10-21T2.50.15.448 pm,12.269,-173.293,-7.012,-10.152
1571665815468,2019-10-21T2.50.15.468 pm,12.289,-254.878,-38.567,16.768
1571665815489,2019-10-21T2.50.15.489 pm,12.310,-313.506,-52.927,19.116
1571665815508,2019-10-21T2.50.15.508 pm,12.329,-254.482,-15.518,6.921
1571665815528,2019-10-21T2.50.15.528 pm,12.349,-163.994,3.201,3.323
1571665815549,2019-10-21T2.50.15.549 pm,12.370,-203.415,-31.677,13.841
1571665815569,2019-10-21T2.50.15.569 pm,12.390,-323.232,-44.207,16.280
1571665815588,2019-10-21T2.50.15.588 pm,12.409,-300.000,-12.378,-1.524
1571665815609,2019-10-21T2.50.15.609 pm,12.430,-184.329,4.787,-3.994
1571665815629,2019-10-21T2.50.15.629 pm,12.450,-147.378,-7.378,3.079
1571665815648,2019-10-21T2.50.15.648 pm,12.469,-168.445,-5.061,-3.018
1571665815669,2019-10-21T2.50.15.669 pm,12.490,-161.006,-0.671,-6.372
1571665815689,2019-10-21T2.50.15.689 pm,12.510,-105.396,3.811,-8.049
1571665815708,2019-10-21T2.50.15.708 pm,12.529,-77.866,-1.189,1.677
1571665815729,2019-10-21T2.50.15.729 pm,12.550,-75.762,-4.878,-3.476
1571665815749,2019-10-21T2.50.15.749 pm,12.570,-61.524,-5.976,-7.409
1571665815770,2019-10-21T2.50.15.770 pm,12.591,-39.238,-3.171,0.854
1571665815789,2019-10-21T2.50.15.789 pm,12.610,-31.402,0.610,1.585
1571665815809,2019-10-21T2.50.15.809 pm,12.630,-33.933,-3.415,-3.201
1571665815830,2019-10-21T2.50.15.830 pm,12.651,-24.909,-8.476,-7.165
1571665815849,2019-10-21T2.50.15.849 pm,12.670,-11.982,-8.140,-10.732
1571665815869,2019-10-21T2.50.15.869 pm,12.690,-4.360,-8.140,-8.598
1571665815890,2019-10-21T2.50.15.890 pm,12.711,0.091,-8.079,-3.232
1571665815910,2019-10-21T2.50.15.910 pm,12.731,6.646,-3.201,0.915
1571665815929,2019-10-21T2.50.15.929 pm,12.750,16.067,-0.854,-1.555
1571665815950,2019-10-21T2.50.15.950 pm,12.771,19.817,-0.549,-0.854
1571665815970,2019-10-21T2.50.15.970 pm,12.791,25.640,1.372,-0.732
1571665815990,2019-10-21T2.50.15.990 pm,12.811,50.823,2.256,-0.427
1571665816010,2019-10-21T2.50.16.010 pm,12.831,66.098,-2.195,4.085
1571665816031,2019-10-21T2.50.16.031 pm,12.852,95.793,-4.085,7.165
1571665816051,2019-10-21T2.50.16.051 pm,12.872,97.470,-9.787,7.287
1571665816070,2019-10-21T2.50.16.070 pm,12.891,60.335,-11.433,5.732
1571665816091,2019-10-21T2.50.16.091 pm,12.912,90.213,3.293,5.213
1571665816111,2019-10-21T2.50.16.111 pm,12.932,155.366,15.732,7.348
1571665816130,2019-10-21T2.50.16.130 pm,12.951,201.128,9.634,3.537
1571665816151,2019-10-21T2.50.16.151 pm,12.972,204.146,-9.177,2.043
1571665816171,2019-10-21T2.50.16.171 pm,12.992,177.012,-12.439,3.628
1571665816190,2019-10-21T2.50.16.190 pm,13.011,230.549,11.768,-5.701
1571665816211,2019-10-21T2.50.16.211 pm,13.032,333.201,37.043,-13.384
1571665816231,2019-10-21T2.50.16.231 pm,13.052,418.963,55.335,-10.152
1571665816252,2019-10-21T2.50.16.252 pm,13.073,440.549,57.622,-0.122
1571665816271,2019-10-21T2.50.16.271 pm,13.092,384.329,47.165,4.726
1571665816291,2019-10-21T2.50.16.291 pm,13.112,363.811,49.543,-6.921
1571665816312,2019-10-21T2.50.16.312 pm,13.133,449.360,63.293,-20.396
1571665816331,2019-10-21T2.50.16.331 pm,13.152,531.860,60.061,-19.817
1571665816351,2019-10-21T2.50.16.351 pm,13.172,524.665,45.610,-17.866
1571665816372,2019-10-21T2.50.16.372 pm,13.193,452.896,34.939,-12.439
1571665816392,2019-10-21T2.50.16.392 pm,13.213,377.530,24.116,-9.421
1571665816411,2019-10-21T2.50.16.411 pm,13.232,358.232,15.610,-12.927
1571665816432,2019-10-21T2.50.16.432 pm,13.253,379.024,14.939,-15.671
1571665816452,2019-10-21T2.50.16.452 pm,13.273,402.317,19.634,-13.628
1571665816471,2019-10-21T2.50.16.471 pm,13.292,344.085,11.098,-4.421
1571665816492,2019-10-21T2.50.16.492 pm,13.313,265.854,-3.018,-3.049
1571665816512,2019-10-21T2.50.16.512 pm,13.333,256.555,-4.482,-5.305
1571665816531,2019-10-21T2.50.16.531 pm,13.352,258.079,1.402,3.140
1571665816552,2019-10-21T2.50.16.552 pm,13.373,262.988,-0.945,-2.256
1571665816573,2019-10-21T2.50.16.573 pm,13.394,258.720,-9.878,-15.396
1571665816593,2019-10-21T2.50.16.593 pm,13.414,203.354,-13.384,-13.262
1571665816612,2019-10-21T2.50.16.612 pm,13.433,147.866,-7.287,-4.787
1571665816633,2019-10-21T2.50.16.633 pm,13.454,136.677,0.091,1.128
1571665816653,2019-10-21T2.50.16.653 pm,13.474,143.963,2.561,6.067
1571665816672,2019-10-21T2.50.16.672 pm,13.493,138.567,0.152,3.293
1571665816693,2019-10-21T2.50.16.693 pm,13.514,134.024,-5.152,-3.354
1571665816713,2019-10-21T2.50.16.713 pm,13.534,121.951,0.915,1.890
1571665816734,2019-10-21T2.50.16.734 pm,13.555,109.451,10.762,12.195
1571665816753,2019-10-21T2.50.16.753 pm,13.574,76.829,10.610,13.750
1571665816773,2019-10-21T2.50.16.773 pm,13.594,31.311,0.518,9.055
1571665816794,2019-10-21T2.50.16.794 pm,13.615,9.634,-4.482,0.854
1571665816813,2019-10-21T2.50.16.813 pm,13.634,20.213,-3.018,-3.018
1571665816833,2019-10-21T2.50.16.833 pm,13.654,11.707,3.415,2.378
1571665816854,2019-10-21T2.50.16.854 pm,13.675,-12.378,8.384,6.189
1571665816874,2019-10-21T2.50.16.874 pm,13.695,-22.561,4.939,3.994
1571665816893,2019-10-21T2.50.16.893 pm,13.714,-32.652,3.110,2.470
1571665816914,2019-10-21T2.50.16.914 pm,13.735,-60.488,6.006,5.427
1571665816934,2019-10-21T2.50.16.934 pm,13.755,-130.488,17.530,13.659
1571665816953,2019-10-21T2.50.16.953 pm,13.774,-221.768,25.000,19.878
1571665816974,2019-10-21T2.50.16.974 pm,13.795,-286.037,27.530,18.811
1571665816994,2019-10-21T2.50.16.994 pm,13.815,-329.207,23.902,11.250
1571665817013,2019-10-21T2.50.17.013 pm,13.834,-401.829,10.793,6.189
1571665817034,2019-10-21T2.50.17.034 pm,13.855,-548.750,-2.226,14.512
1571665817054,2019-10-21T2.50.17.054 pm,13.875,-713.781,5.457,24.512
1571665817075,2019-10-21T2.50.17.075 pm,13.896,-737.713,11.890,16.585
1571665817094,2019-10-21T2.50.17.094 pm,13.915,-637.012,16.707,6.463
1571665817115,2019-10-21T2.50.17.115 pm,13.936,-563.171,6.616,-6.341
1571665817135,2019-10-21T2.50.17.135 pm,13.956,-531.433,-22.500,-16.463
1571665817154,2019-10-21T2.50.17.154 pm,13.975,-511.128,-34.756,-8.659
1571665817175,2019-10-21T2.50.17.175 pm,13.996,-469.543,-20.030,1.189
1571665817195,2019-10-21T2.50.17.195 pm,14.016,-415.671,-19.848,-0.122
1571665817216,2019-10-21T2.50.17.216 pm,14.037,-426.372,-23.994,-0.884
1571665817235,2019-10-21T2.50.17.235 pm,14.056,-405.366,-9.451,-9.848
1571665817255,2019-10-21T2.50.17.255 pm,14.076,-379.482,-5.335,-5.762
1571665817276,2019-10-21T2.50.17.276 pm,14.097,-370.305,-6.463,3.841
1571665817295,2019-10-21T2.50.17.295 pm,14.116,-292.622,4.329,-5.244
1571665817315,2019-10-21T2.50.17.315 pm,14.136,-215.244,4.726,-7.530
1571665817336,2019-10-21T2.50.17.336 pm,14.157,-208.049,5.701,-1.616
1571665817355,2019-10-21T2.50.17.355 pm,14.176,-196.799,4.024,-8.049
1571665817375,2019-10-21T2.50.17.375 pm,14.196,-176.433,5.335,-14.543
1571665817396,2019-10-21T2.50.17.396 pm,14.217,-163.293,10.518,-11.524
1571665817416,2019-10-21T2.50.17.416 pm,14.237,-145.183,19.634,-6.646
1571665817435,2019-10-21T2.50.17.435 pm,14.256,-112.561,22.988,-3.293
1571665817456,2019-10-21T2.50.17.456 pm,14.277,-84.848,18.201,-6.677
1571665817476,2019-10-21T2.50.17.476 pm,14.297,-83.323,13.140,-12.378
1571665817495,2019-10-21T2.50.17.495 pm,14.316,-62.134,-13.323,-10.732
1571665817516,2019-10-21T2.50.17.516 pm,14.337,-31.616,-20.976,-0.884
1571665817536,2019-10-21T2.50.17.536 pm,14.357,-10.579,-10.427,3.598
1571665817557,2019-10-21T2.50.17.557 pm,14.378,3.415,-2.957,-0.427
1571665817576,2019-10-21T2.50.17.576 pm,14.397,17.957,-3.171,-1.860
1571665817596,2019-10-21T2.50.17.596 pm,14.417,19.543,0.305,-5.061
1571665817617,2019-10-21T2.50.17.617 pm,14.438,32.927,5.183,-3.384
1571665817636,2019-10-21T2.50.17.636 pm,14.457,78.079,9.787,5.854
1571665817656,2019-10-21T2.50.17.656 pm,14.477,123.963,5.549,13.994
1571665817677,2019-10-21T2.50.17.677 pm,14.498,124.878,-15.915,8.384
1571665817696,2019-10-21T2.50.17.696 pm,14.517,144.634,-28.689,-9.055
1571665817717,2019-10-21T2.50.17.717 pm,14.538,210.701,-23.598,-7.012
1571665817737,2019-10-21T2.50.17.737 pm,14.558,275.000,-7.317,6.890
1571665817758,2019-10-21T2.50.17.758 pm,14.579,294.268,-7.287,0.000
1571665817777,2019-10-21T2.50.17.777 pm,14.598,247.896,-14.238,-9.939
1571665817797,2019-10-21T2.50.17.797 pm,14.618,238.780,0.762,-13.415
1571665817818,2019-10-21T2.50.17.818 pm,14.639,310.732,22.073,-16.494
1571665817837,2019-10-21T2.50.17.837 pm,14.658,352.622,27.866,-14.970
1571665817857,2019-10-21T2.50.17.857 pm,14.678,336.372,21.159,-13.841
1571665817878,2019-10-21T2.50.17.878 pm,14.699,297.744,17.866,-10.579
1571665817898,2019-10-21T2.50.17.898 pm,14.719,323.567,28.811,-22.043
1571665817917,2019-10-21T2.50.17.917 pm,14.738,384.543,41.098,-35.000
1571665817938,2019-10-21T2.50.17.938 pm,14.759,420.518,51.433,-33.110
1571665817958,2019-10-21T2.50.17.958 pm,14.779,404.329,40.976,-19.634
1571665817977,2019-10-21T2.50.17.977 pm,14.798,323.720,16.982,-9.207
1571665817998,2019-10-21T2.50.17.998 pm,14.819,276.006,8.262,-17.500
1571665818018,2019-10-21T2.50.18.018 pm,14.839,322.652,16.341,-30.183
1571665818037,2019-10-21T2.50.18.037 pm,14.858,384.268,27.043,-27.927
1571665818058,2019-10-21T2.50.18.058 pm,14.879,343.872,20.000,-11.738
1571665818078,2019-10-21T2.50.18.078 pm,14.899,278.598,11.128,-11.341
1571665818099,2019-10-21T2.50.18.099 pm,14.920,249.512,15.793,-17.378
1571665818118,2019-10-21T2.50.18.118 pm,14.939,272.530,27.774,-21.921
1571665818138,2019-10-21T2.50.18.138 pm,14.959,300.152,27.226,-18.293
1571665818159,2019-10-21T2.50.18.159 pm,14.980,318.841,20.854,-26.677
1571665818178,2019-10-21T2.50.18.178 pm,14.999,299.543,19.970,-33.110
1571665818198,2019-10-21T2.50.18.198 pm,15.019,300.366,20.152,-34.451
1571665818219,2019-10-21T2.50.18.219 pm,15.040,291.098,20.701,-22.348
1571665818240,2019-10-21T2.50.18.240 pm,15.061,257.896,17.439,-4.512
1571665818259,2019-10-21T2.50.18.259 pm,15.080,208.933,11.677,0.640
1571665818279,2019-10-21T2.50.18.279 pm,15.100,175.884,13.628,-0.823
1571665818300,2019-10-21T2.50.18.300 pm,15.121,138.323,18.049,6.098
1571665818319,2019-10-21T2.50.18.319 pm,15.140,104.024,14.695,10.213
1571665818339,2019-10-21T2.50.18.339 pm,15.160,69.085,6.311,12.652
1571665818360,2019-10-21T2.50.18.360 pm,15.181,-2.561,2.378,16.037
1571665818379,2019-10-21T2.50.18.379 pm,15.200,-57.988,5.518,13.598
1571665818399,2019-10-21T2.50.18.399 pm,15.220,-60.396,7.165,8.476
1571665818420,2019-10-21T2.50.18.420 pm,15.241,-38.720,1.951,1.128
1571665818440,2019-10-21T2.50.18.440 pm,15.261,-34.604,-1.372,1.128
1571665818459,2019-10-21T2.50.18.459 pm,15.280,-64.238,-0.732,8.018
1571665818480,2019-10-21T2.50.18.480 pm,15.301,-86.921,2.348,10.793
1571665818500,2019-10-21T2.50.18.500 pm,15.321,-66.616,4.573,2.439
1571665818519,2019-10-21T2.50.18.519 pm,15.340,-46.768,3.750,0.030
1571665818540,2019-10-21T2.50.18.540 pm,15.361,-73.994,6.829,8.811
1571665818560,2019-10-21T2.50.18.560 pm,15.381,-139.756,12.500,20.366
1571665818581,2019-10-21T2.50.18.581 pm,15.402,-210.183,18.720,25.518
1571665818600,2019-10-21T2.50.18.600 pm,15.421,-265.213,26.067,21.890
1571665818620,2019-10-21T2.50.18.620 pm,15.441,-285.732,26.098,18.049
1571665818641,2019-10-21T2.50.18.641 pm,15.462,-301.402,22.165,22.348
1571665818660,2019-10-21T2.50.18.660 pm,15.481,-322.591,14.634,26.311
1571665818680,2019-10-21T2.50.18.680 pm,15.501,-372.866,4.055,24.787
1571665818701,2019-10-21T2.50.18.701 pm,15.522,-399.726,-9.726,19.268
1571665818720,2019-10-21T2.50.18.720 pm,15.541,-348.750,-12.683,11.799
1571665818740,2019-10-21T2.50.18.740 pm,15.561,-305.488,-12.165,11.189
1571665818761,2019-10-21T2.50.18.761 pm,15.582,-327.896,-18.567,10.518
1571665818781,2019-10-21T2.50.18.781 pm,15.602,-380.945,-28.140,10.244
1571665818801,2019-10-21T2.50.18.801 pm,15.622,-413.415,-31.860,13.933
1571665818821,2019-10-21T2.50.18.821 pm,15.642,-390.579,-22.988,20.884
1571665818842,2019-10-21T2.50.18.842 pm,15.663,-328.902,-9.268,18.537
1571665818861,2019-10-21T2.50.18.861 pm,15.682,-312.530,-12.713,10.427
1571665818881,2019-10-21T2.50.18.881 pm,15.702,-344.055,-23.323,12.012
1571665818902,2019-10-21T2.50.18.902 pm,15.723,-346.921,-19.482,21.189
1571665818922,2019-10-21T2.50.18.922 pm,15.743,-304.207,-2.104,24.329
1571665818941,2019-10-21T2.50.18.941 pm,15.762,-268.659,5.427,17.957
1571665818962,2019-10-21T2.50.18.962 pm,15.783,-259.695,-12.317,15.213
1571665818982,2019-10-21T2.50.18.982 pm,15.803,-279.817,-20.061,19.238
1571665819001,2019-10-21T2.50.19.001 pm,15.822,-288.354,-0.793,24.756
1571665819022,2019-10-21T2.50.19.022 pm,15.843,-272.866,16.159,25.061
1571665819042,2019-10-21T2.50.19.042 pm,15.863,-244.360,7.134,22.530
1571665819061,2019-10-21T2.50.19.061 pm,15.882,-258.811,-0.671,21.494
1571665819082,2019-10-21T2.50.19.082 pm,15.903,-234.573,13.110,10.701
1571665819102,2019-10-21T2.50.19.102 pm,15.923,-167.683,21.768,6.128
1571665819123,2019-10-21T2.50.19.123 pm,15.944,-94.177,16.677,7.866
1571665819142,2019-10-21T2.50.19.142 pm,15.963,-69.268,9.634,7.409
1571665819162,2019-10-21T2.50.19.162 pm,15.983,-70.518,4.421,5.122
1571665819183,2019-10-21T2.50.19.183 pm,16.004,-43.262,-0.732,3.659
1571665819202,2019-10-21T2.50.19.202 pm,16.023,-12.927,2.988,5.183
1571665819222,2019-10-21T2.50.19.222 pm,16.043,-4.055,4.787,9.451
1571665819243,2019-10-21T2.50.19.243 pm,16.064,-14.055,-0.579,6.402
1571665819263,2019-10-21T2.50.19.263 pm,16.084,-10.274,-0.457,0.549
1571665819282,2019-10-21T2.50.19.282 pm,16.103,13.140,3.598,0.915
1571665819303,2019-10-21T2.50.19.303 pm,16.124,22.896,4.238,3.262
1571665819323,2019-10-21T2.50.19.323 pm,16.144,29.146,4.207,1.860
1571665819343,2019-10-21T2.50.19.343 pm,16.164,50.915,3.110,-1.829
1571665819363,2019-10-21T2.50.19.363 pm,16.184,87.530,2.439,-5.213
1571665819384,2019-10-21T2.50.19.384 pm,16.205,125.793,2.378,-8.537
1571665819403,2019-10-21T2.50.19.403 pm,16.224,156.250,3.415,-13.201
1571665819423,2019-10-21T2.50.19.423 pm,16.244,192.530,4.390,-16.189
1571665819444,2019-10-21T2.50.19.444 pm,16.265,229.543,3.567,-16.982
1571665819464,2019-10-21T2.50.19.464 pm,16.285,257.134,4.573,-18.110
1571665819483,2019-10-21T2.50.19.483 pm,16.304,259.939,1.555,-19.848
1571665819504,2019-10-21T2.50.19.504 pm,16.325,261.890,-3.689,-22.561
1571665819524,2019-10-21T2.50.19.524 pm,16.345,253.476,-6.585,-24.451
1571665819543,2019-10-21T2.50.19.543 pm,16.364,277.073,1.982,-29.116
1571665819564,2019-10-21T2.50.19.564 pm,16.385,335.884,12.073,-35.518
1571665819584,2019-10-21T2.50.19.584 pm,16.405,361.433,13.506,-29.787
1571665819605,2019-10-21T2.50.19.605 pm,16.426,351.921,11.616,-24.878
1571665819624,2019-10-21T2.50.19.624 pm,16.445,340.854,6.463,-26.951
1571665819644,2019-10-21T2.50.19.644 pm,16.465,355.183,8.750,-33.902
1571665819665,2019-10-21T2.50.19.665 pm,16.486,385.915,11.159,-42.439
1571665819684,2019-10-21T2.50.19.684 pm,16.505,408.872,13.933,-52.530
1571665819704,2019-10-21T2.50.19.704 pm,16.525,429.421,26.646,-58.567
1571665819725,2019-10-21T2.50.19.725 pm,16.546,387.317,30.122,-45.366
1571665819744,2019-10-21T2.50.19.744 pm,16.565,329.909,23.872,-33.902
1571665819764,2019-10-21T2.50.19.764 pm,16.585,283.994,15.244,-30.335
1571665819785,2019-10-21T2.50.19.785 pm,16.606,250.427,10.030,-30.427
1571665819805,2019-10-21T2.50.19.805 pm,16.626,234.939,15.762,-33.628
1571665819824,2019-10-21T2.50.19.824 pm,16.645,212.317,15.793,-28.628
1571665819845,2019-10-21T2.50.19.845 pm,16.666,170.671,11.982,-23.689
1571665819865,2019-10-21T2.50.19.865 pm,16.686,144.177,9.360,-25.945
1571665819885,2019-10-21T2.50.19.885 pm,16.706,176.006,15.244,-37.835
1571665819905,2019-10-21T2.50.19.905 pm,16.726,215.396,28.323,-38.110
1571665819926,2019-10-21T2.50.19.926 pm,16.747,199.848,28.902,-23.872
1571665819946,2019-10-21T2.50.19.946 pm,16.767,168.262,19.085,-21.890
1571665819965,2019-10-21T2.50.19.965 pm,16.786,131.921,7.591,-18.262
1571665819986,2019-10-21T2.50.19.986 pm,16.807,98.841,3.963,-15.000
1571665820006,2019-10-21T2.50.20.006 pm,16.827,75.213,7.591,-7.713
1571665820025,2019-10-21T2.50.20.025 pm,16.846,52.165,9.970,-0.091
1571665820046,2019-10-21T2.50.20.046 pm,16.867,14.665,8.110,6.707
1571665820066,2019-10-21T2.50.20.066 pm,16.887,-14.543,8.720,8.476
1571665820085,2019-10-21T2.50.20.085 pm,16.906,-14.878,10.579,5.671
1571665820106,2019-10-21T2.50.20.106 pm,16.927,-9.268,10.579,4.268
1571665820126,2019-10-21T2.50.20.126 pm,16.947,-15.579,9.116,5.549
1571665820147,2019-10-21T2.50.20.147 pm,16.968,-20.152,7.012,5.305
1571665820166,2019-10-21T2.50.20.166 pm,16.987,-15.732,5.122,2.073
1571665820186,2019-10-21T2.50.20.186 pm,17.007,-6.524,3.384,1.037
1571665820207,2019-10-21T2.50.20.207 pm,17.028,-4.268,0.854,2.774
1571665820226,2019-10-21T2.50.20.226 pm,17.047,-8.902,0.061,5.640
1571665820246,2019-10-21T2.50.20.246 pm,17.067,-11.372,-0.732,5.732
1571665820267,2019-10-21T2.50.20.267 pm,17.088,-9.421,-1.372,2.652
1571665820287,2019-10-21T2.50.20.287 pm,17.108,-7.195,-0.976,0.793
1571665820306,2019-10-21T2.50.20.306 pm,17.127,-9.665,-0.854,1.098
1571665820327,2019-10-21T2.50.20.327 pm,17.148,-15.274,-0.274,2.835
1571665820347,2019-10-21T2.50.20.347 pm,17.168,-16.524,0.000,2.439
1571665820366,2019-10-21T2.50.20.366 pm,17.187,-10.427,0.732,0.518
1571665820387,2019-10-21T2.50.20.387 pm,17.208,-8.963,2.104,0.762
1571665820407,2019-10-21T2.50.20.407 pm,17.228,-12.896,0.366,1.616
1571665820427,2019-10-21T2.50.20.427 pm,17.248,-12.470,-1.280,1.189
1571665820447,2019-10-21T2.50.20.447 pm,17.268,-10.518,-0.610,1.524
1571665820468,2019-10-21T2.50.20.468 pm,17.289,-9.604,0.335,2.226
1571665820488,2019-10-21T2.50.20.488 pm,17.309,-11.463,0.701,1.646
1571665820507,2019-10-21T2.50.20.507 pm,17.328,-11.951,0.030,0.000
1571665820528,2019-10-21T2.50.20.528 pm,17.349,-11.524,0.396,-0.030
1571665820548,2019-10-21T2.50.20.548 pm,17.369,-9.970,1.585,2.043
1571665820567,2019-10-21T2.50.20.567 pm,17.388,-5.610,2.073,1.616
1571665820588,2019-10-21T2.50.20.588 pm,17.409,-6.311,1.220,0.762
1571665820608,2019-10-21T2.50.20.608 pm,17.429,-8.384,0.244,-0.427
1571665820629,2019-10-21T2.50.20.629 pm,17.450,-8.232,0.488,-0.396
1571665820648,2019-10-21T2.50.20.648 pm,17.469,-9.421,1.189,0.457
1571665820668,2019-10-21T2.50.20.668 pm,17.489,-12.500,0.732,1.250
1571665820689,2019-10-21T2.50.20.689 pm,17.510,-11.890,-0.091,1.738
1571665820708,2019-10-21T2.50.20.708 pm,17.529,-7.530,-0.366,-0.457
1571665820728,2019-10-21T2.50.20.728 pm,17.549,-6.951,-0.030,-1.189
1571665820749,2019-10-21T2.50.20.749 pm,17.570,-10.366,0.823,0.427
1571665820768,2019-10-21T2.50.20.768 pm,17.589,-9.604,-0.091,0.823
1571665820788,2019-10-21T2.50.20.788 pm,17.609,-8.018,-0.244,0.732
1571665820809,2019-10-21T2.50.20.809 pm,17.630,-6.768,-0.884,0.366
1571665820829,2019-10-21T2.50.20.829 pm,17.650,-9.268,-0.518,1.890
1571665820848,2019-10-21T2.50.20.848 pm,17.669,-11.433,-0.244,3.323
1571665820869,2019-10-21T2.50.20.869 pm,17.690,-8.933,-0.305,1.768
1571665820889,2019-10-21T2.50.20.889 pm,17.710,-7.835,-0.457,0.091
1571665820908,2019-10-21T2.50.20.908 pm,17.729,-7.805,-0.396,-0.762
1571665820929,2019-10-21T2.50.20.929 pm,17.750,-5.671,1.128,0.610
1571665820949,2019-10-21T2.50.20.949 pm,17.770,-2.500,-0.122,0.732
1571665820970,2019-10-21T2.50.20.970 pm,17.791,-2.409,-0.854,-0.030
1571665820989,2019-10-21T2.50.20.989 pm,17.810,-4.268,-0.701,-1.067
1571665821010,2019-10-21T2.50.21.010 pm,17.831,-7.439,0.427,-1.677
1571665821030,2019-10-21T2.50.21.030 pm,17.851,-8.232,1.890,-1.677
1571665821049,2019-10-21T2.50.21.049 pm,17.870,-7.866,1.890,-0.823
1571665821070,2019-10-21T2.50.21.070 pm,17.891,-2.744,1.372,-0.701
1571665821090,2019-10-21T2.50.21.090 pm,17.911,2.165,0.396,-0.640
1571665821109,2019-10-21T2.50.21.109 pm,17.930,1.250,-0.183,0.793
1571665821130,2019-10-21T2.50.21.130 pm,17.951,-1.433,0.518,1.768
1571665821150,2019-10-21T2.50.21.150 pm,17.971,-1.372,1.372,1.433
1571665821171,2019-10-21T2.50.21.171 pm,17.992,1.402,0.457,-0.854
1571665821190,2019-10-21T2.50.21.190 pm,18.011,1.707,0.549,-1.402
1571665821210,2019-10-21T2.50.21.210 pm,18.031,-0.061,0.061,-0.793
1571665821231,2019-10-21T2.50.21.231 pm,18.052,-2.622,-0.213,-0.244
1571665821250,2019-10-21T2.50.21.250 pm,18.071,-1.220,0.244,-0.457
1571665821270,2019-10-21T2.50.21.270 pm,18.091,1.372,0.732,0.030
1571665821291,2019-10-21T2.50.21.291 pm,18.112,-1.098,0.366,0.122
1571665821311,2019-10-21T2.50.21.311 pm,18.132,-3.384,-0.610,-0.671
1571665821330,2019-10-21T2.50.21.330 pm,18.151,-0.945,-0.579,-1.372
1571665821351,2019-10-21T2.50.21.351 pm,18.172,0.366,-0.640,-1.951
1571665821371,2019-10-21T2.50.21.371 pm,18.192,-1.494,-1.098,-1.006
1571665821390,2019-10-21T2.50.21.390 pm,18.211,-1.463,-0.549,0.396
1571665821411,2019-10-21T2.50.21.411 pm,18.232,-2.104,0.000,0.945
1571665821431,2019-10-21T2.50.21.431 pm,18.252,-2.012,-0.396,-0.030
1571665821452,2019-10-21T2.50.21.452 pm,18.273,-1.921,-0.915,-1.250
1571665821471,2019-10-21T2.50.21.471 pm,18.292,-2.348,-0.671,-1.098
1571665821491,2019-10-21T2.50.21.491 pm,18.312,-1.067,-0.183,-0.030
1571665821512,2019-10-21T2.50.21.512 pm,18.333,0.305,-0.549,0.671
1571665821531,2019-10-21T2.50.21.531 pm,18.352,-1.280,-1.463,1.524
1571665821552,2019-10-21T2.50.21.552 pm,18.373,-4.512,-2.012,4.116
1571665821572,2019-10-21T2.50.21.572 pm,18.393,-7.805,-1.738,10.000
1571665821591,2019-10-21T2.50.21.591 pm,18.412,-1.799,-3.110,15.305
1571665821612,2019-10-21T2.50.21.612 pm,18.433,9.726,-6.006,13.963
1571665821632,2019-10-21T2.50.21.632 pm,18.453,8.262,-6.555,10.183
1571665821653,2019-10-21T2.50.21.653 pm,18.474,5.030,-3.232,6.128
1571665821672,2019-10-21T2.50.21.672 pm,18.493,4.055,-2.927,5.305
1571665821692,2019-10-21T2.50.21.692 pm,18.513,8.506,-3.232,2.104
1571665821713,2019-10-21T2.50.21.713 pm,18.534,7.805,-3.445,0.945
1571665821732,2019-10-21T2.50.21.732 pm,18.553,7.622,-1.524,-0.030
1571665821752,2019-10-21T2.50.21.752 pm,18.573,6.707,-2.104,-0.793
1571665821773,2019-10-21T2.50.21.773 pm,18.594,6.006,-5.183,-1.921
1571665821793,2019-10-21T2.50.21.793 pm,18.614,11.860,-4.726,-2.439
1571665821812,2019-10-21T2.50.21.812 pm,18.633,19.787,0.915,-0.366
1571665821833,2019-10-21T2.50.21.833 pm,18.654,25.793,0.518,-0.183
1571665821853,2019-10-21T2.50.21.853 pm,18.674,25.945,0.396,1.311
1571665821872,2019-10-21T2.50.21.872 pm,18.693,22.957,0.366,3.537
1571665821893,2019-10-21T2.50.21.893 pm,18.714,13.872,-0.061,4.817
1571665821913,2019-10-21T2.50.21.913 pm,18.734,3.994,-1.220,4.543
1571665821932,2019-10-21T2.50.21.932 pm,18.753,2.500,-1.159,3.628
1571665821953,2019-10-21T2.50.21.953 pm,18.774,8.598,0.091,4.146
1571665821973,2019-10-21T2.50.21.973 pm,18.794,8.018,-0.457,8.720
1571665821994,2019-10-21T2.50.21.994 pm,18.815,8.537,-0.366,10.701
1571665822013,2019-10-21T2.50.22.013 pm,18.834,16.707,1.037,11.677
1571665822033,2019-10-21T2.50.22.033 pm,18.854,21.433,1.738,15.030
1571665822054,2019-10-21T2.50.22.054 pm,18.875,20.945,1.768,17.348
1571665822073,2019-10-21T2.50.22.073 pm,18.894,14.695,4.970,18.171
1571665822094,2019-10-21T2.50.22.094 pm,18.915,16.098,2.591,12.713
1571665822114,2019-10-21T2.50.22.114 pm,18.935,22.256,4.360,8.293
1571665822135,2019-10-21T2.50.22.135 pm,18.956,24.939,3.933,5.671
1571665822154,2019-10-21T2.50.22.154 pm,18.975,20.976,2.774,4.329
1571665822174,2019-10-21T2.50.22.174 pm,18.995,13.720,3.506,4.146
1571665822195,2019-10-21T2.50.22.195 pm,19.016,12.195,3.140,2.470
1571665822214,2019-10-21T2.50.22.214 pm,19.035,16.067,3.079,-0.427
1571665822234,2019-10-21T2.50.22.234 pm,19.055,15.305,1.555,1.098
1571665822255,2019-10-21T2.50.22.255 pm,19.076,13.476,4.970,3.689
1571665822274,2019-10-21T2.50.22.274 pm,19.095,15.244,7.500,6.494
1571665822294,2019-10-21T2.50.22.294 pm,19.115,19.360,5.610,9.909
1571665822315,2019-10-21T2.50.22.315 pm,19.136,21.280,7.530,12.561
1571665822335,2019-10-21T2.50.22.335 pm,19.156,25.000,9.146,13.902
1571665822354,2019-10-21T2.50.22.354 pm,19.175,27.591,7.317,14.268
1571665822375,2019-10-21T2.50.22.375 pm,19.196,30.152,5.427,16.189
1571665822395,2019-10-21T2.50.22.395 pm,19.216,36.463,7.896,20.854
1571665822414,2019-10-21T2.50.22.414 pm,19.235,43.659,12.744,24.329
1571665822435,2019-10-21T2.50.22.435 pm,19.256,36.098,15.152,25.213
1571665822455,2019-10-21T2.50.22.455 pm,19.276,30.244,7.774,28.293
1571665822476,2019-10-21T2.50.22.476 pm,19.297,28.811,5.244,35.335
1571665822495,2019-10-21T2.50.22.495 pm,19.316,16.311,13.079,44.878
1571665822515,2019-10-21T2.50.22.515 pm,19.336,11.982,11.585,53.537
1571665822536,2019-10-21T2.50.22.536 pm,19.357,10.549,6.250,60.427
1571665822555,2019-10-21T2.50.22.555 pm,19.376,10.732,5.945,61.341
1571665822575,2019-10-21T2.50.22.575 pm,19.396,14.543,0.366,65.335
1571665822596,2019-10-21T2.50.22.596 pm,19.417,19.146,-7.226,76.463
1571665822615,2019-10-21T2.50.22.615 pm,19.436,27.470,-14.665,86.341
1571665822635,2019-10-21T2.50.22.635 pm,19.456,25.366,-14.573,86.616
1571665822656,2019-10-21T2.50.22.656 pm,19.477,21.524,-10.244,80.762
1571665822677,2019-10-21T2.50.22.677 pm,19.498,16.646,-14.604,80.884
1571665822696,2019-10-21T2.50.22.696 pm,19.517,23.293,-17.378,84.146
1571665822716,2019-10-21T2.50.22.716 pm,19.537,27.348,-18.445,86.707
1571665822737,2019-10-21T2.50.22.737 pm,19.558,19.909,-21.921,80.976
1571665822756,2019-10-21T2.50.22.756 pm,19.577,11.829,-23.201,70.335
1571665822776,2019-10-21T2.50.22.776 pm,19.597,10.854,-28.140,71.890
1571665822797,2019-10-21T2.50.22.797 pm,19.618,8.841,-27.957,70.183
1571665822817,2019-10-21T2.50.22.817 pm,19.638,4.451,-23.598,57.104
1571665822836,2019-10-21T2.50.22.836 pm,19.657,-5.061,-13.689,48.902
1571665822857,2019-10-21T2.50.22.857 pm,19.678,-11.494,-2.378,39.085
1571665822877,2019-10-21T2.50.22.877 pm,19.698,-9.299,-4.116,31.524
1571665822896,2019-10-21T2.50.22.896 pm,19.717,-11.707,-5.152,23.354
1571665822917,2019-10-21T2.50.22.917 pm,19.738,-13.079,-0.152,16.463
1571665822937,2019-10-21T2.50.22.937 pm,19.758,-22.256,0.884,22.165
1571665822956,2019-10-21T2.50.22.956 pm,19.777,-37.470,0.701,27.988
1571665822977,2019-10-21T2.50.22.977 pm,19.798,-38.232,-2.591,30.183
1571665822997,2019-10-21T2.50.22.997 pm,19.818,-22.774,-11.189,25.305
1571665823018,2019-10-21T2.50.23.018 pm,19.839,-21.982,-12.012,21.860
1571665823037,2019-10-21T2.50.23.037 pm,19.858,-24.543,-11.280,19.848
1571665823057,2019-10-21T2.50.23.057 pm,19.878,-18.110,-12.409,19.055
1571665823078,2019-10-21T2.50.23.078 pm,19.899,-13.750,-10.610,17.073
1571665823097,2019-10-21T2.50.23.097 pm,19.918,-12.348,-11.494,12.378
1571665823117,2019-10-21T2.50.23.117 pm,19.938,-14.116,-14.085,6.189
1571665823138,2019-10-21T2.50.23.138 pm,19.959,-16.890,-18.232,3.567
1571665823158,2019-10-21T2.50.23.158 pm,19.979,-29.695,-15.091,7.500
1571665823177,2019-10-21T2.50.23.177 pm,19.998,-39.177,-20.244,7.835
1571665823198,2019-10-21T2.50.23.198 pm,20.019,-28.963,-25.122,5.030
1571665823219,2019-10-21T2.50.23.219 pm,20.040,-19.787,-16.585,5.335
1571665823238,2019-10-21T2.50.23.238 pm,20.059,-18.201,-8.628,5.396
1571665823258,2019-10-21T2.50.23.258 pm,20.079,-6.098,-7.591,0.000
1571665823279,2019-10-21T2.50.23.279 pm,20.100,-13.506,-1.677,0.152
1571665823298,2019-10-21T2.50.23.298 pm,20.119,-11.585,1.280,-1.463
1571665823318,2019-10-21T2.50.23.318 pm,20.139,-11.128,1.890,-2.256
1571665823339,2019-10-21T2.50.23.339 pm,20.160,-6.280,-0.488,-2.988
1571665823359,2019-10-21T2.50.23.359 pm,20.180,1.280,-0.152,-4.360
1571665823378,2019-10-21T2.50.23.378 pm,20.199,5.366,3.750,-4.024
1571665823399,2019-10-21T2.50.23.399 pm,20.220,6.585,9.573,-2.226
1571665823419,2019-10-21T2.50.23.419 pm,20.240,9.573,15.976,-3.537
1571665823438,2019-10-21T2.50.23.438 pm,20.259,6.067,17.866,-5.579
1571665823459,2019-10-21T2.50.23.459 pm,20.280,4.482,16.159,-8.659
1571665823479,2019-10-21T2.50.23.479 pm,20.300,7.256,16.311,-10.091
1571665823500,2019-10-21T2.50.23.500 pm,20.321,5.396,17.683,-10.793
1571665823519,2019-10-21T2.50.23.519 pm,20.340,0.152,18.537,-13.780
1571665823539,2019-10-21T2.50.23.539 pm,20.360,1.646,16.006,-15.884
1571665823560,2019-10-21T2.50.23.560 pm,20.381,3.567,13.415,-14.421
1571665823579,2019-10-21T2.50.23.579 pm,20.400,7.683,10.762,-15.549
1571665823599,2019-10-21T2.50.23.599 pm,20.420,11.006,8.476,-17.896
1571665823620,2019-10-21T2.50.23.620 pm,20.441,10.762,8.750,-19.177
1571665823639,2019-10-21T2.50.23.639 pm,20.460,8.567,9.787,-18.049
1571665823659,2019-10-21T2.50.23.659 pm,20.480,11.311,8.841,-21.280
1571665823680,2019-10-21T2.50.23.680 pm,20.501,9.146,7.500,-25.610
1571665823700,2019-10-21T2.50.23.700 pm,20.521,2.439,10.671,-27.500
1571665823719,2019-10-21T2.50.23.719 pm,20.540,3.201,12.165,-29.146
1571665823740,2019-10-21T2.50.23.740 pm,20.561,9.970,11.646,-34.451
1571665823760,2019-10-21T2.50.23.760 pm,20.581,11.555,14.177,-40.061
1571665823780,2019-10-21T2.50.23.780 pm,20.601,9.665,15.915,-46.220
1571665823800,2019-10-21T2.50.23.800 pm,20.621,13.811,17.591,-51.463
1571665823821,2019-10-21T2.50.23.821 pm,20.642,12.683,19.604,-56.707
1571665823841,2019-10-21T2.50.23.841 pm,20.662,11.677,15.915,-63.567
1571665823860,2019-10-21T2.50.23.860 pm,20.681,11.037,10.732,-67.835
1571665823881,2019-10-21T2.50.23.881 pm,20.702,1.280,5.457,-69.390
1571665823901,2019-10-21T2.50.23.901 pm,20.722,-5.884,2.348,-69.909
1571665823920,2019-10-21T2.50.23.920 pm,20.741,-16.311,0.610,-68.689
1571665823941,2019-10-21T2.50.23.941 pm,20.762,-24.421,-3.841,-71.341
1571665823961,2019-10-21T2.50.23.961 pm,20.782,-36.616,-6.921,-74.604
1571665823980,2019-10-21T2.50.23.980 pm,20.801,-47.530,-9.116,-75.549
1571665824001,2019-10-21T2.50.24.001 pm,20.822,-52.226,-12.652,-69.604
1571665824021,2019-10-21T2.50.24.021 pm,20.842,-43.598,-12.805,-65.061
1571665824042,2019-10-21T2.50.24.042 pm,20.863,-36.159,-16.402,-66.220
1571665824061,2019-10-21T2.50.24.061 pm,20.882,-34.665,-27.835,-66.159
1571665824081,2019-10-21T2.50.24.081 pm,20.902,-40.030,-38.354,-59.238
1571665824102,2019-10-21T2.50.24.102 pm,20.923,-47.866,-42.561,-49.116
1571665824121,2019-10-21T2.50.24.121 pm,20.942,-49.268,-45.335,-40.183
1571665824141,2019-10-21T2.50.24.141 pm,20.962,-46.250,-47.409,-31.250
1571665824162,2019-10-21T2.50.24.162 pm,20.983,-41.524,-50.640,-26.982
1571665824182,2019-10-21T2.50.24.182 pm,21.003,-42.744,-57.744,-24.970
1571665824201,2019-10-21T2.50.24.201 pm,21.022,-37.043,-80.884,-23.628
1571665824222,2019-10-21T2.50.24.222 pm,21.043,-29.299,-49.085,-15.732
1571665824242,2019-10-21T2.50.24.242 pm,21.063,-27.957,35.610,-13.750
1571665824261,2019-10-21T2.50.24.261 pm,21.082,-16.555,54.817,-10.244
1571665824282,2019-10-21T2.50.24.282 pm,21.103,8.811,25.183,-3.476
1571665824302,2019-10-21T2.50.24.302 pm,21.123,10.122,-4.634,1.707
1571665824322,2019-10-21T2.50.24.322 pm,21.143,0.854,-29.848,1.982
1571665824342,2019-10-21T2.50.24.342 pm,21.163,3.659,-47.683,-0.213
1571665824363,2019-10-21T2.50.24.363 pm,21.184,6.982,-47.988,1.799
1571665824383,2019-10-21T2.50.24.383 pm,21.204,7.591,-24.695,3.720
1571665824402,2019-10-21T2.50.24.402 pm,21.223,1.738,7.835,3.293
1571665824423,2019-10-21T2.50.24.423 pm,21.244,3.354,20.671,0.091
1571665824443,2019-10-21T2.50.24.443 pm,21.264,9.268,10.732,-2.256
1571665824462,2019-10-21T2.50.24.462 pm,21.283,8.841,-4.207,-3.049
1571665824483,2019-10-21T2.50.24.483 pm,21.304,4.756,-13.841,-3.994
1571665824503,2019-10-21T2.50.24.503 pm,21.324,3.140,-10.793,-5.732
1571665824524,2019-10-21T2.50.24.524 pm,21.345,1.646,-2.957,-5.213
1571665824543,2019-10-21T2.50.24.543 pm,21.364,1.067,5.671,-6.799
1571665824563,2019-10-21T2.50.24.563 pm,21.384,-0.488,10.488,-5.976
1571665824584,2019-10-21T2.50.24.584 pm,21.405,-2.835,3.537,-6.707
1571665824603,2019-10-21T2.50.24.603 pm,21.424,-4.726,-4.817,-5.701
1571665824623,2019-10-21T2.50.24.623 pm,21.444,-3.079,-0.823,-3.140
1571665824644,2019-10-21T2.50.24.644 pm,21.465,3.933,7.530,1.341
1571665824664,2019-10-21T2.50.24.664 pm,21.485,7.530,18.445,7.774
1571665824683,2019-10-21T2.50.24.683 pm,21.504,9.604,20.945,13.750
1571665824704,2019-10-21T2.50.24.704 pm,21.525,9.238,12.744,24.024
1571665824724,2019-10-21T2.50.24.724 pm,21.545,5.762,13.689,32.226
1571665824743,2019-10-21T2.50.24.743 pm,21.564,8.415,21.067,42.957
1571665824764,2019-10-21T2.50.24.764 pm,21.585,16.159,20.793,57.774
1571665824784,2019-10-21T2.50.24.784 pm,21.605,27.287,22.073,75.396
1571665824803,2019-10-21T2.50.24.803 pm,21.624,33.506,25.274,94.268
1571665824824,2019-10-21T2.50.24.824 pm,21.645,38.750,32.439,103.598
1571665824844,2019-10-21T2.50.24.844 pm,21.665,40.823,32.104,110.213
1571665824865,2019-10-21T2.50.24.865 pm,21.686,42.835,20.579,113.659
1571665824884,2019-10-21T2.50.24.884 pm,21.705,50.213,9.878,115.884
1571665824905,2019-10-21T2.50.24.905 pm,21.726,59.329,9.909,114.787
1571665824925,2019-10-21T2.50.24.925 pm,21.746,63.262,14.299,113.018
1571665824944,2019-10-21T2.50.24.944 pm,21.765,58.293,17.317,108.293
1571665824965,2019-10-21T2.50.24.965 pm,21.786,48.811,17.591,101.037
1571665824985,2019-10-21T2.50.24.985 pm,21.806,51.341,4.451,89.482
1571665825006,2019-10-21T2.50.25.006 pm,21.827,57.652,-6.494,71.951
1571665825025,2019-10-21T2.50.25.025 pm,21.846,49.970,-13.994,60.305
1571665825045,2019-10-21T2.50.25.045 pm,21.866,35.701,-20.701,55.488
1571665825066,2019-10-21T2.50.25.066 pm,21.887,17.530,-25.274,43.963
1571665825085,2019-10-21T2.50.25.085 pm,21.906,4.909,-21.799,35.762
1571665825105,2019-10-21T2.50.25.105 pm,21.926,4.329,-22.957,30.915
1571665825126,2019-10-21T2.50.25.126 pm,21.947,0.732,-29.116,22.134
1571665825145,2019-10-21T2.50.25.145 pm,21.966,-10.915,-34.207,16.006
1571665825165,2019-10-21T2.50.25.165 pm,21.986,-21.707,-34.360,11.799
1571665825186,2019-10-21T2.50.25.186 pm,22.007,-13.659,-36.128,9.329
1571665825206,2019-10-21T2.50.25.206 pm,22.027,-7.713,-38.689,13.659
1571665825225,2019-10-21T2.50.25.225 pm,22.046,-5.335,-30.030,16.555
1571665825246,2019-10-21T2.50.25.246 pm,22.067,-10.274,-13.963,17.866
1571665825266,2019-10-21T2.50.25.266 pm,22.087,-8.933,-8.262,17.073
1571665825285,2019-10-21T2.50.25.285 pm,22.106,2.591,-8.445,18.415
1571665825306,2019-10-21T2.50.25.306 pm,22.127,6.524,-9.451,16.189
1571665825326,2019-10-21T2.50.25.326 pm,22.147,7.165,-17.439,14.909
1571665825347,2019-10-21T2.50.25.347 pm,22.168,15.427,-20.183,16.860
1571665825366,2019-10-21T2.50.25.366 pm,22.187,19.939,-24.573,19.817
1571665825386,2019-10-21T2.50.25.386 pm,22.207,14.482,-37.043,23.659
1571665825407,2019-10-21T2.50.25.407 pm,22.228,3.201,-39.146,23.780
1571665825426,2019-10-21T2.50.25.426 pm,22.247,0.854,-29.695,19.787
1571665825447,2019-10-21T2.50.25.447 pm,22.268,0.122,-33.323,16.921
1571665825467,2019-10-21T2.50.25.467 pm,22.288,-5.823,-40.762,13.811
1571665825488,2019-10-21T2.50.25.488 pm,22.309,-10.488,-32.043,10.762
1571665825507,2019-10-21T2.50.25.507 pm,22.328,-15.549,-22.652,15.579
1571665825527,2019-10-21T2.50.25.527 pm,22.348,-12.866,-34.024,11.921
1571665825548,2019-10-21T2.50.25.548 pm,22.369,1.037,-76.128,-0.366
1571665825567,2019-10-21T2.50.25.567 pm,22.388,46.524,-55.884,-5.823
1571665825587,2019-10-21T2.50.25.587 pm,22.408,15.366,63.598,-5.061
1571665825608,2019-10-21T2.50.25.608 pm,22.429,1.890,7.622,-48.994
1571665825627,2019-10-21T2.50.25.627 pm,22.448,-61.768,-48.110,-193.079
1571665825647,2019-10-21T2.50.25.647 pm,22.468,-93.171,-309.573,-243.049
1571665825668,2019-10-21T2.50.25.668 pm,22.489,-255.091,476.768,-70.701
1571665825688,2019-10-21T2.50.25.688 pm,22.509,219.787,184.512,-43.110
1571665825707,2019-10-21T2.50.25.707 pm,22.528,-589.146,-438.902,-80.030
1571665825728,2019-10-21T2.50.25.728 pm,22.549,-275.976,546.494,-33.354
1571665825748,2019-10-21T2.50.25.748 pm,22.569,795.854,130.000,-77.835
1571665825767,2019-10-21T2.50.25.767 pm,22.588,-611.433,-448.354,-106.311
1571665825788,2019-10-21T2.50.25.788 pm,22.609,-380.854,572.195,-60.244
1571665825808,2019-10-21T2.50.25.808 pm,22.629,912.439,168.079,-130.854
1571665825827,2019-10-21T2.50.25.827 pm,22.648,-355.427,-526.402,-164.024
1571665825848,2019-10-21T2.50.25.848 pm,22.669,-400.030,584.543,-138.659
1571665825868,2019-10-21T2.50.25.868 pm,22.689,813.659,28.841,-203.628
1571665825889,2019-10-21T2.50.25.889 pm,22.710,-55.488,-574.756,-226.524
1571665825908,2019-10-21T2.50.25.908 pm,22.729,-84.543,268.537,-191.220
1571665825928,2019-10-21T2.50.25.928 pm,22.749,109.421,-51.585,-87.805
1571665825949,2019-10-21T2.50.25.949 pm,22.770,-0.213,11.524,-22.348
1571665825968,2019-10-21T2.50.25.968 pm,22.789,-45.366,30.976,20.823
1571665825989,2019-10-21T2.50.25.989 pm,22.810,-25.488,1.982,52.805
1571665826009,2019-10-21T2.50.26.009 pm,22.830,15.061,-1.311,35.305
1571665826030,2019-10-21T2.50.26.030 pm,22.851,-2.012,-0.762,3.963
1571665826049,2019-10-21T2.50.26.049 pm,22.870,-1.341,-0.671,-3.079
1571665826069,2019-10-21T2.50.26.069 pm,22.890,-0.061,-0.762,-0.183
1571665826090,2019-10-21T2.50.26.090 pm,22.911,-0.335,-0.671,-0.335
1571665826109,2019-10-21T2.50.26.109 pm,22.930,-0.457,-0.732,-0.488
1571665826129,2019-10-21T2.50.26.129 pm,22.950,-0.427,-0.640,-0.427
1571665826150,2019-10-21T2.50.26.150 pm,22.971,-0.488,-0.640,-0.457
1571665826169,2019-10-21T2.50.26.169 pm,22.990,-0.396,-0.640,-0.427
1571665826189,2019-10-21T2.50.26.189 pm,23.010,-0.396,-0.640,-0.427
1571665826210,2019-10-21T2.50.26.210 pm,23.031,-0.457,-0.671,-0.427
1571665826230,2019-10-21T2.50.26.230 pm,23.051,-0.457,-0.701,-0.396
1571665826249,2019-10-21T2.50.26.249 pm,23.070,-0.488,-0.671,-0.427
1571665826270,2019-10-21T2.50.26.270 pm,23.091,-0.427,-0.640,-0.396
1571665826290,2019-10-21T2.50.26.290 pm,23.111,-0.427,-0.732,-0.396