epoc (ms),timestamp (+0100),elapsed (s),x-axis (g),y-axis (g),z-axis (g)
1571665803200,2019-10-21T2.50.03.200 pm,0.000,0.041,0.145,0.963
1571665803220,2019-10-21T2.50.03.220 pm,0.020,0.061,0.164,1.013
1571665803240,2019-10-21T2.50.03.240 pm,0.040,0.043,0.198,1.003
1571665803260,2019-10-21T2.50.03.260 pm,0.060,0.073,0.173,1.038
1571665803281,2019-10-21T2.50.03.281 pm,0.081,0.100,0.174,1.047
1571665803301,2019-10-21T2.50.03.301 pm,0.101,0.055,0.197,0.983
1571665803320,2019-10-21T2.50.03.320 pm,0.120,0.054,0.181,0.975
1571665803341,2019-10-21T2.50.03.341 pm,0.141,0.046,0.172,0.947
1571665803361,2019-10-21T2.50.03.361 pm,0.161,0.055,0.169,0.949
1571665803380,2019-10-21T2.50.03.380 pm,0.180,0.063,0.138,0.975
1571665803401,2019-10-21T2.50.03.401 pm,0.201,0.027,0.120,0.934
1571665803421,2019-10-21T2.50.03.421 pm,0.221,0.089,0.142,1.010
1571665803442,2019-10-21T2.50.03.442 pm,0.242,0.076,0.170,1.006
1571665803461,2019-10-21T2.50.03.461 pm,0.261,0.023,0.123,0.959
1571665803481,2019-10-21T2.50.03.481 pm,0.281,0.028,0.082,0.956
1571665803502,2019-10-21T2.50.03.502 pm,0.302,0.040,0.155,0.961
1571665803521,2019-10-21T2.50.03.521 pm,0.321,0.067,0.171,1.007
1571665803541,2019-10-21T2.50.03.541 pm,0.341,0.068,0.133,1.029
1571665803562,2019-10-21T2.50.03.562 pm,0.362,0.027,0.145,0.967
1571665803581,2019-10-21T2.50.03.581 pm,0.381,0.040,0.141,0.976
1571665803601,2019-10-21T2.50.03.601 pm,0.401,0.044,0.156,0.988
1571665803622,2019-10-21T2.50.03.622 pm,0.422,-0.001,0.172,0.922
1571665803642,2019-10-21T2.50.03.642 pm,0.442,0.012,0.195,0.948
1571665803661,2019-10-21T2.50.03.661 pm,0.461,0.042,0.183,0.972
1571665803682,2019-10-21T2.50.03.682 pm,0.482,0.044,0.164,0.993
1571665803702,2019-10-21T2.50.03.702 pm,0.502,0.032,0.146,0.995
1571665803721,2019-10-21T2.50.03.721 pm,0.521,0.031,0.153,0.993
1571665803742,2019-10-21T2.50.03.742 pm,0.542,0.031,0.202,0.972
1571665803762,2019-10-21T2.50.03.762 pm,0.562,0.046,0.209,0.974
1571665803783,2019-10-21T2.50.03.783 pm,0.583,0.023,0.259,0.923
1571665803802,2019-10-21T2.50.03.802 pm,0.602,0.019,0.225,0.905
1571665803823,2019-10-21T2.50.03.823 pm,0.623,0.049,0.172,0.964
1571665803843,2019-10-21T2.50.03.843 pm,0.643,0.019,0.196,0.930
1571665803862,2019-10-21T2.50.03.862 pm,0.662,0.015,0.220,0.915
1571665803883,2019-10-21T2.50.03.883 pm,0.683,0.038,0.187,0.952
1571665803903,2019-10-21T2.50.03.903 pm,0.703,0.032,0.161,0.951
1571665803922,2019-10-21T2.50.03.922 pm,0.722,0.047,0.193,0.975
1571665803943,2019-10-21T2.50.03.943 pm,0.743,0.041,0.202,0.968
1571665803963,2019-10-21T2.50.03.963 pm,0.763,0.038,0.173,0.967
1571665803984,2019-10-21T2.50.03.984 pm,0.784,0.036,0.182,0.971
1571665804003,2019-10-21T2.50.04.003 pm,0.803,0.016,0.191,0.932
1571665804023,2019-10-21T2.50.04.023 pm,0.823,0.024,0.168,0.930
1571665804044,2019-10-21T2.50.04.044 pm,0.844,0.030,0.165,0.945
1571665804063,2019-10-21T2.50.04.063 pm,0.863,0.022,0.164,0.945
1571665804083,2019-10-21T2.50.04.083 pm,0.883,0.018,0.161,0.959
1571665804104,2019-10-21T2.50.04.104 pm,0.904,0.021,0.180,0.973
1571665804124,2019-10-21T2.50.04.124 pm,0.924,-0.016,0.172,0.927
1571665804143,2019-10-21T2.50.04.143 pm,0.943,-0.010,0.150,0.951
1571665804164,2019-10-21T2.50.04.164 pm,0.964,-0.007,0.177,0.954
1571665804184,2019-10-21T2.50.04.184 pm,0.984,-0.013,0.182,0.936
1571665804203,2019-10-21T2.50.04.203 pm,1.003,-0.001,0.185,0.966
1571665804224,2019-10-21T2.50.04.224 pm,1.024,0.011,0.215,0.992
1571665804244,2019-10-21T2.50.04.244 pm,1.044,0.004,0.229,0.979
1571665804263,2019-10-21T2.50.04.263 pm,1.063,-0.006,0.209,0.958
1571665804284,2019-10-21T2.50.04.284 pm,1.084,-0.005,0.190,0.956
1571665804304,2019-10-21T2.50.04.304 pm,1.104,0.016,0.187,0.993
1571665804325,2019-10-21T2.50.04.325 pm,1.125,0.017,0.192,0.990
1571665804344,2019-10-21T2.50.04.344 pm,1.144,-0.003,0.210,0.948
1571665804365,2019-10-21T2.50.04.365 pm,1.165,-0.023,0.198,0.918
1571665804385,2019-10-21T2.50.04.385 pm,1.185,-0.004,0.186,0.945
1571665804404,2019-10-21T2.50.04.404 pm,1.204,0.008,0.197,0.966
1571665804425,2019-10-21T2.50.04.425 pm,1.225,0.003,0.228,0.947
1571665804445,2019-10-21T2.50.04.445 pm,1.245,-0.006,0.178,0.950
1571665804466,2019-10-21T2.50.04.466 pm,1.266,0.021,0.221,0.974
1571665804485,2019-10-21T2.50.04.485 pm,1.285,-0.003,0.208,0.953
1571665804505,2019-10-21T2.50.04.505 pm,1.305,-0.014,0.198,0.942
1571665804526,2019-10-21T2.50.04.526 pm,1.326,0.012,0.188,0.964
1571665804545,2019-10-21T2.50.04.545 pm,1.345,0.008,0.208,0.957
1571665804565,2019-10-21T2.50.04.565 pm,1.365,-0.003,0.218,0.948
1571665804586,2019-10-21T2.50.04.586 pm,1.386,-0.006,0.215,0.942
1571665804605,2019-10-21T2.50.04.605 pm,1.405,-0.001,0.219,0.950
1571665804625,2019-10-21T2.50.04.625 pm,1.425,0.002,0.213,0.948
1571665804646,2019-10-21T2.50.04.646 pm,1.446,0.012,0.197,0.968
1571665804666,2019-10-21T2.50.04.666 pm,1.466,0.000,0.204,0.946
1571665804685,2019-10-21T2.50.04.685 pm,1.485,0.001,0.213,0.944
1571665804706,2019-10-21T2.50.04.706 pm,1.506,0.014,0.219,0.970
1571665804726,2019-10-21T2.50.04.726 pm,1.526,0.004,0.222,0.952
1571665804745,2019-10-21T2.50.04.745 pm,1.545,-0.007,0.208,0.941
1571665804766,2019-10-21T2.50.04.766 pm,1.566,0.000,0.193,0.957
1571665804786,2019-10-21T2.50.04.786 pm,1.586,-0.005,0.187,0.954
1571665804807,2019-10-21T2.50.04.807 pm,1.607,-0.015,0.199,0.941
1571665804826,2019-10-21T2.50.04.826 pm,1.626,-0.018,0.202,0.938
1571665804846,2019-10-21T2.50.04.846 pm,1.646,-0.017,0.202,0.941
1571665804867,2019-10-21T2.50.04.867 pm,1.667,-0.006,0.190,0.962
1571665804886,2019-10-21T2.50.04.886 pm,1.686,-0.008,0.205,0.958
1571665804906,2019-10-21T2.50.04.906 pm,1.706,-0.009,0.209,0.954
1571665804927,2019-10-21T2.50.04.927 pm,1.727,-0.009,0.207,0.954
1571665804948,2019-10-21T2.50.04.948 pm,1.748,-0.011,0.206,0.952
1571665804967,2019-10-21T2.50.04.967 pm,1.767,-0.004,0.211,0.962
1571665804987,2019-10-21T2.50.04.987 pm,1.787,-0.009,0.216,0.948
1571665805008,2019-10-21T2.50.05.008 pm,1.808,-0.009,0.211,0.943
1571665805027,2019-10-21T2.50.05.027 pm,1.827,-0.012,0.205,0.942
1571665805047,2019-10-21T2.50.05.047 pm,1.847,-0.018,0.212,0.933
1571665805068,2019-10-21T2.50.05.068 pm,1.868,-0.001,0.207,0.962
1571665805087,2019-10-21T2.50.05.087 pm,1.887,-0.006,0.214,0.960
1571665805107,2019-10-21T2.50.05.107 pm,1.907,-0.006,0.220,0.960
1571665805128,2019-10-21T2.50.05.128 pm,1.928,-0.011,0.212,0.948
1571665805148,2019-10-21T2.50.05.148 pm,1.948,-0.017,0.218,0.935
1571665805167,2019-10-21T2.50.05.167 pm,1.967,-0.016,0.219,0.931
1571665805188,2019-10-21T2.50.05.188 pm,1.988,-0.014,0.206,0.940
1571665805208,2019-10-21T2.50.05.208 pm,2.008,-0.016,0.222,0.936
1571665805227,2019-10-21T2.50.05.227 pm,2.027,-0.004,0.205,0.967
1571665805248,2019-10-21T2.50.05.248 pm,2.048,-0.002,0.208,0.975
1571665805268,2019-10-21T2.50.05.268 pm,2.068,-0.010,0.216,0.967
1571665805289,2019-10-21T2.50.05.289 pm,2.089,-0.011,0.232,0.957
1571665805308,2019-10-21T2.50.05.308 pm,2.108,-0.022,0.240,0.929
1571665805328,2019-10-21T2.50.05.328 pm,2.128,-0.014,0.234,0.939
1571665805349,2019-10-21T2.50.05.349 pm,2.149,-0.012,0.224,0.947
1571665805368,2019-10-21T2.50.05.368 pm,2.168,-0.008,0.224,0.959
1571665805388,2019-10-21T2.50.05.388 pm,2.188,-0.013,0.219,0.957
1571665805409,2019-10-21T2.50.05.409 pm,2.209,-0.021,0.226,0.944
1571665805428,2019-10-21T2.50.05.428 pm,2.228,-0.018,0.237,0.947
1571665805448,2019-10-21T2.50.05.448 pm,2.248,-0.015,0.225,0.949
1571665805469,2019-10-21T2.50.05.469 pm,2.269,-0.011,0.231,0.947
1571665805490,2019-10-21T2.50.05.490 pm,2.290,-0.010,0.233,0.951
1571665805509,2019-10-21T2.50.05.509 pm,2.309,-0.027,0.239,0.926
1571665805529,2019-10-21T2.50.05.529 pm,2.329,-0.026,0.227,0.939
1571665805550,2019-10-21T2.50.05.550 pm,2.350,-0.021,0.236,0.943
1571665805569,2019-10-21T2.50.05.569 pm,2.369,-0.025,0.239,0.930
1571665805589,2019-10-21T2.50.05.589 pm,2.389,-0.024,0.236,0.935
1571665805610,2019-10-21T2.50.05.610 pm,2.410,-0.025,0.233,0.946
1571665805630,2019-10-21T2.50.05.630 pm,2.430,-0.038,0.222,0.936
1571665805649,2019-10-21T2.50.05.649 pm,2.449,-0.032,0.219,0.943
1571665805670,2019-10-21T2.50.05.670 pm,2.470,-0.021,0.208,0.963
1571665805690,2019-10-21T2.50.05.690 pm,2.490,-0.038,0.208,0.944
1571665805709,2019-10-21T2.50.05.709 pm,2.509,-0.030,0.206,0.961
1571665805730,2019-10-21T2.50.05.730 pm,2.530,-0.028,0.214,0.964
1571665805750,2019-10-21T2.50.05.750 pm,2.550,-0.025,0.222,0.964
1571665805769,2019-10-21T2.50.05.769 pm,2.569,-0.017,0.237,0.971
1571665805790,2019-10-21T2.50.05.790 pm,2.590,-0.025,0.231,0.953
1571665805810,2019-10-21T2.50.05.810 pm,2.610,-0.031,0.215,0.943
1571665805831,2019-10-21T2.50.05.831 pm,2.631,-0.034,0.210,0.937
1571665805850,2019-10-21T2.50.05.850 pm,2.650,-0.023,0.212,0.955
1571665805870,2019-10-21T2.50.05.870 pm,2.670,-0.026,0.221,0.947
1571665805891,2019-10-21T2.50.05.891 pm,2.691,-0.027,0.220,0.943
1571665805910,2019-10-21T2.50.05.910 pm,2.710,-0.024,0.219,0.952
1571665805930,2019-10-21T2.50.05.930 pm,2.730,-0.030,0.231,0.943
1571665805951,2019-10-21T2.50.05.951 pm,2.751,-0.021,0.228,0.954
1571665805971,2019-10-21T2.50.05.971 pm,2.771,-0.027,0.223,0.948
1571665805990,2019-10-21T2.50.05.990 pm,2.790,-0.025,0.249,0.948
1571665806011,2019-10-21T2.50.06.011 pm,2.811,-0.028,0.241,0.939
1571665806031,2019-10-21T2.50.06.031 pm,2.831,-0.028,0.202,0.953
1571665806051,2019-10-21T2.50.06.051 pm,2.851,-0.031,0.210,0.958
1571665806071,2019-10-21T2.50.06.071 pm,2.871,-0.031,0.210,0.964
1571665806092,2019-10-21T2.50.06.092 pm,2.892,-0.039,0.211,0.949
1571665806111,2019-10-21T2.50.06.111 pm,2.911,-0.038,0.233,0.941
1571665806131,2019-10-21T2.50.06.131 pm,2.931,-0.032,0.227,0.953
1571665806152,2019-10-21T2.50.06.152 pm,2.952,-0.038,0.227,0.948
1571665806172,2019-10-21T2.50.06.172 pm,2.972,-0.031,0.236,0.961
1571665806191,2019-10-21T2.50.06.191 pm,2.991,-0.031,0.227,0.969
1571665806212,2019-10-21T2.50.06.212 pm,3.012,-0.044,0.218,0.951
1571665806232,2019-10-21T2.50.06.232 pm,3.032,-0.049,0.203,0.949
1571665806251,2019-10-21T2.50.06.251 pm,3.051,-0.044,0.199,0.958
1571665806272,2019-10-21T2.50.06.272 pm,3.072,-0.056,0.207,0.933
1571665806292,2019-10-21T2.50.06.292 pm,3.092,-0.047,0.217,0.946
1571665806313,2019-10-21T2.50.06.313 pm,3.113,-0.058,0.228,0.929
1571665806332,2019-10-21T2.50.06.332 pm,3.132,-0.056,0.218,0.938
1571665806352,2019-10-21T2.50.06.352 pm,3.152,-0.046,0.221,0.959
1571665806373,2019-10-21T2.50.06.373 pm,3.173,-0.051,0.224,0.950
1571665806392,2019-10-21T2.50.06.392 pm,3.192,-0.051,0.212,0.957
1571665806412,2019-10-21T2.50.06.412 pm,3.212,-0.058,0.206,0.947
1571665806433,2019-10-21T2.50.06.433 pm,3.233,-0.060,0.212,0.951
1571665806452,2019-10-21T2.50.06.452 pm,3.252,-0.060,0.219,0.948
1571665806472,2019-10-21T2.50.06.472 pm,3.272,-0.066,0.220,0.931
1571665806493,2019-10-21T2.50.06.493 pm,3.293,-0.061,0.217,0.942
1571665806513,2019-10-21T2.50.06.513 pm,3.313,-0.059,0.216,0.945
1571665806532,2019-10-21T2.50.06.532 pm,3.332,-0.061,0.214,0.941
1571665806553,2019-10-21T2.50.06.553 pm,3.353,-0.056,0.215,0.950
1571665806573,2019-10-21T2.50.06.573 pm,3.373,-0.054,0.230,0.951
1571665806593,2019-10-21T2.50.06.593 pm,3.393,-0.054,0.226,0.949
1571665806613,2019-10-21T2.50.06.613 pm,3.413,-0.056,0.230,0.945
1571665806634,2019-10-21T2.50.06.634 pm,3.434,-0.061,0.228,0.939
1571665806654,2019-10-21T2.50.06.654 pm,3.454,-0.067,0.221,0.928
1571665806673,2019-10-21T2.50.06.673 pm,3.473,-0.060,0.223,0.943
1571665806694,2019-10-21T2.50.06.694 pm,3.494,-0.060,0.236,0.946
1571665806714,2019-10-21T2.50.06.714 pm,3.514,-0.061,0.244,0.943
1571665806733,2019-10-21T2.50.06.733 pm,3.533,-0.051,0.229,0.967
1571665806754,2019-10-21T2.50.06.754 pm,3.554,-0.053,0.224,0.966
1571665806774,2019-10-21T2.50.06.774 pm,3.574,-0.063,0.221,0.948
1571665806793,2019-10-21T2.50.06.793 pm,3.593,-0.065,0.221,0.939
1571665806814,2019-10-21T2.50.06.814 pm,3.614,-0.067,0.231,0.925
1571665806834,2019-10-21T2.50.06.834 pm,3.634,-0.057,0.236,0.937
1571665806855,2019-10-21T2.50.06.855 pm,3.655,-0.053,0.231,0.948
1571665806874,2019-10-21T2.50.06.874 pm,3.674,-0.055,0.232,0.954
1571665806894,2019-10-21T2.50.06.894 pm,3.694,-0.059,0.225,0.952
1571665806915,2019-10-21T2.50.06.915 pm,3.715,-0.060,0.229,0.948
1571665806934,2019-10-21T2.50.06.934 pm,3.734,-0.063,0.233,0.936
1571665806954,2019-10-21T2.50.06.954 pm,3.754,-0.058,0.225,0.943
1571665806975,2019-10-21T2.50.06.975 pm,3.775,-0.055,0.228,0.950
1571665806995,2019-10-21T2.50.06.995 pm,3.795,-0.056,0.236,0.949
1571665807014,2019-10-21T2.50.07.014 pm,3.814,-0.056,0.225,0.955
1571665807035,2019-10-21T2.50.07.035 pm,3.835,-0.062,0.216,0.951
1571665807055,2019-10-21T2.50.07.055 pm,3.855,-0.064,0.221,0.946
1571665807074,2019-10-21T2.50.07.074 pm,3.874,-0.066,0.227,0.937
1571665807095,2019-10-21T2.50.07.095 pm,3.895,-0.060,0.240,0.935
1571665807115,2019-10-21T2.50.07.115 pm,3.915,-0.060,0.240,0.935
1571665807135,2019-10-21T2.50.07.135 pm,3.935,-0.055,0.230,0.945
1571665807155,2019-10-21T2.50.07.155 pm,3.955,-0.057,0.229,0.949
1571665807176,2019-10-21T2.50.07.176 pm,3.976,-0.061,0.219,0.949
1571665807196,2019-10-21T2.50.07.196 pm,3.996,-0.066,0.208,0.951
1571665807215,2019-10-21T2.50.07.215 pm,4.015,-0.073,0.212,0.947
1571665807236,2019-10-21T2.50.07.236 pm,4.036,-0.076,0.217,0.944
1571665807256,2019-10-21T2.50.07.256 pm,4.056,-0.075,0.219,0.940
1571665807275,2019-10-21T2.50.07.275 pm,4.075,-0.072,0.231,0.944
1571665807296,2019-10-21T2.50.07.296 pm,4.096,-0.076,0.222,0.946
1571665807316,2019-10-21T2.50.07.316 pm,4.116,-0.076,0.217,0.951
1571665807337,2019-10-21T2.50.07.337 pm,4.137,-0.073,0.229,0.953
1571665807356,2019-10-21T2.50.07.356 pm,4.156,-0.072,0.222,0.952
1571665807376,2019-10-21T2.50.07.376 pm,4.176,-0.069,0.221,0.957
1571665807397,2019-10-21T2.50.07.397 pm,4.197,-0.073,0.223,0.948
1571665807416,2019-10-21T2.50.07.416 pm,4.216,-0.071,0.226,0.952
1571665807436,2019-10-21T2.50.07.436 pm,4.236,-0.071,0.224,0.958
1571665807457,2019-10-21T2.50.07.457 pm,4.257,-0.073,0.215,0.950
1571665807476,2019-10-21T2.50.07.476 pm,4.276,-0.068,0.202,0.956
1571665807496,2019-10-21T2.50.07.496 pm,4.296,-0.071,0.219,0.950
1571665807517,2019-10-21T2.50.07.517 pm,4.317,-0.071,0.233,0.944
1571665807537,2019-10-21T2.50.07.537 pm,4.337,-0.068,0.217,0.946
1571665807556,2019-10-21T2.50.07.556 pm,4.356,-0.063,0.204,0.958
1571665807577,2019-10-21T2.50.07.577 pm,4.377,-0.070,0.233,0.937
1571665807597,2019-10-21T2.50.07.597 pm,4.397,-0.074,0.227,0.923
1571665807616,2019-10-21T2.50.07.616 pm,4.416,-0.074,0.200,0.942
1571665807637,2019-10-21T2.50.07.637 pm,4.437,-0.070,0.191,0.953
1571665807657,2019-10-21T2.50.07.657 pm,4.457,-0.075,0.218,0.936
1571665807678,2019-10-21T2.50.07.678 pm,4.478,-0.075,0.211,0.940
1571665807697,2019-10-21T2.50.07.697 pm,4.497,-0.071,0.196,0.956
1571665807718,2019-10-21T2.50.07.718 pm,4.518,-0.073,0.184,0.964
1571665807738,2019-10-21T2.50.07.738 pm,4.538,-0.080,0.199,0.953
1571665807757,2019-10-21T2.50.07.757 pm,4.557,-0.074,0.203,0.960
1571665807778,2019-10-21T2.50.07.778 pm,4.578,-0.075,0.190,0.957
1571665807798,2019-10-21T2.50.07.798 pm,4.598,-0.081,0.188,0.949
1571665807817,2019-10-21T2.50.07.817 pm,4.617,-0.079,0.182,0.954
1571665807838,2019-10-21T2.50.07.838 pm,4.638,-0.079,0.171,0.963
1571665807858,2019-10-21T2.50.07.858 pm,4.658,-0.083,0.179,0.955
1571665807879,2019-10-21T2.50.07.879 pm,4.679,-0.079,0.171,0.966
1571665807898,2019-10-21T2.50.07.898 pm,4.698,-0.080,0.175,0.962
1571665807918,2019-10-21T2.50.07.918 pm,4.718,-0.087,0.187,0.941
1571665807939,2019-10-21T2.50.07.939 pm,4.739,-0.085,0.178,0.946
1571665807958,2019-10-21T2.50.07.958 pm,4.758,-0.086,0.165,0.953
1571665807978,2019-10-21T2.50.07.978 pm,4.778,-0.091,0.165,0.950
1571665807999,2019-10-21T2.50.07.999 pm,4.799,-0.088,0.153,0.962
1571665808019,2019-10-21T2.50.08.019 pm,4.819,-0.092,0.157,0.957
1571665808038,2019-10-21T2.50.08.038 pm,4.838,-0.089,0.161,0.962
1571665808059,2019-10-21T2.50.08.059 pm,4.859,-0.093,0.163,0.956
1571665808079,2019-10-21T2.50.08.079 pm,4.879,-0.095,0.167,0.956
1571665808098,2019-10-21T2.50.08.098 pm,4.898,-0.093,0.158,0.959
1571665808119,2019-10-21T2.50.08.119 pm,4.919,-0.089,0.143,0.972
1571665808139,2019-10-21T2.50.08.139 pm,4.939,-0.097,0.155,0.958
1571665808158,2019-10-21T2.50.08.158 pm,4.958,-0.092,0.154,0.961
1571665808179,2019-10-21T2.50.08.179 pm,4.979,-0.086,0.159,0.965
1571665808199,2019-10-21T2.50.08.199 pm,4.999,-0.086,0.173,0.954
1571665808220,2019-10-21T2.50.08.220 pm,5.020,-0.086,0.155,0.952
1571665808239,2019-10-21T2.50.08.239 pm,5.039,-0.085,0.146,0.959
1571665808260,2019-10-21T2.50.08.260 pm,5.060,-0.085,0.153,0.961
1571665808280,2019-10-21T2.50.08.280 pm,5.080,-0.084,0.154,0.963
1571665808299,2019-10-21T2.50.08.299 pm,5.099,-0.085,0.160,0.960
1571665808320,2019-10-21T2.50.08.320 pm,5.120,-0.085,0.162,0.958
1571665808340,2019-10-21T2.50.08.340 pm,5.140,-0.080,0.150,0.969
1571665808361,2019-10-21T2.50.08.361 pm,5.161,-0.089,0.173,0.948
1571665808380,2019-10-21T2.50.08.380 pm,5.180,-0.089,0.173,0.947
1571665808400,2019-10-21T2.50.08.400 pm,5.200,-0.085,0.155,0.963
1571665808421,2019-10-21T2.50.08.421 pm,5.221,-0.093,0.164,0.949
1571665808440,2019-10-21T2.50.08.440 pm,5.240,-0.091,0.157,0.952
1571665808460,2019-10-21T2.50.08.460 pm,5.260,-0.080,0.153,0.971
1571665808481,2019-10-21T2.50.08.481 pm,5.281,-0.090,0.163,0.954
1571665808500,2019-10-21T2.50.08.500 pm,5.300,-0.091,0.167,0.943
1571665808520,2019-10-21T2.50.08.520 pm,5.320,-0.081,0.167,0.958
1571665808541,2019-10-21T2.50.08.541 pm,5.341,-0.083,0.166,0.952
1571665808561,2019-10-21T2.50.08.561 pm,5.361,-0.083,0.168,0.953
1571665808580,2019-10-21T2.50.08.580 pm,5.380,-0.081,0.160,0.960
1571665808601,2019-10-21T2.50.08.601 pm,5.401,-0.088,0.163,0.948
1571665808621,2019-10-21T2.50.08.621 pm,5.421,-0.085,0.176,0.957
1571665808640,2019-10-21T2.50.08.640 pm,5.440,-0.076,0.172,0.974
1571665808661,2019-10-21T2.50.08.661 pm,5.461,-0.079,0.167,0.969
1571665808681,2019-10-21T2.50.08.681 pm,5.481,-0.083,0.182,0.954
1571665808702,2019-10-21T2.50.08.702 pm,5.502,-0.085,0.168,0.950
1571665808721,2019-10-21T2.50.08.721 pm,5.521,-0.088,0.168,0.948
1571665808741,2019-10-21T2.50.08.741 pm,5.541,-0.082,0.163,0.959
1571665808762,2019-10-21T2.50.08.762 pm,5.562,-0.078,0.148,0.968
1571665808781,2019-10-21T2.50.08.781 pm,5.581,-0.076,0.154,0.965
1571665808802,2019-10-21T2.50.08.802 pm,5.602,-0.081,0.174,0.948
1571665808822,2019-10-21T2.50.08.822 pm,5.622,-0.080,0.180,0.946
1571665808841,2019-10-21T2.50.08.841 pm,5.641,-0.073,0.182,0.958
1571665808862,2019-10-21T2.50.08.862 pm,5.662,-0.073,0.176,0.965
1571665808882,2019-10-21T2.50.08.882 pm,5.682,-0.080,0.166,0.955
1571665808903,2019-10-21T2.50.08.903 pm,5.703,-0.086,0.157,0.951
1571665808922,2019-10-21T2.50.08.922 pm,5.722,-0.080,0.164,0.962
1571665808942,2019-10-21T2.50.08.942 pm,5.742,-0.080,0.173,0.958
1571665808963,2019-10-21T2.50.08.963 pm,5.763,-0.078,0.181,0.958
1571665808982,2019-10-21T2.50.08.982 pm,5.782,-0.086,0.185,0.947
1571665809002,2019-10-21T2.50.09.002 pm,5.802,-0.082,0.173,0.959
1571665809023,2019-10-21T2.50.09.023 pm,5.823,-0.079,0.171,0.967
1571665809043,2019-10-21T2.50.09.043 pm,5.843,-0.082,0.168,0.963
1571665809062,2019-10-21T2.50.09.062 pm,5.862,-0.082,0.177,0.965
1571665809083,2019-10-21T2.50.09.083 pm,5.883,-0.081,0.176,0.957
1571665809103,2019-10-21T2.50.09.103 pm,5.903,-0.082,0.177,0.947
1571665809122,2019-10-21T2.50.09.122 pm,5.922,-0.080,0.181,0.947
1571665809143,2019-10-21T2.50.09.143 pm,5.943,-0.075,0.179,0.952
1571665809163,2019-10-21T2.50.09.163 pm,5.963,-0.073,0.176,0.956
1571665809184,2019-10-21T2.50.09.184 pm,5.984,-0.071,0.194,0.956
1571665809203,2019-10-21T2.50.09.203 pm,6.003,-0.073,0.182,0.953
1571665809223,2019-10-21T2.50.09.223 pm,6.023,-0.078,0.177,0.948
1571665809244,2019-10-21T2.50.09.244 pm,6.044,-0.071,0.185,0.963
1571665809263,2019-10-21T2.50.09.263 pm,6.063,-0.070,0.180,0.965
1571665809283,2019-10-21T2.50.09.283 pm,6.083,-0.077,0.170,0.958
1571665809304,2019-10-21T2.50.09.304 pm,6.104,-0.077,0.190,0.952
1571665809323,2019-10-21T2.50.09.323 pm,6.123,-0.072,0.181,0.961
1571665809344,2019-10-21T2.50.09.344 pm,6.144,-0.074,0.172,0.961
1571665809364,2019-10-21T2.50.09.364 pm,6.164,-0.079,0.177,0.962
1571665809385,2019-10-21T2.50.09.385 pm,6.185,-0.078,0.174,0.961
1571665809404,2019-10-21T2.50.09.404 pm,6.204,-0.075,0.175,0.959
1571665809424,2019-10-21T2.50.09.424 pm,6.224,-0.073,0.178,0.960
1571665809445,2019-10-21T2.50.09.445 pm,6.245,-0.075,0.178,0.950
1571665809464,2019-10-21T2.50.09.464 pm,6.264,-0.075,0.184,0.948
1571665809484,2019-10-21T2.50.09.484 pm,6.284,-0.074,0.188,0.945
1571665809505,2019-10-21T2.50.09.505 pm,6.305,-0.064,0.186,0.961
1571665809525,2019-10-21T2.50.09.525 pm,6.325,-0.067,0.183,0.958
1571665809544,2019-10-21T2.50.09.544 pm,6.344,-0.068,0.162,0.967
1571665809565,2019-10-21T2.50.09.565 pm,6.365,-0.067,0.179,0.967
1571665809585,2019-10-21T2.50.09.585 pm,6.385,-0.072,0.198,0.950
1571665809604,2019-10-21T2.50.09.604 pm,6.404,-0.069,0.199,0.952
1571665809625,2019-10-21T2.50.09.625 pm,6.425,-0.068,0.192,0.950
1571665809645,2019-10-21T2.50.09.645 pm,6.445,-0.073,0.182,0.950
1571665809664,2019-10-21T2.50.09.664 pm,6.464,-0.077,0.170,0.948
1571665809685,2019-10-21T2.50.09.685 pm,6.485,-0.075,0.164,0.956
1571665809705,2019-10-21T2.50.09.705 pm,6.505,-0.069,0.173,0.963
1571665809726,2019-10-21T2.50.09.726 pm,6.526,-0.068,0.181,0.962
1571665809745,2019-10-21T2.50.09.745 pm,6.545,-0.067,0.182,0.965
1571665809765,2019-10-21T2.50.09.765 pm,6.565,-0.069,0.197,0.955
1571665809786,2019-10-21T2.50.09.786 pm,6.586,-0.070,0.212,0.940
1571665809805,2019-10-21T2.50.09.805 pm,6.605,-0.070,0.202,0.944
1571665809825,2019-10-21T2.50.09.825 pm,6.625,-0.070,0.184,0.953
1571665809846,2019-10-21T2.50.09.846 pm,6.646,-0.073,0.181,0.952
1571665809866,2019-10-21T2.50.09.866 pm,6.666,-0.076,0.185,0.949
1571665809885,2019-10-21T2.50.09.885 pm,6.685,-0.078,0.178,0.950
1571665809906,2019-10-21T2.50.09.906 pm,6.706,-0.076,0.173,0.959
1571665809927,2019-10-21T2.50.09.927 pm,6.727,-0.081,0.185,0.950
1571665809946,2019-10-21T2.50.09.946 pm,6.746,-0.077,0.195,0.954
1571665809966,2019-10-21T2.50.09.966 pm,6.766,-0.074,0.197,0.957
1571665809987,2019-10-21T2.50.09.987 pm,6.787,-0.076,0.195,0.951
1571665810007,2019-10-21T2.50.10.007 pm,6.807,-0.077,0.186,0.953
1571665810026,2019-10-21T2.50.10.026 pm,6.826,-0.079,0.184,0.954
1571665810047,2019-10-21T2.50.10.047 pm,6.847,-0.072,0.195,0.961
1571665810067,2019-10-21T2.50.10.067 pm,6.867,-0.068,0.195,0.958
1571665810086,2019-10-21T2.50.10.086 pm,6.886,-0.064,0.210,0.956
1571665810107,2019-10-21T2.50.10.107 pm,6.907,-0.063,0.211,0.952
1571665810127,2019-10-21T2.50.10.127 pm,6.927,-0.066,0.207,0.948
1571665810146,2019-10-21T2.50.10.146 pm,6.946,-0.061,0.200,0.960
1571665810167,2019-10-21T2.50.10.167 pm,6.967,-0.068,0.193,0.946
1571665810187,2019-10-21T2.50.10.187 pm,6.987,-0.069,0.204,0.939
1571665810208,2019-10-21T2.50.10.208 pm,7.008,-0.062,0.208,0.945
1571665810227,2019-10-21T2.50.10.227 pm,7.027,-0.068,0.204,0.934
1571665810247,2019-10-21T2.50.10.247 pm,7.047,-0.065,0.207,0.941
1571665810268,2019-10-21T2.50.10.268 pm,7.068,-0.058,0.209,0.952
1571665810287,2019-10-21T2.50.10.287 pm,7.087,-0.066,0.217,0.942
1571665810307,2019-10-21T2.50.10.307 pm,7.107,-0.057,0.213,0.955
1571665810328,2019-10-21T2.50.10.328 pm,7.128,-0.062,0.204,0.946
1571665810348,2019-10-21T2.50.10.348 pm,7.148,-0.072,0.199,0.933
1571665810367,2019-10-21T2.50.10.367 pm,7.167,-0.061,0.203,0.957
1571665810388,2019-10-21T2.50.10.388 pm,7.188,-0.061,0.219,0.945
1571665810408,2019-10-21T2.50.10.408 pm,7.208,-0.066,0.215,0.938
1571665810427,2019-10-21T2.50.10.427 pm,7.227,-0.058,0.213,0.955
1571665810448,2019-10-21T2.50.10.448 pm,7.248,-0.047,0.224,0.971
1571665810469,2019-10-21T2.50.10.469 pm,7.269,-0.057,0.232,0.951
1571665810488,2019-10-21T2.50.10.488 pm,7.288,-0.056,0.244,0.947
1571665810508,2019-10-21T2.50.10.508 pm,7.308,-0.050,0.247,0.949
1571665810529,2019-10-21T2.50.10.529 pm,7.329,-0.060,0.229,0.944
1571665810549,2019-10-21T2.50.10.549 pm,7.349,-0.055,0.229,0.950
1571665810568,2019-10-21T2.50.10.568 pm,7.368,-0.055,0.218,0.954
1571665810589,2019-10-21T2.50.10.589 pm,7.389,-0.050,0.220,0.967
1571665810609,2019-10-21T2.50.10.609 pm,7.409,-0.055,0.233,0.950
1571665810628,2019-10-21T2.50.10.628 pm,7.428,-0.060,0.212,0.942
1571665810649,2019-10-21T2.50.10.649 pm,7.449,-0.058,0.220,0.943
1571665810669,2019-10-21T2.50.10.669 pm,7.469,-0.058,0.238,0.937
1571665810690,2019-10-21T2.50.10.690 pm,7.490,-0.060,0.228,0.937
1571665810709,2019-10-21T2.50.10.709 pm,7.509,-0.057,0.221,0.949
1571665810729,2019-10-21T2.50.10.729 pm,7.529,-0.058,0.230,0.949
1571665810750,2019-10-21T2.50.10.750 pm,7.550,-0.059,0.231,0.943
1571665810769,2019-10-21T2.50.10.769 pm,7.569,-0.059,0.226,0.947
1571665810789,2019-10-21T2.50.10.789 pm,7.589,-0.065,0.229,0.939
1571665810810,2019-10-21T2.50.10.810 pm,7.610,-0.064,0.227,0.945
1571665810830,2019-10-21T2.50.10.830 pm,7.630,-0.065,0.223,0.945
1571665810849,2019-10-21T2.50.10.849 pm,7.649,-0.054,0.229,0.958
1571665810870,2019-10-21T2.50.10.870 pm,7.670,-0.062,0.242,0.939
1571665810890,2019-10-21T2.50.10.890 pm,7.690,-0.064,0.220,0.939
1571665810909,2019-10-21T2.50.10.909 pm,7.709,-0.062,0.220,0.948
1571665810930,2019-10-21T2.50.10.930 pm,7.730,-0.053,0.235,0.951
1571665810950,2019-10-21T2.50.10.950 pm,7.750,-0.049,0.224,0.947
1571665810969,2019-10-21T2.50.10.969 pm,7.769,-0.054,0.217,0.940
1571665810990,2019-10-21T2.50.10.990 pm,7.790,-0.051,0.222,0.943
1571665811010,2019-10-21T2.50.11.010 pm,7.810,-0.055,0.213,0.941
1571665811031,2019-10-21T2.50.11.031 pm,7.831,-0.055,0.208,0.943
1571665811050,2019-10-21T2.50.11.050 pm,7.850,-0.048,0.193,0.954
1571665811071,2019-10-21T2.50.11.071 pm,7.871,-0.057,0.197,0.944
1571665811091,2019-10-21T2.50.11.091 pm,7.891,-0.055,0.204,0.952
1571665811110,2019-10-21T2.50.11.110 pm,7.910,-0.051,0.206,0.960
1571665811131,2019-10-21T2.50.11.131 pm,7.931,-0.050,0.201,0.959
1571665811151,2019-10-21T2.50.11.151 pm,7.951,-0.059,0.195,0.952
1571665811172,2019-10-21T2.50.11.172 pm,7.972,-0.059,0.195,0.954
1571665811191,2019-10-21T2.50.11.191 pm,7.991,-0.057,0.201,0.958
1571665811211,2019-10-21T2.50.11.211 pm,8.011,-0.053,0.196,0.961
1571665811232,2019-10-21T2.50.11.232 pm,8.032,-0.058,0.190,0.953
1571665811251,2019-10-21T2.50.11.251 pm,8.051,-0.066,0.183,0.946
1571665811271,2019-10-21T2.50.11.271 pm,8.071,-0.063,0.190,0.949
1571665811292,2019-10-21T2.50.11.292 pm,8.092,-0.055,0.202,0.959
1571665811311,2019-10-21T2.50.11.311 pm,8.111,-0.048,0.208,0.963
1571665811331,2019-10-21T2.50.11.331 pm,8.131,-0.052,0.186,0.959
1571665811352,2019-10-21T2.50.11.352 pm,8.152,-0.063,0.151,0.957
1571665811372,2019-10-21T2.50.11.372 pm,8.172,-0.077,0.144,0.948
1571665811391,2019-10-21T2.50.11.391 pm,8.191,-0.068,0.135,0.973
1571665811412,2019-10-21T2.50.11.412 pm,8.212,-0.045,0.141,1.023
1571665811432,2019-10-21T2.50.11.432 pm,8.232,-0.046,0.166,1.022
1571665811451,2019-10-21T2.50.11.451 pm,8.251,-0.093,0.133,0.944
1571665811472,2019-10-21T2.50.11.472 pm,8.272,-0.151,0.048,0.863
1571665811492,2019-10-21T2.50.11.492 pm,8.292,-0.145,-0.126,0.867
1571665811513,2019-10-21T2.50.11.513 pm,8.313,-0.070,-0.250,0.981
1571665811532,2019-10-21T2.50.11.532 pm,8.332,-0.070,-0.221,0.995
1571665811552,2019-10-21T2.50.11.552 pm,8.352,-0.140,-0.280,0.879
1571665811573,2019-10-21T2.50.11.573 pm,8.373,-0.211,-0.313,0.666
1571665811592,2019-10-21T2.50.11.592 pm,8.392,-0.199,-0.599,0.548
1571665811613,2019-10-21T2.50.11.613 pm,8.413,-0.075,-0.987,0.645
1571665811633,2019-10-21T2.50.11.633 pm,8.433,-0.056,-0.983,0.588
1571665811654,2019-10-21T2.50.11.654 pm,8.454,-0.171,-0.827,0.267
1571665811673,2019-10-21T2.50.11.673 pm,8.473,-0.269,-0.802,-0.111
1571665811693,2019-10-21T2.50.11.693 pm,8.493,-0.265,-0.901,-0.249
1571665811714,2019-10-21T2.50.11.714 pm,8.514,-0.134,-1.215,-0.128
1571665811733,2019-10-21T2.50.11.733 pm,8.533,-0.061,-1.145,-0.075
1571665811753,2019-10-21T2.50.11.753 pm,8.553,-0.190,-0.878,-0.429
1571665811774,2019-10-21T2.50.11.774 pm,8.574,-0.276,-0.887,-0.737
1571665811793,2019-10-21T2.50.11.793 pm,8.593,-0.243,-0.772,-0.691
1571665811813,2019-10-21T2.50.11.813 pm,8.613,-0.187,-0.752,-0.634
1571665811834,2019-10-21T2.50.11.834 pm,8.634,-0.152,-0.876,-0.634
1571665811854,2019-10-21T2.50.11.854 pm,8.654,-0.188,-0.662,-0.819
1571665811873,2019-10-21T2.50.11.873 pm,8.673,-0.212,-0.564,-0.970
1571665811894,2019-10-21T2.50.11.894 pm,8.694,-0.193,-0.471,-0.901
1571665811914,2019-10-21T2.50.11.914 pm,8.714,-0.186,-0.265,-0.838
1571665811933,2019-10-21T2.50.11.933 pm,8.733,-0.208,-0.352,-1.085
1571665811954,2019-10-21T2.50.11.954 pm,8.754,-0.179,-0.358,-1.131
1571665811974,2019-10-21T2.50.11.974 pm,8.774,-0.142,-0.185,-1.034
1571665811995,2019-10-21T2.50.11.995 pm,8.795,-0.142,-0.007,-1.024
1571665812014,2019-10-21T2.50.12.014 pm,8.814,-0.176,-0.082,-1.202
1571665812034,2019-10-21T2.50.12.034 pm,8.834,-0.140,-0.124,-1.098
1571665812055,2019-10-21T2.50.12.055 pm,8.855,-0.108,-0.135,-1.021
1571665812074,2019-10-21T2.50.12.074 pm,8.874,-0.119,-0.041,-1.090
1571665812094,2019-10-21T2.50.12.094 pm,8.894,-0.127,-0.005,-1.111
1571665812115,2019-10-21T2.50.12.115 pm,8.915,-0.109,-0.006,-1.074
1571665812135,2019-10-21T2.50.12.135 pm,8.935,-0.111,-0.026,-1.129
1571665812155,2019-10-21T2.50.12.155 pm,8.955,-0.094,-0.095,-1.120
1571665812175,2019-10-21T2.50.12.175 pm,8.975,-0.084,-0.002,-1.088
1571665812196,2019-10-21T2.50.12.196 pm,8.996,-0.089,0.056,-1.065
1571665812215,2019-10-21T2.50.12.215 pm,9.015,-0.076,-0.010,-1.059
1571665812235,2019-10-21T2.50.12.235 pm,9.035,-0.075,0.002,-1.065
1571665812256,2019-10-21T2.50.12.256 pm,9.056,-0.072,-0.005,-1.074
1571665812275,2019-10-21T2.50.12.275 pm,9.075,-0.075,-0.001,-1.110
1571665812295,2019-10-21T2.50.12.295 pm,9.095,-0.079,-0.003,-1.124
1571665812316,2019-10-21T2.50.12.316 pm,9.116,-0.094,-0.070,-1.148
1571665812336,2019-10-21T2.50.12.336 pm,9.136,-0.102,-0.139,-1.168
1571665812355,2019-10-21T2.50.12.355 pm,9.155,-0.108,-0.163,-1.220
1571665812376,2019-10-21T2.50.12.376 pm,9.176,-0.116,-0.232,-1.059
1571665812396,2019-10-21T2.50.12.396 pm,9.196,-0.123,-0.415,-0.918
1571665812415,2019-10-21T2.50.12.415 pm,9.215,-0.150,-0.496,-0.923
1571665812436,2019-10-21T2.50.12.436 pm,9.236,-0.150,-0.616,-1.018
1571665812456,2019-10-21T2.50.12.456 pm,9.256,-0.124,-0.690,-0.987
1571665812477,2019-10-21T2.50.12.477 pm,9.277,-0.138,-0.631,-0.771
1571665812496,2019-10-21T2.50.12.496 pm,9.296,-0.163,-0.740,-0.624
1571665812516,2019-10-21T2.50.12.516 pm,9.316,-0.139,-0.932,-0.531
1571665812537,2019-10-21T2.50.12.537 pm,9.337,-0.120,-1.014,-0.495
1571665812556,2019-10-21T2.50.12.556 pm,9.356,-0.152,-0.967,-0.486
1571665812576,2019-10-21T2.50.12.576 pm,9.376,-0.158,-0.790,-0.245
1571665812597,2019-10-21T2.50.12.597 pm,9.397,-0.125,-0.877,0.021
1571665812617,2019-10-21T2.50.12.617 pm,9.417,-0.126,-1.093,0.026
1571665812636,2019-10-21T2.50.12.636 pm,9.436,-0.124,-1.006,0.111
1571665812657,2019-10-21T2.50.12.657 pm,9.457,-0.125,-0.772,0.238
1571665812677,2019-10-21T2.50.12.677 pm,9.477,-0.140,-0.698,0.393
1571665812697,2019-10-21T2.50.12.697 pm,9.497,-0.110,-0.739,0.557
1571665812717,2019-10-21T2.50.12.717 pm,9.517,-0.095,-0.683,0.625
1571665812738,2019-10-21T2.50.12.738 pm,9.538,-0.090,-0.696,0.628
1571665812757,2019-10-21T2.50.12.757 pm,9.557,-0.108,-0.537,0.696
1571665812777,2019-10-21T2.50.12.777 pm,9.577,-0.111,-0.348,0.787
1571665812798,2019-10-21T2.50.12.798 pm,9.598,-0.073,-0.408,0.873
1571665812818,2019-10-21T2.50.12.818 pm,9.618,-0.069,-0.350,0.911
1571665812837,2019-10-21T2.50.12.837 pm,9.637,-0.032,-0.156,0.995
1571665812858,2019-10-21T2.50.12.858 pm,9.658,-0.052,-0.141,0.995
1571665812878,2019-10-21T2.50.12.878 pm,9.678,-0.061,-0.034,1.006
1571665812897,2019-10-21T2.50.12.897 pm,9.697,-0.045,0.021,1.020
1571665812918,2019-10-21T2.50.12.918 pm,9.718,-0.049,0.022,1.011
1571665812938,2019-10-21T2.50.12.938 pm,9.738,-0.065,0.096,0.971
1571665812959,2019-10-21T2.50.12.959 pm,9.759,-0.082,0.106,0.918
1571665812978,2019-10-21T2.50.12.978 pm,9.778,-0.077,0.100,0.932
1571665812998,2019-10-21T2.50.12.998 pm,9.798,-0.058,0.186,0.934
1571665813019,2019-10-21T2.50.13.019 pm,9.819,-0.041,0.295,0.916
1571665813038,2019-10-21T2.50.13.038 pm,9.838,-0.066,0.309,0.871
1571665813058,2019-10-21T2.50.13.058 pm,9.858,-0.036,0.249,0.951
1571665813079,2019-10-21T2.50.13.079 pm,9.879,0.010,0.257,1.033
1571665813099,2019-10-21T2.50.13.099 pm,9.899,-0.015,0.232,0.981
1571665813118,2019-10-21T2.50.13.118 pm,9.918,-0.045,0.161,0.952
1571665813139,2019-10-21T2.50.13.139 pm,9.939,-0.027,0.190,0.980
1571665813159,2019-10-21T2.50.13.159 pm,9.959,-0.031,0.216,0.965
1571665813178,2019-10-21T2.50.13.178 pm,9.978,-0.027,0.214,0.964
1571665813199,2019-10-21T2.50.13.199 pm,9.999,-0.024,0.192,0.971
1571665813219,2019-10-21T2.50.13.219 pm,10.019,-0.034,0.159,0.970
1571665813239,2019-10-21T2.50.13.239 pm,10.039,-0.029,0.179,1.003
1571665813259,2019-10-21T2.50.13.259 pm,10.059,-0.046,0.189,1.006
1571665813280,2019-10-21T2.50.13.280 pm,10.080,-0.060,0.161,1.026
1571665813300,2019-10-21T2.50.13.300 pm,10.100,-0.086,0.073,0.971
1571665813319,2019-10-21T2.50.13.319 pm,10.119,-0.168,-0.048,0.830
1571665813340,2019-10-21T2.50.13.340 pm,10.140,-0.146,-0.219,0.838
1571665813360,2019-10-21T2.50.13.360 pm,10.160,-0.083,-0.359,0.953
1571665813379,2019-10-21T2.50.13.379 pm,10.179,-0.133,-0.398,0.870
1571665813400,2019-10-21T2.50.13.400 pm,10.200,-0.179,-0.384,0.825
1571665813420,2019-10-21T2.50.13.420 pm,10.220,-0.222,-0.380,0.658
1571665813441,2019-10-21T2.50.13.441 pm,10.241,-0.153,-0.637,0.469
1571665813460,2019-10-21T2.50.13.460 pm,10.260,0.041,-1.219,0.514
1571665813480,2019-10-21T2.50.13.480 pm,10.280,0.020,-1.226,0.363
1571665813501,2019-10-21T2.50.13.501 pm,10.301,-0.172,-0.889,0.028
1571665813520,2019-10-21T2.50.13.520 pm,10.320,-0.228,-0.777,-0.155
1571665813540,2019-10-21T2.50.13.540 pm,10.340,-0.198,-0.837,-0.247
1571665813561,2019-10-21T2.50.13.561 pm,10.361,-0.053,-1.202,-0.198
1571665813580,2019-10-21T2.50.13.580 pm,10.380,-0.050,-1.217,-0.290
1571665813600,2019-10-21T2.50.13.600 pm,10.400,-0.147,-0.769,-0.440
1571665813621,2019-10-21T2.50.13.621 pm,10.421,-0.183,-0.688,-0.592
1571665813641,2019-10-21T2.50.13.641 pm,10.441,-0.188,-0.768,-0.710
1571665813660,2019-10-21T2.50.13.660 pm,10.460,-0.125,-0.832,-0.680
1571665813681,2019-10-21T2.50.13.681 pm,10.481,-0.102,-0.748,-0.738
1571665813701,2019-10-21T2.50.13.701 pm,10.501,-0.129,-0.596,-0.825
1571665813720,2019-10-21T2.50.13.720 pm,10.520,-0.108,-0.521,-0.819
1571665813741,2019-10-21T2.50.13.741 pm,10.541,-0.104,-0.525,-0.864
1571665813761,2019-10-21T2.50.13.761 pm,10.561,-0.136,-0.459,-0.917
1571665813782,2019-10-21T2.50.13.782 pm,10.582,-0.153,-0.275,-0.888
1571665813801,2019-10-21T2.50.13.801 pm,10.601,-0.133,-0.278,-0.990
1571665813822,2019-10-21T2.50.13.822 pm,10.622,-0.110,-0.202,-0.998
1571665813842,2019-10-21T2.50.13.842 pm,10.642,-0.138,-0.140,-1.155
1571665813861,2019-10-21T2.50.13.861 pm,10.661,-0.163,-0.100,-1.218
1571665813882,2019-10-21T2.50.13.882 pm,10.682,-0.167,-0.120,-1.187
1571665813902,2019-10-21T2.50.13.902 pm,10.702,-0.139,-0.033,-1.093
1571665813923,2019-10-21T2.50.13.923 pm,10.723,-0.111,-0.043,-1.046
1571665813942,2019-10-21T2.50.13.942 pm,10.742,-0.105,-0.127,-1.092
1571665813962,2019-10-21T2.50.13.962 pm,10.762,-0.135,0.012,-1.116
1571665813983,2019-10-21T2.50.13.983 pm,10.783,-0.146,0.059,-1.143
1571665814002,2019-10-21T2.50.14.002 pm,10.802,-0.127,-0.015,-1.069
1571665814022,2019-10-21T2.50.14.022 pm,10.822,-0.122,-0.032,-1.083
1571665814043,2019-10-21T2.50.14.043 pm,10.843,-0.124,0.028,-1.085
1571665814062,2019-10-21T2.50.14.062 pm,10.862,-0.129,0.038,-1.153
1571665814082,2019-10-21T2.50.14.082 pm,10.882,-0.133,0.022,-1.146
1571665814103,2019-10-21T2.50.14.103 pm,10.903,-0.125,-0.044,-1.104
1571665814123,2019-10-21T2.50.14.123 pm,10.923,-0.130,-0.086,-1.144
1571665814142,2019-10-21T2.50.14.142 pm,10.942,-0.139,-0.104,-1.131
1571665814163,2019-10-21T2.50.14.163 pm,10.963,-0.128,-0.128,-1.041
1571665814183,2019-10-21T2.50.14.183 pm,10.983,-0.142,-0.159,-1.061
1571665814202,2019-10-21T2.50.14.202 pm,11.002,-0.146,-0.261,-1.086
1571665814223,2019-10-21T2.50.14.223 pm,11.023,-0.121,-0.433,-1.094
1571665814243,2019-10-21T2.50.14.243 pm,11.043,-0.099,-0.529,-1.028
1571665814264,2019-10-21T2.50.14.264 pm,11.064,-0.110,-0.519,-0.849
1571665814283,2019-10-21T2.50.14.283 pm,11.083,-0.123,-0.611,-0.771
1571665814303,2019-10-21T2.50.14.303 pm,11.103,-0.064,-0.799,-0.773
1571665814324,2019-10-21T2.50.14.324 pm,11.124,-0.065,-0.935,-0.860
1571665814343,2019-10-21T2.50.14.343 pm,11.143,-0.091,-0.845,-0.659
1571665814364,2019-10-21T2.50.14.364 pm,11.164,-0.066,-0.849,-0.405
1571665814384,2019-10-21T2.50.14.384 pm,11.184,-0.047,-1.035,-0.366
1571665814403,2019-10-21T2.50.14.403 pm,11.203,-0.071,-1.095,-0.367
1571665814424,2019-10-21T2.50.14.424 pm,11.224,-0.081,-0.996,-0.192
1571665814444,2019-10-21T2.50.14.444 pm,11.244,-0.088,-0.864,0.052
1571665814465,2019-10-21T2.50.14.465 pm,11.265,-0.079,-0.858,0.220
1571665814484,2019-10-21T2.50.14.484 pm,11.284,-0.059,-0.961,0.269
1571665814504,2019-10-21T2.50.14.504 pm,11.304,-0.065,-0.844,0.336
1571665814525,2019-10-21T2.50.14.525 pm,11.325,-0.093,-0.705,0.449
1571665814544,2019-10-21T2.50.14.544 pm,11.344,-0.080,-0.607,0.570
1571665814564,2019-10-21T2.50.14.564 pm,11.364,-0.072,-0.562,0.621
1571665814585,2019-10-21T2.50.14.585 pm,11.385,-0.010,-0.512,0.732
1571665814605,2019-10-21T2.50.14.605 pm,11.405,0.009,-0.399,0.823
1571665814624,2019-10-21T2.50.14.624 pm,11.424,0.026,-0.348,0.896
1571665814645,2019-10-21T2.50.14.645 pm,11.445,0.066,-0.266,0.980
1571665814665,2019-10-21T2.50.14.665 pm,11.465,0.057,-0.167,1.022
1571665814684,2019-10-21T2.50.14.684 pm,11.484,0.055,-0.125,1.038
1571665814705,2019-10-21T2.50.14.705 pm,11.505,0.053,-0.134,1.008
1571665814725,2019-10-21T2.50.14.725 pm,11.525,0.037,-0.067,0.990
1571665814744,2019-10-21T2.50.14.744 pm,11.544,0.010,0.037,0.970
1571665814765,2019-10-21T2.50.14.765 pm,11.565,0.007,0.056,0.980
1571665814785,2019-10-21T2.50.14.785 pm,11.585,-0.001,0.139,0.957
1571665814806,2019-10-21T2.50.14.806 pm,11.606,-0.023,0.120,0.923
1571665814825,2019-10-21T2.50.14.825 pm,11.625,-0.042,0.162,0.898
1571665814845,2019-10-21T2.50.14.845 pm,11.645,-0.044,0.223,0.911
1571665814866,2019-10-21T2.50.14.866 pm,11.666,-0.010,0.295,0.976
1571665814885,2019-10-21T2.50.14.885 pm,11.685,-0.045,0.326,0.920
1571665814906,2019-10-21T2.50.14.906 pm,11.706,-0.077,0.298,0.876
1571665814926,2019-10-21T2.50.14.926 pm,11.726,-0.018,0.228,0.978
1571665814947,2019-10-21T2.50.14.947 pm,11.747,0.009,0.181,1.019
1571665814966,2019-10-21T2.50.14.966 pm,11.766,-0.036,0.199,0.954
1571665814986,2019-10-21T2.50.14.986 pm,11.786,-0.054,0.187,0.933
1571665815007,2019-10-21T2.50.15.007 pm,11.807,-0.061,0.189,0.931
1571665815026,2019-10-21T2.50.15.026 pm,11.826,-0.036,0.145,0.950
1571665815046,2019-10-21T2.50.15.046 pm,11.846,-0.048,0.036,0.918
1571665815067,2019-10-21T2.50.15.067 pm,11.867,-0.028,-0.041,0.979
1571665815087,2019-10-21T2.50.15.087 pm,11.887,-0.013,-0.026,1.004
1571665815106,2019-10-21T2.50.15.106 pm,11.906,-0.088,0.062,0.952
1571665815127,2019-10-21T2.50.15.127 pm,11.927,-0.134,0.117,0.928
1571665815147,2019-10-21T2.50.15.147 pm,11.947,-0.141,0.101,0.856
1571665815166,2019-10-21T2.50.15.166 pm,11.966,-0.061,-0.337,0.803
1571665815187,2019-10-21T2.50.15.187 pm,11.987,0.112,-0.861,0.929
1571665815207,2019-10-21T2.50.15.207 pm,12.007,0.060,-0.710,0.904
1571665815226,2019-10-21T2.50.15.226 pm,12.026,-0.042,-0.563,0.713
1571665815247,2019-10-21T2.50.15.247 pm,12.047,-0.128,-0.594,0.435
1571665815267,2019-10-21T2.50.15.267 pm,12.067,-0.064,-0.857,0.286
1571665815288,2019-10-21T2.50.15.288 pm,12.088,0.086,-1.232,0.333
1571665815307,2019-10-21T2.50.15.307 pm,12.107,0.049,-1.034,0.214
1571665815327,2019-10-21T2.50.15.327 pm,12.127,-0.065,-0.893,-0.105
1571665815348,2019-10-21T2.50.15.348 pm,12.148,-0.107,-1.004,-0.290
1571665815367,2019-10-21T2.50.15.367 pm,12.167,-0.057,-1.135,-0.296
1571665815387,2019-10-21T2.50.15.387 pm,12.187,-0.041,-0.970,-0.239
1571665815408,2019-10-21T2.50.15.408 pm,12.208,-0.048,-0.741,-0.266
1571665815428,2019-10-21T2.50.15.428 pm,12.228,-0.106,-0.889,-0.706
1571665815448,2019-10-21T2.50.15.448 pm,12.248,-0.083,-1.024,-0.946
1571665815468,2019-10-21T2.50.15.468 pm,12.268,-0.052,-0.790,-0.680
1571665815489,2019-10-21T2.50.15.489 pm,12.289,-0.034,-0.649,-0.418
1571665815508,2019-10-21T2.50.15.508 pm,12.308,-0.083,-0.648,-0.726
1571665815528,2019-10-21T2.50.15.528 pm,12.328,-0.148,-0.648,-1.169
1571665815549,2019-10-21T2.50.15.549 pm,12.349,-0.108,-0.521,-0.966
1571665815569,2019-10-21T2.50.15.569 pm,12.369,-0.122,-0.255,-0.586
1571665815588,2019-10-21T2.50.15.588 pm,12.388,-0.152,-0.300,-0.804
1571665815609,2019-10-21T2.50.15.609 pm,12.409,-0.157,-0.379,-1.148
1571665815629,2019-10-21T2.50.15.629 pm,12.429,-0.140,-0.210,-1.067
1571665815648,2019-10-21T2.50.15.648 pm,12.448,-0.148,-0.159,-1.094
1571665815669,2019-10-21T2.50.15.669 pm,12.469,-0.167,-0.140,-1.175
1571665815689,2019-10-21T2.50.15.689 pm,12.489,-0.142,-0.153,-1.207
1571665815708,2019-10-21T2.50.15.708 pm,12.508,-0.144,-0.023,-1.140
1571665815729,2019-10-21T2.50.15.729 pm,12.529,-0.124,-0.030,-1.085
1571665815749,2019-10-21T2.50.15.749 pm,12.549,-0.154,-0.106,-1.169
1571665815770,2019-10-21T2.50.15.770 pm,12.570,-0.154,-0.022,-1.077
1571665815789,2019-10-21T2.50.15.789 pm,12.589,-0.160,0.036,-1.059
1571665815809,2019-10-21T2.50.15.809 pm,12.609,-0.179,0.070,-1.111
1571665815830,2019-10-21T2.50.15.830 pm,12.630,-0.191,0.106,-1.061
1571665815849,2019-10-21T2.50.15.849 pm,12.649,-0.179,0.066,-1.009
1571665815869,2019-10-21T2.50.15.869 pm,12.669,-0.168,0.006,-1.060
1571665815890,2019-10-21T2.50.15.890 pm,12.690,-0.146,-0.026,-1.047
1571665815910,2019-10-21T2.50.15.910 pm,12.710,-0.160,0.031,-1.044
1571665815929,2019-10-21T2.50.15.929 pm,12.729,-0.157,0.010,-1.058
1571665815950,2019-10-21T2.50.15.950 pm,12.750,-0.146,0.003,-1.058
1571665815970,2019-10-21T2.50.15.970 pm,12.770,-0.162,0.020,-1.070
1571665815990,2019-10-21T2.50.15.990 pm,12.790,-0.167,-0.011,-1.094
1571665816010,2019-10-21T2.50.16.010 pm,12.810,-0.160,-0.044,-1.056
1571665816031,2019-10-21T2.50.16.031 pm,12.831,-0.159,-0.072,-1.141
1571665816050,2019-10-21T2.50.16.050 pm,12.850,-0.155,-0.055,-1.090
1571665816070,2019-10-21T2.50.16.070 pm,12.870,-0.149,-0.099,-0.942
1571665816091,2019-10-21T2.50.16.091 pm,12.891,-0.154,-0.199,-1.028
1571665816111,2019-10-21T2.50.16.111 pm,12.911,-0.167,-0.206,-1.149
1571665816130,2019-10-21T2.50.16.130 pm,12.930,-0.180,-0.250,-1.203
1571665816151,2019-10-21T2.50.16.151 pm,12.951,-0.150,-0.342,-1.085
1571665816171,2019-10-21T2.50.16.171 pm,12.971,-0.132,-0.382,-0.840
1571665816190,2019-10-21T2.50.16.190 pm,12.990,-0.132,-0.540,-0.864
1571665816211,2019-10-21T2.50.16.211 pm,13.011,-0.106,-0.726,-0.888
1571665816231,2019-10-21T2.50.16.231 pm,13.031,-0.072,-0.887,-0.909
1571665816252,2019-10-21T2.50.16.252 pm,13.052,-0.084,-0.873,-0.907
1571665816271,2019-10-21T2.50.16.271 pm,13.071,-0.095,-0.775,-0.719
1571665816291,2019-10-21T2.50.16.291 pm,13.091,-0.087,-0.895,-0.564
1571665816312,2019-10-21T2.50.16.312 pm,13.112,-0.068,-1.132,-0.569
1571665816331,2019-10-21T2.50.16.331 pm,13.131,-0.055,-1.054,-0.406
1571665816351,2019-10-21T2.50.16.351 pm,13.151,-0.079,-0.917,-0.131
1571665816372,2019-10-21T2.50.16.372 pm,13.172,-0.109,-0.856,0.023
1571665816392,2019-10-21T2.50.16.392 pm,13.192,-0.119,-0.790,0.196
1571665816411,2019-10-21T2.50.16.411 pm,13.211,-0.089,-0.798,0.359
1571665816432,2019-10-21T2.50.16.432 pm,13.232,-0.041,-0.845,0.481
1571665816452,2019-10-21T2.50.16.452 pm,13.252,-0.074,-0.702,0.549
1571665816471,2019-10-21T2.50.16.471 pm,13.271,-0.098,-0.456,0.683
1571665816492,2019-10-21T2.50.16.492 pm,13.292,-0.085,-0.447,0.771
1571665816512,2019-10-21T2.50.16.512 pm,13.312,-0.047,-0.548,0.835
1571665816531,2019-10-21T2.50.16.531 pm,13.331,-0.034,-0.404,0.852
1571665816552,2019-10-21T2.50.16.552 pm,13.352,-0.069,-0.218,0.805
1571665816573,2019-10-21T2.50.16.573 pm,13.373,-0.083,-0.146,0.860
1571665816593,2019-10-21T2.50.16.593 pm,13.393,-0.038,-0.103,0.979
1571665816612,2019-10-21T2.50.16.612 pm,13.412,-0.004,-0.139,1.029
1571665816633,2019-10-21T2.50.16.633 pm,13.433,0.003,-0.151,1.024
1571665816653,2019-10-21T2.50.16.653 pm,13.453,-0.025,-0.003,0.995
1571665816672,2019-10-21T2.50.16.672 pm,13.472,-0.057,0.122,0.960
1571665816693,2019-10-21T2.50.16.693 pm,13.493,-0.033,0.087,0.985
1571665816713,2019-10-21T2.50.16.713 pm,13.513,-0.007,0.053,1.014
1571665816734,2019-10-21T2.50.16.734 pm,13.534,-0.057,0.212,0.928
1571665816753,2019-10-21T2.50.16.753 pm,13.553,-0.123,0.382,0.832
1571665816773,2019-10-21T2.50.16.773 pm,13.573,-0.093,0.393,0.860
1571665816794,2019-10-21T2.50.16.794 pm,13.594,-0.029,0.265,0.937
1571665816813,2019-10-21T2.50.16.813 pm,13.613,-0.015,0.185,0.992
1571665816833,2019-10-21T2.50.16.833 pm,13.633,-0.027,0.178,1.004
1571665816854,2019-10-21T2.50.16.854 pm,13.654,-0.059,0.201,0.960
1571665816874,2019-10-21T2.50.16.874 pm,13.674,-0.066,0.192,0.951
1571665816893,2019-10-21T2.50.16.893 pm,13.693,-0.065,0.194,0.942
1571665816914,2019-10-21T2.50.16.914 pm,13.714,-0.056,0.221,0.983
1571665816934,2019-10-21T2.50.16.934 pm,13.734,-0.089,0.268,0.965
1571665816953,2019-10-21T2.50.16.953 pm,13.753,-0.088,0.211,0.970
1571665816974,2019-10-21T2.50.16.974 pm,13.774,-0.109,0.097,0.921
1571665816994,2019-10-21T2.50.16.994 pm,13.794,-0.185,0.020,0.811
1571665817013,2019-10-21T2.50.17.013 pm,13.813,-0.216,-0.022,0.763
1571665817034,2019-10-21T2.50.17.034 pm,13.834,-0.137,-0.179,0.820
1571665817054,2019-10-21T2.50.17.054 pm,13.854,0.019,-0.476,0.795
1571665817075,2019-10-21T2.50.17.075 pm,13.875,0.062,-0.833,0.640
1571665817094,2019-10-21T2.50.17.094 pm,13.894,-0.066,-0.913,0.242
1571665817115,2019-10-21T2.50.17.115 pm,13.915,-0.157,-0.875,-0.119
1571665817135,2019-10-21T2.50.17.135 pm,13.935,-0.099,-0.966,-0.222
1571665817154,2019-10-21T2.50.17.154 pm,13.954,-0.011,-1.072,-0.227
1571665817175,2019-10-21T2.50.17.175 pm,13.975,-0.063,-0.925,-0.418
1571665817195,2019-10-21T2.50.17.195 pm,13.995,-0.092,-0.828,-0.624
1571665817216,2019-10-21T2.50.17.216 pm,14.016,-0.097,-0.670,-0.611
1571665817235,2019-10-21T2.50.17.235 pm,14.035,-0.106,-0.661,-0.785
1571665817255,2019-10-21T2.50.17.255 pm,14.055,-0.070,-0.665,-0.873
1571665817276,2019-10-21T2.50.17.276 pm,14.076,-0.109,-0.400,-0.871
1571665817295,2019-10-21T2.50.17.295 pm,14.095,-0.149,-0.327,-1.056
1571665817315,2019-10-21T2.50.17.315 pm,14.115,-0.132,-0.349,-1.138
1571665817336,2019-10-21T2.50.17.336 pm,14.136,-0.150,-0.182,-1.129
1571665817355,2019-10-21T2.50.17.355 pm,14.155,-0.144,-0.123,-1.118
1571665817375,2019-10-21T2.50.17.375 pm,14.175,-0.117,-0.187,-1.120
1571665817396,2019-10-21T2.50.17.396 pm,14.196,-0.089,-0.186,-1.070
1571665817416,2019-10-21T2.50.17.416 pm,14.216,-0.077,-0.099,-1.088
1571665817435,2019-10-21T2.50.17.435 pm,14.235,-0.109,0.033,-1.163
1571665817456,2019-10-21T2.50.17.456 pm,14.256,-0.101,0.111,-1.168
1571665817476,2019-10-21T2.50.17.476 pm,14.276,-0.116,0.120,-1.228
1571665817495,2019-10-21T2.50.17.495 pm,14.295,-0.106,0.068,-1.203
1571665817516,2019-10-21T2.50.17.516 pm,14.316,-0.076,0.038,-1.089
1571665817536,2019-10-21T2.50.17.536 pm,14.336,-0.094,0.084,-1.087
1571665817557,2019-10-21T2.50.17.557 pm,14.357,-0.091,0.042,-1.118
1571665817576,2019-10-21T2.50.17.576 pm,14.376,-0.082,0.042,-1.095
1571665817596,2019-10-21T2.50.17.596 pm,14.396,-0.077,0.026,-1.081
1571665817617,2019-10-21T2.50.17.617 pm,14.417,-0.071,-0.029,-1.108
1571665817636,2019-10-21T2.50.17.636 pm,14.436,-0.072,-0.052,-1.195
1571665817656,2019-10-21T2.50.17.656 pm,14.456,-0.097,0.013,-1.306
1571665817677,2019-10-21T2.50.17.677 pm,14.477,-0.146,0.130,-1.160
1571665817696,2019-10-21T2.50.17.696 pm,14.496,-0.139,-0.045,-1.088
1571665817717,2019-10-21T2.50.17.717 pm,14.517,-0.087,-0.296,-1.072
1571665817737,2019-10-21T2.50.17.737 pm,14.537,-0.112,-0.277,-1.149
1571665817758,2019-10-21T2.50.17.758 pm,14.558,-0.094,-0.315,-1.113
1571665817777,2019-10-21T2.50.17.777 pm,14.577,-0.086,-0.408,-0.895
1571665817797,2019-10-21T2.50.17.797 pm,14.597,-0.120,-0.529,-0.857
1571665817818,2019-10-21T2.50.17.818 pm,14.618,-0.147,-0.636,-0.993
1571665817837,2019-10-21T2.50.17.837 pm,14.637,-0.101,-0.737,-0.954
1571665817857,2019-10-21T2.50.17.857 pm,14.657,-0.056,-0.801,-0.761
1571665817878,2019-10-21T2.50.17.878 pm,14.678,-0.067,-0.769,-0.552
1571665817898,2019-10-21T2.50.17.898 pm,14.698,-0.067,-0.849,-0.474
1571665817917,2019-10-21T2.50.17.917 pm,14.717,-0.017,-0.993,-0.384
1571665817938,2019-10-21T2.50.17.938 pm,14.738,-0.009,-1.032,-0.298
1571665817958,2019-10-21T2.50.17.958 pm,14.758,-0.022,-0.942,-0.206
1571665817977,2019-10-21T2.50.17.977 pm,14.777,-0.039,-0.828,-0.059
1571665817998,2019-10-21T2.50.17.998 pm,14.798,-0.031,-0.918,0.060
1571665818018,2019-10-21T2.50.18.018 pm,14.818,0.005,-1.086,0.141
1571665818037,2019-10-21T2.50.18.037 pm,14.837,0.002,-1.046,0.197
1571665818058,2019-10-21T2.50.18.058 pm,14.858,-0.023,-0.736,0.367
1571665818078,2019-10-21T2.50.18.078 pm,14.878,-0.011,-0.651,0.550
1571665818099,2019-10-21T2.50.18.099 pm,14.899,0.013,-0.738,0.627
1571665818118,2019-10-21T2.50.18.118 pm,14.918,0.024,-0.800,0.625
1571665818138,2019-10-21T2.50.18.138 pm,14.938,0.021,-0.615,0.661
1571665818159,2019-10-21T2.50.18.159 pm,14.959,-0.038,-0.426,0.687
1571665818178,2019-10-21T2.50.18.178 pm,14.978,-0.026,-0.380,0.769
1571665818198,2019-10-21T2.50.18.198 pm,14.998,-0.007,-0.395,0.838
1571665818219,2019-10-21T2.50.18.219 pm,15.019,-0.014,-0.296,0.872
1571665818240,2019-10-21T2.50.18.240 pm,15.040,-0.020,-0.080,0.905
1571665818259,2019-10-21T2.50.18.259 pm,15.059,-0.006,0.031,0.984
1571665818279,2019-10-21T2.50.18.279 pm,15.079,0.001,0.011,1.046
1571665818300,2019-10-21T2.50.18.300 pm,15.100,-0.007,0.073,1.022
1571665818319,2019-10-21T2.50.18.319 pm,15.119,-0.054,0.134,0.953
1571665818339,2019-10-21T2.50.18.339 pm,15.139,-0.087,0.228,0.952
1571665818360,2019-10-21T2.50.18.360 pm,15.160,-0.065,0.289,1.009
1571665818379,2019-10-21T2.50.18.379 pm,15.179,-0.037,0.176,1.018
1571665818399,2019-10-21T2.50.18.399 pm,15.199,-0.047,0.090,0.963
1571665818420,2019-10-21T2.50.18.420 pm,15.220,-0.057,0.026,0.954
1571665818440,2019-10-21T2.50.18.440 pm,15.240,-0.049,0.009,0.990
1571665818459,2019-10-21T2.50.18.459 pm,15.259,-0.034,0.003,1.000
1571665818480,2019-10-21T2.50.18.480 pm,15.280,-0.038,-0.015,0.951
1571665818500,2019-10-21T2.50.18.500 pm,15.300,-0.059,-0.094,0.905
1571665818519,2019-10-21T2.50.18.519 pm,15.319,-0.026,-0.094,1.000
1571665818540,2019-10-21T2.50.18.540 pm,15.340,-0.029,-0.061,1.033
1571665818560,2019-10-21T2.50.18.560 pm,15.360,-0.054,-0.033,1.018
1571665818581,2019-10-21T2.50.18.581 pm,15.381,-0.067,-0.051,0.990
1571665818600,2019-10-21T2.50.18.600 pm,15.400,-0.080,-0.219,0.897
1571665818620,2019-10-21T2.50.18.620 pm,15.420,-0.068,-0.410,0.875
1571665818641,2019-10-21T2.50.18.641 pm,15.441,-0.093,-0.483,0.824
1571665818660,2019-10-21T2.50.18.660 pm,15.460,-0.147,-0.500,0.684
1571665818680,2019-10-21T2.50.18.680 pm,15.480,-0.147,-0.552,0.641
1571665818701,2019-10-21T2.50.18.701 pm,15.501,-0.085,-0.681,0.722
1571665818720,2019-10-21T2.50.18.720 pm,15.520,-0.074,-0.853,0.577
1571665818740,2019-10-21T2.50.18.740 pm,15.540,-0.136,-0.863,0.330
1571665818761,2019-10-21T2.50.18.761 pm,15.561,-0.186,-0.818,0.186
1571665818781,2019-10-21T2.50.18.781 pm,15.581,-0.147,-0.897,0.159
1571665818801,2019-10-21T2.50.18.801 pm,15.601,-0.056,-1.047,0.158
1571665818821,2019-10-21T2.50.18.821 pm,15.621,-0.067,-1.030,0.024
1571665818842,2019-10-21T2.50.18.842 pm,15.642,-0.155,-0.950,-0.292
1571665818861,2019-10-21T2.50.18.861 pm,15.661,-0.167,-0.936,-0.432
1571665818881,2019-10-21T2.50.18.881 pm,15.681,-0.121,-0.965,-0.379
1571665818902,2019-10-21T2.50.18.902 pm,15.702,-0.092,-0.952,-0.382
1571665818922,2019-10-21T2.50.18.922 pm,15.722,-0.141,-0.823,-0.573
1571665818941,2019-10-21T2.50.18.941 pm,15.741,-0.208,-0.719,-0.793
1571665818962,2019-10-21T2.50.18.962 pm,15.762,-0.192,-0.698,-0.788
1571665818982,2019-10-21T2.50.18.982 pm,15.782,-0.136,-0.646,-0.679
1571665819001,2019-10-21T2.50.19.001 pm,15.801,-0.130,-0.563,-0.768
1571665819022,2019-10-21T2.50.19.022 pm,15.822,-0.197,-0.416,-0.962
1571665819042,2019-10-21T2.50.19.042 pm,15.842,-0.218,-0.319,-1.020
1571665819061,2019-10-21T2.50.19.061 pm,15.861,-0.195,-0.163,-0.909
1571665819082,2019-10-21T2.50.19.082 pm,15.882,-0.186,-0.130,-1.055
1571665819102,2019-10-21T2.50.19.102 pm,15.902,-0.223,-0.122,-1.269
1571665819123,2019-10-21T2.50.19.123 pm,15.923,-0.217,-0.068,-1.268
1571665819142,2019-10-21T2.50.19.142 pm,15.942,-0.192,-0.039,-1.168
1571665819162,2019-10-21T2.50.19.162 pm,15.962,-0.200,-0.048,-1.155
1571665819183,2019-10-21T2.50.19.183 pm,15.983,-0.196,-0.068,-1.123
1571665819202,2019-10-21T2.50.19.202 pm,16.002,-0.166,-0.117,-1.075
1571665819222,2019-10-21T2.50.19.222 pm,16.022,-0.180,-0.065,-1.083
1571665819243,2019-10-21T2.50.19.243 pm,16.043,-0.198,-0.004,-1.070
1571665819263,2019-10-21T2.50.19.263 pm,16.063,-0.178,-0.053,-1.067
1571665819282,2019-10-21T2.50.19.282 pm,16.082,-0.160,-0.087,-1.074
1571665819303,2019-10-21T2.50.19.303 pm,16.103,-0.166,-0.065,-1.075
1571665819323,2019-10-21T2.50.19.323 pm,16.123,-0.174,-0.055,-1.107
1571665819343,2019-10-21T2.50.19.343 pm,16.143,-0.174,-0.070,-1.129
1571665819363,2019-10-21T2.50.19.363 pm,16.163,-0.179,-0.088,-1.165
1571665819384,2019-10-21T2.50.19.384 pm,16.184,-0.178,-0.121,-1.159
1571665819403,2019-10-21T2.50.19.403 pm,16.203,-0.170,-0.197,-1.113
1571665819423,2019-10-21T2.50.19.423 pm,16.223,-0.169,-0.287,-1.102
1571665819444,2019-10-21T2.50.19.444 pm,16.244,-0.165,-0.365,-1.071
1571665819464,2019-10-21T2.50.19.464 pm,16.264,-0.168,-0.403,-1.051
1571665819483,2019-10-21T2.50.19.483 pm,16.283,-0.170,-0.461,-0.990
1571665819504,2019-10-21T2.50.19.504 pm,16.304,-0.165,-0.548,-0.932
1571665819524,2019-10-21T2.50.19.524 pm,16.324,-0.144,-0.609,-0.799
1571665819543,2019-10-21T2.50.19.543 pm,16.343,-0.121,-0.692,-0.701
1571665819564,2019-10-21T2.50.19.564 pm,16.364,-0.118,-0.847,-0.708
1571665819584,2019-10-21T2.50.19.584 pm,16.384,-0.104,-0.905,-0.623
1571665819605,2019-10-21T2.50.19.605 pm,16.405,-0.091,-0.891,-0.477
1571665819624,2019-10-21T2.50.19.624 pm,16.424,-0.073,-0.906,-0.318
1571665819644,2019-10-21T2.50.19.644 pm,16.444,-0.067,-0.955,-0.206
1571665819665,2019-10-21T2.50.19.665 pm,16.465,-0.050,-0.977,-0.100
1571665819684,2019-10-21T2.50.19.684 pm,16.484,-0.036,-0.937,0.069
1571665819704,2019-10-21T2.50.19.704 pm,16.504,-0.034,-0.991,0.162
1571665819725,2019-10-21T2.50.19.725 pm,16.525,-0.040,-0.936,0.255
1571665819744,2019-10-21T2.50.19.744 pm,16.544,-0.068,-0.775,0.366
1571665819764,2019-10-21T2.50.19.764 pm,16.564,-0.055,-0.669,0.512
1571665819785,2019-10-21T2.50.19.785 pm,16.585,-0.004,-0.603,0.665
1571665819805,2019-10-21T2.50.19.805 pm,16.605,0.006,-0.660,0.691
1571665819824,2019-10-21T2.50.19.824 pm,16.624,-0.001,-0.598,0.708
1571665819845,2019-10-21T2.50.19.845 pm,16.645,0.002,-0.513,0.762
1571665819865,2019-10-21T2.50.19.865 pm,16.665,0.018,-0.467,0.823
1571665819885,2019-10-21T2.50.19.885 pm,16.685,0.048,-0.536,0.872
1571665819905,2019-10-21T2.50.19.905 pm,16.705,0.057,-0.561,0.890
1571665819926,2019-10-21T2.50.19.926 pm,16.726,0.011,-0.332,0.857
1571665819946,2019-10-21T2.50.19.946 pm,16.746,-0.039,-0.248,0.819
1571665819965,2019-10-21T2.50.19.965 pm,16.765,0.000,-0.206,0.919
1571665819986,2019-10-21T2.50.19.986 pm,16.786,0.057,-0.250,1.029
1571665820006,2019-10-21T2.50.20.006 pm,16.806,0.050,-0.249,1.043
1571665820025,2019-10-21T2.50.20.025 pm,16.825,0.014,-0.205,1.027
1571665820046,2019-10-21T2.50.20.046 pm,16.846,0.013,-0.172,1.049
1571665820066,2019-10-21T2.50.20.066 pm,16.866,0.013,-0.189,1.026
1571665820085,2019-10-21T2.50.20.085 pm,16.885,-0.020,-0.198,0.957
1571665820106,2019-10-21T2.50.20.106 pm,16.906,-0.031,-0.202,0.933
1571665820126,2019-10-21T2.50.20.126 pm,16.926,-0.037,-0.193,0.922
1571665820147,2019-10-21T2.50.20.147 pm,16.947,-0.036,-0.180,0.914
1571665820166,2019-10-21T2.50.20.166 pm,16.966,-0.031,-0.223,0.906
1571665820186,2019-10-21T2.50.20.186 pm,16.986,-0.028,-0.255,0.912
1571665820207,2019-10-21T2.50.20.207 pm,17.007,-0.017,-0.269,0.928
1571665820226,2019-10-21T2.50.20.226 pm,17.026,-0.017,-0.244,0.940
1571665820246,2019-10-21T2.50.20.246 pm,17.046,-0.023,-0.208,0.941
1571665820267,2019-10-21T2.50.20.267 pm,17.067,-0.024,-0.212,0.943
1571665820287,2019-10-21T2.50.20.287 pm,17.087,-0.024,-0.231,0.947
1571665820306,2019-10-21T2.50.20.306 pm,17.106,-0.020,-0.251,0.954
1571665820327,2019-10-21T2.50.20.327 pm,17.127,-0.017,-0.249,0.961
1571665820347,2019-10-21T2.50.20.347 pm,17.147,-0.021,-0.240,0.949
1571665820366,2019-10-21T2.50.20.366 pm,17.166,-0.026,-0.280,0.934
1571665820387,2019-10-21T2.50.20.387 pm,17.187,-0.037,-0.274,0.914
1571665820407,2019-10-21T2.50.20.407 pm,17.207,-0.034,-0.260,0.927
1571665820427,2019-10-21T2.50.20.427 pm,17.227,-0.025,-0.272,0.948
1571665820447,2019-10-21T2.50.20.447 pm,17.247,-0.023,-0.280,0.958
1571665820468,2019-10-21T2.50.20.468 pm,17.268,-0.029,-0.272,0.955
1571665820488,2019-10-21T2.50.20.488 pm,17.288,-0.037,-0.263,0.943
1571665820507,2019-10-21T2.50.20.507 pm,17.307,-0.036,-0.278,0.933
1571665820528,2019-10-21T2.50.20.528 pm,17.328,-0.026,-0.310,0.936
1571665820548,2019-10-21T2.50.20.548 pm,17.348,-0.022,-0.293,0.948
1571665820567,2019-10-21T2.50.20.567 pm,17.367,-0.030,-0.288,0.942
1571665820588,2019-10-21T2.50.20.588 pm,17.388,-0.036,-0.272,0.934
1571665820608,2019-10-21T2.50.20.608 pm,17.408,-0.033,-0.291,0.933
1571665820629,2019-10-21T2.50.20.629 pm,17.429,-0.034,-0.304,0.935
1571665820648,2019-10-21T2.50.20.648 pm,17.448,-0.041,-0.306,0.932
1571665820668,2019-10-21T2.50.20.668 pm,17.468,-0.038,-0.307,0.931
1571665820689,2019-10-21T2.50.20.689 pm,17.489,-0.040,-0.294,0.926
1571665820708,2019-10-21T2.50.20.708 pm,17.508,-0.037,-0.304,0.923
1571665820728,2019-10-21T2.50.20.728 pm,17.528,-0.030,-0.330,0.929
1571665820749,2019-10-21T2.50.20.749 pm,17.549,-0.038,-0.330,0.916
1571665820768,2019-10-21T2.50.20.768 pm,17.568,-0.041,-0.339,0.910
1571665820788,2019-10-21T2.50.20.788 pm,17.588,-0.042,-0.336,0.914
1571665820809,2019-10-21T2.50.20.809 pm,17.609,-0.038,-0.339,0.919
1571665820829,2019-10-21T2.50.20.829 pm,17.629,-0.031,-0.346,0.930
1571665820848,2019-10-21T2.50.20.848 pm,17.648,-0.036,-0.321,0.924
1571665820869,2019-10-21T2.50.20.869 pm,17.669,-0.037,-0.320,0.917
1571665820889,2019-10-21T2.50.20.889 pm,17.689,-0.038,-0.321,0.913
1571665820908,2019-10-21T2.50.20.908 pm,17.708,-0.020,-0.364,0.932
1571665820929,2019-10-21T2.50.20.929 pm,17.729,-0.034,-0.357,0.912
1571665820949,2019-10-21T2.50.20.949 pm,17.749,-0.039,-0.336,0.919
1571665820970,2019-10-21T2.50.20.970 pm,17.770,-0.039,-0.319,0.925
1571665820989,2019-10-21T2.50.20.989 pm,17.789,-0.037,-0.323,0.929
1571665821010,2019-10-21T2.50.21.010 pm,17.810,-0.033,-0.341,0.932
1571665821030,2019-10-21T2.50.21.030 pm,17.830,-0.035,-0.359,0.926
1571665821049,2019-10-21T2.50.21.049 pm,17.849,-0.037,-0.375,0.916
1571665821070,2019-10-21T2.50.21.070 pm,17.870,-0.049,-0.377,0.894
1571665821090,2019-10-21T2.50.21.090 pm,17.890,-0.047,-0.378,0.900
1571665821109,2019-10-21T2.50.21.109 pm,17.909,-0.042,-0.359,0.919
1571665821130,2019-10-21T2.50.21.130 pm,17.930,-0.040,-0.348,0.927
1571665821150,2019-10-21T2.50.21.150 pm,17.950,-0.056,-0.318,0.905
1571665821171,2019-10-21T2.50.21.171 pm,17.971,-0.053,-0.340,0.907
1571665821190,2019-10-21T2.50.21.190 pm,17.990,-0.049,-0.365,0.907
1571665821210,2019-10-21T2.50.21.210 pm,18.010,-0.046,-0.367,0.908
1571665821231,2019-10-21T2.50.21.231 pm,18.031,-0.044,-0.357,0.915
1571665821250,2019-10-21T2.50.21.250 pm,18.050,-0.043,-0.360,0.917
1571665821270,2019-10-21T2.50.21.270 pm,18.070,-0.047,-0.348,0.918
1571665821291,2019-10-21T2.50.21.291 pm,18.091,-0.054,-0.332,0.912
1571665821311,2019-10-21T2.50.21.311 pm,18.111,-0.048,-0.346,0.913
1571665821330,2019-10-21T2.50.21.330 pm,18.130,-0.047,-0.350,0.911
1571665821351,2019-10-21T2.50.21.351 pm,18.151,-0.047,-0.361,0.908
1571665821371,2019-10-21T2.50.21.371 pm,18.171,-0.041,-0.374,0.916
1571665821390,2019-10-21T2.50.21.390 pm,18.190,-0.043,-0.364,0.917
1571665821411,2019-10-21T2.50.21.411 pm,18.211,-0.054,-0.343,0.912
1571665821431,2019-10-21T2.50.21.431 pm,18.231,-0.056,-0.333,0.912
1571665821450,2019-10-21T2.50.21.450 pm,18.250,-0.047,-0.348,0.911
1571665821471,2019-10-21T2.50.21.471 pm,18.271,-0.042,-0.370,0.904
1571665821491,2019-10-21T2.50.21.491 pm,18.291,-0.040,-0.383,0.911
1571665821512,2019-10-21T2.50.21.512 pm,18.312,-0.045,-0.377,0.910
1571665821531,2019-10-21T2.50.21.531 pm,18.331,-0.044,-0.387,0.908
1571665821552,2019-10-21T2.50.21.552 pm,18.352,-0.025,-0.435,0.916
1571665821572,2019-10-21T2.50.21.572 pm,18.372,-0.024,-0.473,0.886
1571665821591,2019-10-21T2.50.21.591 pm,18.391,-0.047,-0.405,0.861
1571665821612,2019-10-21T2.50.21.612 pm,18.412,-0.056,-0.338,0.888
1571665821632,2019-10-21T2.50.21.632 pm,18.432,-0.047,-0.295,0.939
1571665821653,2019-10-21T2.50.21.653 pm,18.453,-0.060,-0.311,0.915
1571665821672,2019-10-21T2.50.21.672 pm,18.472,-0.063,-0.293,0.902
1571665821692,2019-10-21T2.50.21.692 pm,18.492,-0.056,-0.304,0.913
1571665821713,2019-10-21T2.50.21.713 pm,18.513,-0.042,-0.312,0.941
1571665821732,2019-10-21T2.50.21.732 pm,18.532,-0.051,-0.328,0.919
1571665821752,2019-10-21T2.50.21.752 pm,18.552,-0.057,-0.335,0.891
1571665821773,2019-10-21T2.50.21.773 pm,18.573,-0.052,-0.344,0.903
1571665821792,2019-10-21T2.50.21.792 pm,18.592,-0.039,-0.346,0.921
1571665821812,2019-10-21T2.50.21.812 pm,18.612,-0.031,-0.375,0.927
1571665821833,2019-10-21T2.50.21.833 pm,18.633,-0.032,-0.371,0.932
1571665821853,2019-10-21T2.50.21.853 pm,18.653,-0.046,-0.347,0.934
1571665821872,2019-10-21T2.50.21.872 pm,18.672,-0.049,-0.298,0.956
1571665821893,2019-10-21T2.50.21.893 pm,18.693,-0.053,-0.257,0.963
1571665821913,2019-10-21T2.50.21.913 pm,18.713,-0.051,-0.259,0.951
1571665821932,2019-10-21T2.50.21.932 pm,18.732,-0.033,-0.310,0.949
1571665821953,2019-10-21T2.50.21.953 pm,18.753,-0.029,-0.355,0.929
1571665821973,2019-10-21T2.50.21.973 pm,18.773,-0.025,-0.345,0.935
1571665821994,2019-10-21T2.50.21.994 pm,18.794,-0.019,-0.347,0.939
1571665822013,2019-10-21T2.50.22.013 pm,18.813,-0.018,-0.352,0.938
1571665822033,2019-10-21T2.50.22.033 pm,18.833,-0.033,-0.313,0.934
1571665822054,2019-10-21T2.50.22.054 pm,18.854,-0.042,-0.260,0.935
1571665822073,2019-10-21T2.50.22.073 pm,18.873,-0.072,-0.180,0.936
1571665822094,2019-10-21T2.50.22.094 pm,18.894,-0.076,-0.163,0.960
1571665822114,2019-10-21T2.50.22.114 pm,18.914,-0.081,-0.171,0.959
1571665822133,2019-10-21T2.50.22.133 pm,18.933,-0.088,-0.184,0.946
1571665822154,2019-10-21T2.50.22.154 pm,18.954,-0.086,-0.183,0.959
1571665822174,2019-10-21T2.50.22.174 pm,18.974,-0.080,-0.199,0.971
1571665822195,2019-10-21T2.50.22.195 pm,18.995,-0.096,-0.196,0.927
1571665822214,2019-10-21T2.50.22.214 pm,19.014,-0.093,-0.229,0.915
1571665822234,2019-10-21T2.50.22.234 pm,19.034,-0.055,-0.254,0.979
1571665822255,2019-10-21T2.50.22.255 pm,19.055,-0.057,-0.266,0.975
1571665822274,2019-10-21T2.50.22.274 pm,19.074,-0.066,-0.265,0.953
1571665822294,2019-10-21T2.50.22.294 pm,19.094,-0.057,-0.244,0.977
1571665822315,2019-10-21T2.50.22.315 pm,19.115,-0.069,-0.216,0.974
1571665822335,2019-10-21T2.50.22.335 pm,19.135,-0.085,-0.199,0.955
1571665822354,2019-10-21T2.50.22.354 pm,19.154,-0.085,-0.199,0.965
1571665822375,2019-10-21T2.50.22.375 pm,19.175,-0.045,-0.233,1.019
1571665822395,2019-10-21T2.50.22.395 pm,19.195,-0.029,-0.251,1.043
1571665822414,2019-10-21T2.50.22.414 pm,19.214,-0.078,-0.206,0.972
1571665822435,2019-10-21T2.50.22.435 pm,19.235,-0.144,-0.173,0.885
1571665822455,2019-10-21T2.50.22.455 pm,19.255,-0.110,-0.204,0.929
1571665822474,2019-10-21T2.50.22.474 pm,19.274,-0.072,-0.210,0.978
1571665822495,2019-10-21T2.50.22.495 pm,19.295,-0.110,-0.204,0.938
1571665822515,2019-10-21T2.50.22.515 pm,19.315,-0.123,-0.196,0.936
1571665822536,2019-10-21T2.50.22.536 pm,19.336,-0.119,-0.162,0.925
1571665822555,2019-10-21T2.50.22.555 pm,19.355,-0.144,-0.166,0.871
1571665822575,2019-10-21T2.50.22.575 pm,19.375,-0.135,-0.189,0.877
1571665822596,2019-10-21T2.50.22.596 pm,19.396,-0.136,-0.126,0.884
1571665822615,2019-10-21T2.50.22.615 pm,19.415,-0.124,-0.073,0.916
1571665822635,2019-10-21T2.50.22.635 pm,19.435,-0.102,-0.010,0.966
1571665822656,2019-10-21T2.50.22.656 pm,19.456,-0.141,-0.018,0.901
1571665822677,2019-10-21T2.50.22.677 pm,19.477,-0.121,-0.066,0.876
1571665822696,2019-10-21T2.50.22.696 pm,19.496,-0.085,-0.014,0.947
1571665822716,2019-10-21T2.50.22.716 pm,19.516,-0.081,0.140,0.988
1571665822737,2019-10-21T2.50.22.737 pm,19.537,-0.096,0.193,0.956
1571665822756,2019-10-21T2.50.22.756 pm,19.556,-0.084,0.113,0.943
1571665822776,2019-10-21T2.50.22.776 pm,19.576,-0.059,0.123,0.979
1571665822797,2019-10-21T2.50.22.797 pm,19.597,-0.055,0.230,1.001
1571665822817,2019-10-21T2.50.22.817 pm,19.617,0.007,0.231,1.073
1571665822836,2019-10-21T2.50.22.836 pm,19.636,0.025,0.186,1.074
1571665822857,2019-10-21T2.50.22.857 pm,19.657,-0.041,0.087,0.956
1571665822877,2019-10-21T2.50.22.877 pm,19.677,-0.049,0.054,0.935
1571665822896,2019-10-21T2.50.22.896 pm,19.696,-0.034,0.050,0.983
1571665822917,2019-10-21T2.50.22.917 pm,19.717,-0.034,0.071,1.004
1571665822937,2019-10-21T2.50.22.937 pm,19.737,-0.055,0.063,0.985
1571665822956,2019-10-21T2.50.22.956 pm,19.756,-0.068,-0.012,0.926
1571665822977,2019-10-21T2.50.22.977 pm,19.777,-0.059,-0.013,0.920
1571665822997,2019-10-21T2.50.22.997 pm,19.797,-0.002,0.059,1.020
1571665823018,2019-10-21T2.50.23.018 pm,19.818,-0.020,0.055,0.967
1571665823037,2019-10-21T2.50.23.037 pm,19.837,-0.024,0.026,0.921
1571665823057,2019-10-21T2.50.23.057 pm,19.857,-0.011,0.029,0.933
1571665823078,2019-10-21T2.50.23.078 pm,19.878,-0.021,0.041,0.927
1571665823097,2019-10-21T2.50.23.097 pm,19.897,-0.020,0.052,0.932
1571665823117,2019-10-21T2.50.23.117 pm,19.917,-0.043,0.037,0.884
1571665823138,2019-10-21T2.50.23.138 pm,19.938,-0.006,-0.025,0.926
1571665823158,2019-10-21T2.50.23.158 pm,19.958,-0.030,-0.019,0.895
1571665823177,2019-10-21T2.50.23.177 pm,19.977,-0.020,-0.058,0.884
1571665823198,2019-10-21T2.50.23.198 pm,19.998,0.069,-0.127,1.029
1571665823219,2019-10-21T2.50.23.219 pm,20.019,0.073,-0.129,1.103
1571665823238,2019-10-21T2.50.23.238 pm,20.038,0.045,-0.115,1.098
1571665823258,2019-10-21T2.50.23.258 pm,20.058,0.024,-0.108,1.131
1571665823279,2019-10-21T2.50.23.279 pm,20.079,-0.006,-0.105,1.029
1571665823298,2019-10-21T2.50.23.298 pm,20.098,0.023,-0.092,1.026
1571665823318,2019-10-21T2.50.23.318 pm,20.118,0.029,-0.088,0.995
1571665823339,2019-10-21T2.50.23.339 pm,20.139,0.017,-0.098,0.966
1571665823359,2019-10-21T2.50.23.359 pm,20.159,0.040,-0.111,1.007
1571665823378,2019-10-21T2.50.23.378 pm,20.178,0.066,-0.139,1.064
1571665823399,2019-10-21T2.50.23.399 pm,20.199,0.066,-0.124,1.090
1571665823419,2019-10-21T2.50.23.419 pm,20.219,0.015,-0.082,1.063
1571665823438,2019-10-21T2.50.23.438 pm,20.238,-0.008,-0.051,1.025
1571665823459,2019-10-21T2.50.23.459 pm,20.259,0.018,-0.077,1.025
1571665823479,2019-10-21T2.50.23.479 pm,20.279,0.012,-0.073,1.012
1571665823500,2019-10-21T2.50.23.500 pm,20.300,-0.013,-0.038,0.989
1571665823519,2019-10-21T2.50.23.519 pm,20.319,-0.029,-0.063,0.945
1571665823539,2019-10-21T2.50.23.539 pm,20.339,-0.026,-0.100,0.933
1571665823560,2019-10-21T2.50.23.560 pm,20.360,-0.029,-0.075,0.927
1571665823579,2019-10-21T2.50.23.579 pm,20.379,-0.036,-0.056,0.926
1571665823599,2019-10-21T2.50.23.599 pm,20.399,-0.037,-0.021,0.945
1571665823620,2019-10-21T2.50.23.620 pm,20.420,-0.022,-0.048,0.961
1571665823639,2019-10-21T2.50.23.639 pm,20.439,-0.042,-0.035,0.945
1571665823659,2019-10-21T2.50.23.659 pm,20.459,-0.054,0.013,0.959
1571665823680,2019-10-21T2.50.23.680 pm,20.480,-0.029,0.020,1.014
1571665823700,2019-10-21T2.50.23.700 pm,20.500,-0.026,0.001,1.003
1571665823719,2019-10-21T2.50.23.719 pm,20.519,-0.041,0.034,0.988
1571665823740,2019-10-21T2.50.23.740 pm,20.540,-0.024,0.069,1.008
1571665823760,2019-10-21T2.50.23.760 pm,20.560,-0.021,0.124,0.997
1571665823780,2019-10-21T2.50.23.780 pm,20.580,-0.005,0.132,0.978
1571665823800,2019-10-21T2.50.23.800 pm,20.600,-0.012,0.141,0.936
1571665823821,2019-10-21T2.50.23.821 pm,20.621,-0.051,0.167,0.844
1571665823841,2019-10-21T2.50.23.841 pm,20.641,-0.053,0.098,0.787
1571665823860,2019-10-21T2.50.23.860 pm,20.660,-0.058,0.060,0.752
1571665823881,2019-10-21T2.50.23.881 pm,20.681,-0.059,0.017,0.730
1571665823901,2019-10-21T2.50.23.901 pm,20.701,-0.064,-0.019,0.703
1571665823920,2019-10-21T2.50.23.920 pm,20.720,-0.087,0.016,0.671
1571665823941,2019-10-21T2.50.23.941 pm,20.741,-0.095,0.009,0.676
1571665823961,2019-10-21T2.50.23.961 pm,20.761,-0.095,-0.041,0.688
1571665823980,2019-10-21T2.50.23.980 pm,20.780,-0.088,-0.194,0.685
1571665824001,2019-10-21T2.50.24.001 pm,20.801,-0.071,-0.293,0.743
1571665824021,2019-10-21T2.50.24.021 pm,20.821,-0.078,-0.263,0.775
1571665824042,2019-10-21T2.50.24.042 pm,20.842,-0.072,-0.299,0.783
1571665824061,2019-10-21T2.50.24.061 pm,20.861,-0.054,-0.383,0.819
1571665824081,2019-10-21T2.50.24.081 pm,20.881,-0.006,-0.426,0.898
1571665824102,2019-10-21T2.50.24.102 pm,20.902,0.013,-0.462,0.917
1571665824121,2019-10-21T2.50.24.121 pm,20.921,0.026,-0.507,0.919
1571665824141,2019-10-21T2.50.24.141 pm,20.941,0.058,-0.444,0.927
1571665824162,2019-10-21T2.50.24.162 pm,20.962,0.048,-0.371,0.899
1571665824182,2019-10-21T2.50.24.182 pm,20.982,-0.053,-0.342,1.147
1571665824201,2019-10-21T2.50.24.201 pm,21.001,0.253,-0.420,2.173
1571665824222,2019-10-21T2.50.24.222 pm,21.022,0.573,-0.453,2.658
1571665824242,2019-10-21T2.50.24.242 pm,21.042,0.237,-0.430,1.565
1571665824261,2019-10-21T2.50.24.261 pm,21.061,-0.058,-0.456,0.507
1571665824282,2019-10-21T2.50.24.282 pm,21.082,-0.093,-0.382,0.182
1571665824302,2019-10-21T2.50.24.302 pm,21.102,-0.068,-0.280,0.189
1571665824322,2019-10-21T2.50.24.322 pm,21.122,-0.014,-0.307,0.469
1571665824342,2019-10-21T2.50.24.342 pm,21.142,0.097,-0.319,1.017
1571665824363,2019-10-21T2.50.24.363 pm,21.163,0.221,-0.300,1.475
1571665824383,2019-10-21T2.50.24.383 pm,21.183,0.291,-0.250,1.549
1571665824402,2019-10-21T2.50.24.402 pm,21.202,0.214,-0.213,1.171
1571665824423,2019-10-21T2.50.24.423 pm,21.223,0.101,-0.230,0.760
1571665824443,2019-10-21T2.50.24.443 pm,21.243,0.051,-0.231,0.606
1571665824462,2019-10-21T2.50.24.462 pm,21.262,0.068,-0.241,0.702
1571665824483,2019-10-21T2.50.24.483 pm,21.283,0.148,-0.244,0.960
1571665824503,2019-10-21T2.50.24.503 pm,21.303,0.186,-0.252,1.116
1571665824524,2019-10-21T2.50.24.524 pm,21.324,0.183,-0.221,1.108
1571665824543,2019-10-21T2.50.24.543 pm,21.343,0.125,-0.239,0.980
1571665824563,2019-10-21T2.50.24.563 pm,21.363,0.081,-0.250,0.888
1571665824584,2019-10-21T2.50.24.584 pm,21.384,0.052,-0.276,0.901
1571665824603,2019-10-21T2.50.24.603 pm,21.403,0.094,-0.332,1.044
1571665824623,2019-10-21T2.50.24.623 pm,21.423,0.101,-0.383,1.121
1571665824644,2019-10-21T2.50.24.644 pm,21.444,0.055,-0.429,1.122
1571665824663,2019-10-21T2.50.24.663 pm,21.463,-0.046,-0.442,1.042
1571665824683,2019-10-21T2.50.24.683 pm,21.483,-0.162,-0.461,0.970
1571665824704,2019-10-21T2.50.24.704 pm,21.504,-0.196,-0.486,1.021
1571665824724,2019-10-21T2.50.24.724 pm,21.524,-0.232,-0.569,1.128
1571665824743,2019-10-21T2.50.24.743 pm,21.543,-0.307,-0.614,1.141
1571665824764,2019-10-21T2.50.24.764 pm,21.564,-0.303,-0.680,1.155
1571665824784,2019-10-21T2.50.24.784 pm,21.584,-0.268,-0.673,1.174
1571665824803,2019-10-21T2.50.24.803 pm,21.603,-0.222,-0.558,1.151
1571665824824,2019-10-21T2.50.24.824 pm,21.624,-0.228,-0.480,1.025
1571665824844,2019-10-21T2.50.24.844 pm,21.644,-0.229,-0.392,0.918
1571665824865,2019-10-21T2.50.24.865 pm,21.665,-0.185,-0.294,0.867
1571665824884,2019-10-21T2.50.24.884 pm,21.684,-0.109,-0.198,0.867
1571665824905,2019-10-21T2.50.24.905 pm,21.705,-0.065,-0.137,0.854
1571665824925,2019-10-21T2.50.24.925 pm,21.725,-0.031,-0.052,0.873
1571665824944,2019-10-21T2.50.24.944 pm,21.744,-0.001,0.029,0.855
1571665824965,2019-10-21T2.50.24.965 pm,21.765,-0.020,0.112,0.726
1571665824985,2019-10-21T2.50.24.985 pm,21.785,0.005,0.188,0.663
1571665825004,2019-10-21T2.50.25.004 pm,21.804,0.051,0.200,0.641
1571665825025,2019-10-21T2.50.25.025 pm,21.825,0.097,0.180,0.669
1571665825045,2019-10-21T2.50.25.045 pm,21.845,0.128,0.226,0.706
1571665825066,2019-10-21T2.50.25.066 pm,21.866,0.175,0.177,0.763
1571665825085,2019-10-21T2.50.25.085 pm,21.885,0.198,0.102,0.760
1571665825105,2019-10-21T2.50.25.105 pm,21.905,0.184,0.148,0.710
1571665825126,2019-10-21T2.50.25.126 pm,21.926,0.201,0.124,0.763
1571665825145,2019-10-21T2.50.25.145 pm,21.945,0.226,0.055,0.853
1571665825165,2019-10-21T2.50.25.165 pm,21.965,0.243,-0.042,0.882
1571665825186,2019-10-21T2.50.25.186 pm,21.986,0.250,-0.127,0.933
1571665825206,2019-10-21T2.50.25.206 pm,22.006,0.270,-0.151,1.063
1571665825225,2019-10-21T2.50.25.225 pm,22.025,0.264,-0.159,1.156
1571665825246,2019-10-21T2.50.25.246 pm,22.046,0.224,-0.121,1.120
1571665825266,2019-10-21T2.50.25.266 pm,22.066,0.192,-0.123,1.069
1571665825285,2019-10-21T2.50.25.285 pm,22.085,0.162,-0.065,1.047
1571665825306,2019-10-21T2.50.25.306 pm,22.106,0.104,-0.035,0.974
1571665825326,2019-10-21T2.50.25.326 pm,22.126,0.088,-0.043,0.956
1571665825345,2019-10-21T2.50.25.345 pm,22.145,0.067,-0.046,0.924
1571665825366,2019-10-21T2.50.25.366 pm,22.166,0.056,-0.024,0.893
1571665825386,2019-10-21T2.50.25.386 pm,22.186,0.106,0.015,0.953
1571665825407,2019-10-21T2.50.25.407 pm,22.207,0.163,-0.010,1.029
1571665825426,2019-10-21T2.50.25.426 pm,22.226,0.143,-0.015,0.984
1571665825447,2019-10-21T2.50.25.447 pm,22.247,0.119,-0.012,0.919
1571665825467,2019-10-21T2.50.25.467 pm,22.267,0.174,-0.046,0.966
1571665825486,2019-10-21T2.50.25.486 pm,22.286,0.237,-0.146,1.052
1571665825507,2019-10-21T2.50.25.507 pm,22.307,0.179,-0.102,0.941
1571665825527,2019-10-21T2.50.25.527 pm,22.327,0.210,-0.069,0.926
1571665825548,2019-10-21T2.50.25.548 pm,22.348,0.343,0.000,1.177
1571665825567,2019-10-21T2.50.25.567 pm,22.367,0.123,0.126,1.376
1571665825587,2019-10-21T2.50.25.587 pm,22.387,0.215,-0.072,0.766
1571665825608,2019-10-21T2.50.25.608 pm,22.408,0.252,0.059,0.983
1571665825627,2019-10-21T2.50.25.627 pm,22.427,-0.205,0.509,0.430
1571665825647,2019-10-21T2.50.25.647 pm,22.447,-0.785,0.583,0.382
1571665825668,2019-10-21T2.50.25.668 pm,22.468,0.457,-0.127,0.119
1571665825688,2019-10-21T2.50.25.688 pm,22.488,0.171,0.105,0.438
1571665825707,2019-10-21T2.50.25.707 pm,22.507,0.264,-0.097,0.549
1571665825728,2019-10-21T2.50.25.728 pm,22.528,0.090,-0.450,0.301
1571665825748,2019-10-21T2.50.25.748 pm,22.548,-0.047,0.311,1.329
1571665825767,2019-10-21T2.50.25.767 pm,22.567,0.491,-0.045,1.494
1571665825788,2019-10-21T2.50.25.788 pm,22.588,0.001,-0.482,-0.014
1571665825808,2019-10-21T2.50.25.808 pm,22.608,-0.194,0.253,0.304
1571665825827,2019-10-21T2.50.25.827 pm,22.627,0.613,0.117,1.574
1571665825848,2019-10-21T2.50.25.848 pm,22.648,-0.031,-0.407,-0.113
1571665825868,2019-10-21T2.50.25.868 pm,22.668,0.030,0.406,0.621
1571665825889,2019-10-21T2.50.25.889 pm,22.689,0.828,0.445,1.708
1571665825908,2019-10-21T2.50.25.908 pm,22.708,-0.074,-0.248,0.229
1571665825928,2019-10-21T2.50.25.928 pm,22.728,0.043,-0.080,0.488
1571665825949,2019-10-21T2.50.25.949 pm,22.749,0.116,-0.079,0.906
1571665825968,2019-10-21T2.50.25.968 pm,22.768,0.079,-0.147,0.711
1571665825989,2019-10-21T2.50.25.989 pm,22.789,0.086,-0.162,0.884
1571665826009,2019-10-21T2.50.26.009 pm,22.809,-0.018,-0.022,1.026
1571665826030,2019-10-21T2.50.26.030 pm,22.830,-0.027,-0.016,0.970
1571665826049,2019-10-21T2.50.26.049 pm,22.849,-0.013,-0.039,0.972
1571665826069,2019-10-21T2.50.26.069 pm,22.869,-0.014,-0.036,0.977
1571665826090,2019-10-21T2.50.26.090 pm,22.890,-0.019,-0.034,0.975
1571665826109,2019-10-21T2.50.26.109 pm,22.909,-0.016,-0.034,0.976
1571665826129,2019-10-21T2.50.26.129 pm,22.929,-0.015,-0.034,0.975
1571665826150,2019-10-21T2.50.26.150 pm,22.950,-0.016,-0.033,0.977
1571665826169,2019-10-21T2.50.26.169 pm,22.969,-0.017,-0.035,0.977
1571665826189,2019-10-21T2.50.26.189 pm,22.989,-0.016,-0.034,0.977
1571665826210,2019-10-21T2.50.26.210 pm,23.010,-0.015,-0.034,0.975
1571665826230,2019-10-21T2.50.26.230 pm,23.030,-0.016,-0.035,0.976
1571665826249,2019-10-21T2.50.26.249 pm,23.049,-0.018,-0.035,0.976
1571665826270,2019-10-21T2.50.26.270 pm,23.070,-0.016,-0.034,0.977
1571665826290,2019-10-21T2.50.26.290 pm,23.090,-0.015,-0.034,0.977