epoch (ms),time (-00:00),elapsed (s),x-axis (g),y-axis (g),z-axis (g)
1572007600964,2019-10-25T13:46:40.964,0.000,-0.150,0.106,-1.013
1572007600983,2019-10-25T13:46:40.983,0.019,-0.158,0.090,-1.041
1572007601003,2019-10-25T13:46:41.003,0.039,-0.165,0.080,-1.048
1572007601024,2019-10-25T13:46:41.024,0.060,-0.169,0.083,-1.041
1572007601043,2019-10-25T13:46:41.043,0.079,-0.155,0.106,-1.003
1572007601063,2019-10-25T13:46:41.063,0.099,-0.181,0.124,-0.973
1572007601084,2019-10-25T13:46:41.084,0.120,-0.206,0.082,-1.018
1572007601103,2019-10-25T13:46:41.103,0.139,-0.201,0.066,-1.020
1572007601123,2019-10-25T13:46:41.123,0.159,-0.172,0.084,-1.014
1572007601144,2019-10-25T13:46:41.144,0.180,-0.155,0.111,-0.993
1572007601164,2019-10-25T13:46:41.164,0.200,-0.163,0.112,-1.008
1572007601183,2019-10-25T13:46:41.183,0.219,-0.208,0.090,-1.009
1572007601204,2019-10-25T13:46:41.204,0.240,-0.220,0.083,-0.997
1572007601224,2019-10-25T13:46:41.224,0.260,-0.189,0.070,-1.027
1572007601243,2019-10-25T13:46:41.243,0.279,-0.171,0.087,-0.999
1572007601264,2019-10-25T13:46:41.264,0.300,-0.169,0.101,-0.996
1572007601284,2019-10-25T13:46:41.284,0.320,-0.179,0.087,-0.996
1572007601304,2019-10-25T13:46:41.304,0.340,-0.170,0.064,-1.019
1572007601324,2019-10-25T13:46:41.324,0.360,-0.157,0.074,-1.021
1572007601345,2019-10-25T13:46:41.345,0.381,-0.177,0.086,-0.994
1572007601364,2019-10-25T13:46:41.364,0.400,-0.191,0.084,-0.984
1572007601384,2019-10-25T13:46:41.384,0.420,-0.180,0.067,-0.989
1572007601405,2019-10-25T13:46:41.405,0.441,-0.144,0.043,-1.011
1572007601424,2019-10-25T13:46:41.424,0.460,-0.121,0.028,-1.024
1572007601444,2019-10-25T13:46:41.444,0.480,-0.154,0.007,-1.031
1572007601465,2019-10-25T13:46:41.465,0.501,-0.148,0.023,-1.008
1572007601485,2019-10-25T13:46:41.485,0.521,-0.107,0.038,-1.003
1572007601504,2019-10-25T13:46:41.504,0.540,-0.121,0.035,-0.977
1572007601525,2019-10-25T13:46:41.525,0.561,-0.120,0.017,-1.044
1572007601545,2019-10-25T13:46:41.545,0.581,-0.112,-0.009,-1.104
1572007601564,2019-10-25T13:46:41.564,0.600,-0.127,-0.006,-1.070
1572007601585,2019-10-25T13:46:41.585,0.621,-0.165,0.017,-1.026
1572007601605,2019-10-25T13:46:41.605,0.641,-0.171,0.030,-0.998
1572007601624,2019-10-25T13:46:41.624,0.660,-0.142,0.016,-1.015
1572007601645,2019-10-25T13:46:41.645,0.681,-0.122,-0.012,-1.055
1572007601665,2019-10-25T13:46:41.665,0.701,-0.146,-0.007,-1.039
1572007601684,2019-10-25T13:46:41.684,0.720,-0.157,0.028,-0.987
1572007601705,2019-10-25T13:46:41.705,0.741,-0.147,0.041,-0.981
1572007601725,2019-10-25T13:46:41.725,0.761,-0.155,0.030,-0.973
1572007601746,2019-10-25T13:46:41.746,0.782,-0.153,0.002,-1.020
1572007601765,2019-10-25T13:46:41.765,0.801,-0.127,-0.005,-1.045
1572007601785,2019-10-25T13:46:41.785,0.821,-0.127,0.005,-1.019
1572007601806,2019-10-25T13:46:41.806,0.842,-0.117,0.020,-0.991
1572007601825,2019-10-25T13:46:41.825,0.861,-0.109,0.025,-0.991
1572007601846,2019-10-25T13:46:41.846,0.882,-0.111,0.005,-1.018
1572007601866,2019-10-25T13:46:41.866,0.902,-0.097,-0.008,-1.049
1572007601885,2019-10-25T13:46:41.885,0.921,-0.118,-0.009,-1.039
1572007601906,2019-10-25T13:46:41.906,0.942,-0.115,0.001,-1.036
1572007601926,2019-10-25T13:46:41.926,0.962,-0.107,0.006,-1.043
1572007601945,2019-10-25T13:46:41.945,0.981,-0.126,-0.008,-1.074
1572007601966,2019-10-25T13:46:41.966,1.002,-0.140,-0.043,-1.100
1572007601986,2019-10-25T13:46:41.986,1.022,-0.100,-0.046,-1.092
1572007602007,2019-10-25T13:46:42.007,1.043,-0.077,-0.000,-1.014
1572007602026,2019-10-25T13:46:42.026,1.062,-0.087,0.026,-0.990
1572007602046,2019-10-25T13:46:42.046,1.082,-0.125,0.022,-0.982
1572007602067,2019-10-25T13:46:42.067,1.103,-0.148,0.021,-0.960
1572007602086,2019-10-25T13:46:42.086,1.122,-0.138,0.031,-0.964
1572007602106,2019-10-25T13:46:42.106,1.142,-0.123,0.030,-0.988
1572007602127,2019-10-25T13:46:42.127,1.163,-0.131,0.018,-0.994
1572007602146,2019-10-25T13:46:42.146,1.182,-0.134,0.018,-1.006
1572007602166,2019-10-25T13:46:42.166,1.202,-0.132,0.019,-1.017
1572007602187,2019-10-25T13:46:42.187,1.223,-0.128,0.018,-1.023
1572007602206,2019-10-25T13:46:42.206,1.242,-0.114,0.025,-1.018
1572007602226,2019-10-25T13:46:42.226,1.262,-0.086,0.028,-1.048
1572007602247,2019-10-25T13:46:42.247,1.283,-0.090,-0.008,-1.095
1572007602267,2019-10-25T13:46:42.267,1.303,-0.129,-0.019,-1.070
1572007602286,2019-10-25T13:46:42.286,1.322,-0.116,-0.004,-1.047
1572007602307,2019-10-25T13:46:42.307,1.343,-0.094,0.004,-1.049
1572007602327,2019-10-25T13:46:42.327,1.363,-0.105,-0.029,-1.084
1572007602347,2019-10-25T13:46:42.347,1.383,-0.120,-0.041,-1.076
1572007602367,2019-10-25T13:46:42.367,1.403,-0.121,-0.005,-1.020
1572007602388,2019-10-25T13:46:42.388,1.424,-0.119,0.021,-0.977
1572007602407,2019-10-25T13:46:42.407,1.443,-0.100,0.015,-0.979
1572007602427,2019-10-25T13:46:42.427,1.463,-0.098,0.001,-0.994
1572007602448,2019-10-25T13:46:42.448,1.484,-0.083,-0.015,-1.022
1572007602467,2019-10-25T13:46:42.467,1.503,-0.115,-0.010,-1.000
1572007602487,2019-10-25T13:46:42.487,1.523,-0.149,0.012,-0.974
1572007602508,2019-10-25T13:46:42.508,1.544,-0.116,0.026,-0.963
1572007602527,2019-10-25T13:46:42.527,1.563,-0.085,0.023,-0.985
1572007602547,2019-10-25T13:46:42.547,1.583,-0.089,0.023,-0.990
1572007602568,2019-10-25T13:46:42.568,1.604,-0.085,0.016,-1.008
1572007602588,2019-10-25T13:46:42.588,1.624,-0.082,0.013,-1.013
1572007602607,2019-10-25T13:46:42.607,1.643,-0.071,0.027,-1.013
1572007602628,2019-10-25T13:46:42.628,1.664,-0.077,0.035,-1.011
1572007602648,2019-10-25T13:46:42.648,1.684,-0.076,0.016,-1.031
1572007602667,2019-10-25T13:46:42.667,1.703,-0.069,-0.013,-1.066
1572007602688,2019-10-25T13:46:42.688,1.724,-0.102,-0.014,-1.059
1572007602708,2019-10-25T13:46:42.708,1.744,-0.131,-0.014,-1.064
1572007602727,2019-10-25T13:46:42.727,1.763,-0.127,-0.014,-1.064
1572007602748,2019-10-25T13:46:42.748,1.784,-0.098,-0.001,-1.047
1572007602768,2019-10-25T13:46:42.768,1.804,-0.090,0.017,-1.003
1572007602787,2019-10-25T13:46:42.787,1.823,-0.073,0.025,-0.988
1572007602808,2019-10-25T13:46:42.808,1.844,-0.086,0.029,-0.981
1572007602828,2019-10-25T13:46:42.828,1.864,-0.108,0.027,-0.990
1572007602849,2019-10-25T13:46:42.849,1.885,-0.114,0.016,-1.008
1572007602868,2019-10-25T13:46:42.868,1.904,-0.113,0.007,-1.021
1572007602889,2019-10-25T13:46:42.889,1.925,-0.118,-0.005,-1.028
1572007602909,2019-10-25T13:46:42.909,1.945,-0.130,-0.019,-1.033
1572007602928,2019-10-25T13:46:42.928,1.964,-0.120,-0.008,-1.007
1572007602949,2019-10-25T13:46:42.949,1.985,-0.099,0.005,-1.011
1572007602969,2019-10-25T13:46:42.969,2.005,-0.083,-0.004,-1.023
1572007602988,2019-10-25T13:46:42.988,2.024,-0.060,-0.014,-1.053
1572007603009,2019-10-25T13:46:43.009,2.045,-0.053,-0.006,-1.063
1572007603029,2019-10-25T13:46:43.029,2.065,-0.068,0.009,-1.048
1572007603048,2019-10-25T13:46:43.048,2.084,-0.104,0.005,-1.041
1572007603069,2019-10-25T13:46:43.069,2.105,-0.108,0.008,-1.017
1572007603089,2019-10-25T13:46:43.089,2.125,-0.107,0.020,-0.999
1572007603110,2019-10-25T13:46:43.110,2.146,-0.115,0.031,-0.992
1572007603129,2019-10-25T13:46:43.129,2.165,-0.139,0.022,-1.009
1572007603149,2019-10-25T13:46:43.149,2.185,-0.143,0.008,-1.025
1572007603170,2019-10-25T13:46:43.170,2.206,-0.133,0.013,-1.025
1572007603189,2019-10-25T13:46:43.189,2.225,-0.109,0.023,-1.023
1572007603209,2019-10-25T13:46:43.209,2.245,-0.114,0.019,-1.025
1572007603230,2019-10-25T13:46:43.230,2.266,-0.105,0.001,-1.040
1572007603249,2019-10-25T13:46:43.249,2.285,-0.096,-0.016,-1.056
1572007603269,2019-10-25T13:46:43.269,2.305,-0.112,-0.013,-1.033
1572007603290,2019-10-25T13:46:43.290,2.326,-0.136,0.013,-0.995
1572007603309,2019-10-25T13:46:43.309,2.345,-0.120,0.036,-0.983
1572007603329,2019-10-25T13:46:43.329,2.365,-0.107,0.044,-0.983
1572007603350,2019-10-25T13:46:43.350,2.386,-0.109,0.043,-0.986
1572007603370,2019-10-25T13:46:43.370,2.406,-0.102,0.038,-1.011
1572007603389,2019-10-25T13:46:43.389,2.425,-0.102,0.023,-1.040
1572007603410,2019-10-25T13:46:43.410,2.446,-0.098,0.002,-1.075
1572007603430,2019-10-25T13:46:43.430,2.466,-0.094,-0.007,-1.097
1572007603450,2019-10-25T13:46:43.450,2.486,-0.102,-0.012,-1.081
1572007603470,2019-10-25T13:46:43.470,2.506,-0.099,-0.009,-1.046
1572007603491,2019-10-25T13:46:43.491,2.527,-0.079,0.003,-1.023
1572007603510,2019-10-25T13:46:43.510,2.546,-0.069,0.014,-1.011
1572007603530,2019-10-25T13:46:43.530,2.566,-0.066,0.016,-0.998
1572007603551,2019-10-25T13:46:43.551,2.587,-0.073,0.014,-0.989
1572007603570,2019-10-25T13:46:43.570,2.606,-0.090,0.009,-0.973
1572007603590,2019-10-25T13:46:43.590,2.626,-0.098,0.016,-0.965
1572007603611,2019-10-25T13:46:43.611,2.647,-0.096,0.015,-0.998
1572007603630,2019-10-25T13:46:43.630,2.666,-0.121,-0.002,-0.999
1572007603650,2019-10-25T13:46:43.650,2.686,-0.122,0.004,-1.030
1572007603671,2019-10-25T13:46:43.671,2.707,-0.125,-0.017,-1.034
1572007603691,2019-10-25T13:46:43.691,2.727,-0.113,-0.016,-1.039
1572007603710,2019-10-25T13:46:43.710,2.746,-0.106,0.006,-1.017
1572007603731,2019-10-25T13:46:43.731,2.767,-0.074,0.030,-0.987
1572007603751,2019-10-25T13:46:43.751,2.787,-0.030,0.043,-0.987
1572007603770,2019-10-25T13:46:43.770,2.806,-0.015,0.022,-1.048
1572007603791,2019-10-25T13:46:43.791,2.827,-0.042,-0.010,-1.080
1572007603811,2019-10-25T13:46:43.811,2.847,-0.094,-0.011,-1.047
1572007603830,2019-10-25T13:46:43.830,2.866,-0.125,0.006,-1.005
1572007603851,2019-10-25T13:46:43.851,2.887,-0.137,0.000,-1.019
1572007603871,2019-10-25T13:46:43.871,2.907,-0.125,-0.020,-1.040
1572007603890,2019-10-25T13:46:43.890,2.926,-0.102,-0.008,-1.027
1572007603911,2019-10-25T13:46:43.911,2.947,-0.112,0.008,-1.020
1572007603931,2019-10-25T13:46:43.931,2.967,-0.131,0.010,-1.016
1572007603952,2019-10-25T13:46:43.952,2.988,-0.117,-0.004,-1.053
1572007603971,2019-10-25T13:46:43.971,3.007,-0.093,-0.017,-1.055
1572007603992,2019-10-25T13:46:43.992,3.028,-0.083,0.001,-0.996
1572007604012,2019-10-25T13:46:44.012,3.048,-0.086,0.016,-0.984
1572007604031,2019-10-25T13:46:44.031,3.067,-0.088,0.001,-1.021
1572007604052,2019-10-25T13:46:44.052,3.088,-0.060,-0.015,-1.050
1572007604072,2019-10-25T13:46:44.072,3.108,-0.018,-0.011,-1.052
1572007604091,2019-10-25T13:46:44.091,3.127,-0.031,0.001,-1.016
1572007604112,2019-10-25T13:46:44.112,3.148,-0.101,0.008,-0.971
1572007604132,2019-10-25T13:46:44.132,3.168,-0.152,0.007,-0.977
1572007604151,2019-10-25T13:46:44.151,3.187,-0.132,-0.001,-0.998
1572007604172,2019-10-25T13:46:44.172,3.208,-0.090,-0.015,-1.038
1572007604192,2019-10-25T13:46:44.192,3.228,-0.069,-0.023,-1.052
1572007604211,2019-10-25T13:46:44.211,3.247,-0.063,-0.020,-1.034
1572007604232,2019-10-25T13:46:44.232,3.268,-0.069,-0.008,-1.016
1572007604252,2019-10-25T13:46:44.252,3.288,-0.097,-0.020,-1.019
1572007604273,2019-10-25T13:46:44.273,3.309,-0.120,-0.029,-1.020
1572007604292,2019-10-25T13:46:44.292,3.328,-0.089,-0.018,-1.025
1572007604312,2019-10-25T13:46:44.312,3.348,-0.048,0.003,-1.015
1572007604333,2019-10-25T13:46:44.333,3.369,-0.058,0.001,-1.018
1572007604352,2019-10-25T13:46:44.352,3.388,-0.085,-0.017,-1.026
1572007604372,2019-10-25T13:46:44.372,3.408,-0.110,-0.017,-1.007
1572007604393,2019-10-25T13:46:44.393,3.429,-0.124,-0.000,-0.982
1572007604412,2019-10-25T13:46:44.412,3.448,-0.113,0.002,-0.988
1572007604432,2019-10-25T13:46:44.432,3.468,-0.096,0.003,-1.001
1572007604453,2019-10-25T13:46:44.453,3.489,-0.092,0.000,-1.029
1572007604472,2019-10-25T13:46:44.472,3.508,-0.122,-0.005,-1.042
1572007604493,2019-10-25T13:46:44.493,3.529,-0.144,-0.008,-1.046
1572007604513,2019-10-25T13:46:44.513,3.549,-0.130,0.003,-1.056
1572007604534,2019-10-25T13:46:44.534,3.570,-0.112,-0.001,-1.068
1572007604553,2019-10-25T13:46:44.553,3.589,-0.105,-0.008,-1.058
1572007604573,2019-10-25T13:46:44.573,3.609,-0.122,-0.009,-1.037
1572007604594,2019-10-25T13:46:44.594,3.630,-0.134,-0.010,-1.021
1572007604613,2019-10-25T13:46:44.613,3.649,-0.136,-0.008,-1.013
1572007604633,2019-10-25T13:46:44.633,3.669,-0.122,0.002,-1.005
1572007604654,2019-10-25T13:46:44.654,3.690,-0.114,0.005,-1.007
1572007604673,2019-10-25T13:46:44.673,3.709,-0.112,-0.015,-1.032
1572007604693,2019-10-25T13:46:44.693,3.729,-0.109,-0.031,-1.053
1572007604714,2019-10-25T13:46:44.714,3.750,-0.109,-0.033,-1.057
1572007604733,2019-10-25T13:46:44.733,3.769,-0.095,-0.018,-1.042
1572007604753,2019-10-25T13:46:44.753,3.789,-0.070,0.003,-1.012
1572007604774,2019-10-25T13:46:44.774,3.810,-0.069,0.028,-0.967
1572007604794,2019-10-25T13:46:44.794,3.830,-0.093,0.043,-0.939
1572007604813,2019-10-25T13:46:44.813,3.849,-0.117,0.048,-0.930
1572007604834,2019-10-25T13:46:44.834,3.870,-0.097,0.035,-0.953
1572007604854,2019-10-25T13:46:44.854,3.890,-0.091,0.001,-1.004
1572007604873,2019-10-25T13:46:44.873,3.909,-0.104,-0.032,-1.049
1572007604894,2019-10-25T13:46:44.894,3.930,-0.128,-0.037,-1.047
1572007604914,2019-10-25T13:46:44.914,3.950,-0.131,-0.035,-1.058
1572007604933,2019-10-25T13:46:44.933,3.969,-0.112,-0.031,-1.069
1572007604954,2019-10-25T13:46:44.954,3.990,-0.102,-0.035,-1.087
1572007604974,2019-10-25T13:46:44.974,4.010,-0.109,-0.052,-1.093
1572007604993,2019-10-25T13:46:44.993,4.029,-0.109,-0.049,-1.057
1572007605014,2019-10-25T13:46:45.014,4.050,-0.081,-0.026,-1.025
1572007605034,2019-10-25T13:46:45.034,4.070,-0.067,-0.008,-0.987
1572007605054,2019-10-25T13:46:45.054,4.090,-0.080,-0.019,-1.000
1572007605074,2019-10-25T13:46:45.074,4.110,-0.084,-0.017,-1.011
1572007605095,2019-10-25T13:46:45.095,4.131,-0.082,-0.010,-1.014
1572007605115,2019-10-25T13:46:45.115,4.151,-0.101,-0.009,-1.016
1572007605134,2019-10-25T13:46:45.134,4.170,-0.138,-0.018,-1.018
1572007605155,2019-10-25T13:46:45.155,4.191,-0.142,-0.037,-1.038
1572007605175,2019-10-25T13:46:45.175,4.211,-0.115,-0.044,-1.053
1572007605194,2019-10-25T13:46:45.194,4.230,-0.095,-0.047,-1.059
1572007605215,2019-10-25T13:46:45.215,4.251,-0.091,-0.046,-1.050
1572007605235,2019-10-25T13:46:45.235,4.271,-0.081,-0.038,-1.041
1572007605254,2019-10-25T13:46:45.254,4.290,-0.094,-0.024,-1.012
1572007605275,2019-10-25T13:46:45.275,4.311,-0.109,-0.020,-1.003
1572007605295,2019-10-25T13:46:45.295,4.331,-0.113,-0.031,-1.019
1572007605314,2019-10-25T13:46:45.314,4.350,-0.105,-0.040,-1.019
1572007605335,2019-10-25T13:46:45.335,4.371,-0.081,-0.030,-1.006
1572007605355,2019-10-25T13:46:45.355,4.391,-0.082,-0.021,-0.994
1572007605376,2019-10-25T13:46:45.376,4.412,-0.105,-0.021,-0.974
1572007605395,2019-10-25T13:46:45.395,4.431,-0.117,-0.012,-0.959
1572007605415,2019-10-25T13:46:45.415,4.451,-0.107,-0.007,-0.961
1572007605436,2019-10-25T13:46:45.436,4.472,-0.081,-0.005,-0.982
1572007605455,2019-10-25T13:46:45.455,4.491,-0.092,0.005,-0.969
1572007605475,2019-10-25T13:46:45.475,4.511,-0.118,0.013,-0.975
1572007605496,2019-10-25T13:46:45.496,4.532,-0.115,0.001,-1.014
1572007605515,2019-10-25T13:46:45.515,4.551,-0.119,-0.032,-1.081
1572007605535,2019-10-25T13:46:45.535,4.571,-0.122,-0.066,-1.133
1572007605556,2019-10-25T13:46:45.556,4.592,-0.110,-0.044,-1.097
1572007605575,2019-10-25T13:46:45.575,4.611,-0.119,-0.001,-1.022
1572007605596,2019-10-25T13:46:45.596,4.632,-0.143,0.019,-0.965
1572007605616,2019-10-25T13:46:45.616,4.652,-0.150,0.009,-0.965
1572007605637,2019-10-25T13:46:45.637,4.673,-0.125,-0.029,-1.038
1572007605656,2019-10-25T13:46:45.656,4.692,-0.103,-0.052,-1.087
1572007605676,2019-10-25T13:46:45.676,4.712,-0.117,-0.044,-1.087
1572007605697,2019-10-25T13:46:45.697,4.733,-0.123,-0.029,-1.065
1572007605716,2019-10-25T13:46:45.716,4.752,-0.113,-0.024,-1.055
1572007605736,2019-10-25T13:46:45.736,4.772,-0.115,-0.017,-1.025
1572007605757,2019-10-25T13:46:45.757,4.793,-0.117,-0.004,-0.997
1572007605776,2019-10-25T13:46:45.776,4.812,-0.131,-0.004,-0.998
1572007605796,2019-10-25T13:46:45.796,4.832,-0.111,-0.026,-1.036
1572007605817,2019-10-25T13:46:45.817,4.853,-0.103,-0.042,-1.057
1572007605836,2019-10-25T13:46:45.836,4.872,-0.121,-0.023,-1.015
1572007605856,2019-10-25T13:46:45.856,4.892,-0.128,0.003,-1.002
1572007605877,2019-10-25T13:46:45.877,4.913,-0.132,0.006,-1.005
1572007605897,2019-10-25T13:46:45.897,4.933,-0.143,-0.018,-1.031
1572007605916,2019-10-25T13:46:45.916,4.952,-0.151,-0.031,-1.038
1572007605937,2019-10-25T13:46:45.937,4.973,-0.130,-0.032,-1.043
1572007605957,2019-10-25T13:46:45.957,4.993,-0.117,-0.025,-1.031
1572007605976,2019-10-25T13:46:45.976,5.012,-0.099,-0.019,-1.032
1572007605997,2019-10-25T13:46:45.997,5.033,-0.104,-0.023,-1.025
1572007606017,2019-10-25T13:46:46.017,5.053,-0.099,-0.019,-1.011
1572007606036,2019-10-25T13:46:46.036,5.072,-0.094,-0.009,-1.003
1572007606057,2019-10-25T13:46:46.057,5.093,-0.107,-0.004,-0.994
1572007606077,2019-10-25T13:46:46.077,5.113,-0.132,0.005,-0.985
1572007606097,2019-10-25T13:46:46.097,5.133,-0.135,0.002,-0.999
1572007606117,2019-10-25T13:46:46.117,5.153,-0.126,-0.003,-1.008
1572007606138,2019-10-25T13:46:46.138,5.174,-0.123,-0.013,-1.041
1572007606157,2019-10-25T13:46:46.157,5.193,-0.125,-0.010,-1.051
1572007606177,2019-10-25T13:46:46.177,5.213,-0.123,0.003,-1.045
1572007606198,2019-10-25T13:46:46.198,5.234,-0.125,0.011,-1.029
1572007606218,2019-10-25T13:46:46.218,5.254,-0.148,0.005,-1.003
1572007606237,2019-10-25T13:46:46.237,5.273,-0.137,0.003,-1.018
1572007606258,2019-10-25T13:46:46.258,5.294,-0.128,-0.002,-1.021
1572007606278,2019-10-25T13:46:46.278,5.314,-0.112,-0.003,-1.035
1572007606297,2019-10-25T13:46:46.297,5.333,-0.141,0.012,-1.005
1572007606318,2019-10-25T13:46:46.318,5.354,-0.183,0.033,-0.968
1572007606338,2019-10-25T13:46:46.338,5.374,-0.157,0.041,-0.967
1572007606357,2019-10-25T13:46:46.357,5.393,-0.115,0.016,-1.031
1572007606378,2019-10-25T13:46:46.378,5.414,-0.140,-0.005,-1.058
1572007606398,2019-10-25T13:46:46.398,5.434,-0.158,-0.008,-1.054
1572007606417,2019-10-25T13:46:46.417,5.453,-0.162,0.002,-1.027
1572007606438,2019-10-25T13:46:46.438,5.474,-0.164,0.003,-1.028
1572007606458,2019-10-25T13:46:46.458,5.494,-0.146,0.000,-1.020
1572007606479,2019-10-25T13:46:46.479,5.515,-0.136,0.018,-1.016
1572007606498,2019-10-25T13:46:46.498,5.534,-0.147,0.020,-1.001
1572007606518,2019-10-25T13:46:46.518,5.554,-0.172,0.019,-0.989
1572007606539,2019-10-25T13:46:46.539,5.575,-0.184,0.014,-1.005
1572007606558,2019-10-25T13:46:46.558,5.594,-0.162,-0.002,-1.027
1572007606578,2019-10-25T13:46:46.578,5.614,-0.150,0.002,-1.029
1572007606599,2019-10-25T13:46:46.599,5.635,-0.138,0.003,-1.040
1572007606618,2019-10-25T13:46:46.618,5.654,-0.148,-0.004,-1.034
1572007606639,2019-10-25T13:46:46.639,5.675,-0.157,-0.002,-1.027
1572007606659,2019-10-25T13:46:46.659,5.695,-0.153,0.010,-1.005
1572007606678,2019-10-25T13:46:46.678,5.714,-0.137,0.013,-1.004
1572007606699,2019-10-25T13:46:46.699,5.735,-0.148,-0.005,-1.029
1572007606719,2019-10-25T13:46:46.719,5.755,-0.176,-0.015,-1.021
1572007606740,2019-10-25T13:46:46.740,5.776,-0.158,0.002,-1.014
1572007606759,2019-10-25T13:46:46.759,5.795,-0.144,0.017,-1.008
1572007606779,2019-10-25T13:46:46.779,5.815,-0.152,0.015,-0.999
1572007606800,2019-10-25T13:46:46.800,5.836,-0.171,0.008,-0.999
1572007606819,2019-10-25T13:46:46.819,5.855,-0.156,-0.001,-1.015
1572007606839,2019-10-25T13:46:46.839,5.875,-0.125,-0.014,-1.031
1572007606860,2019-10-25T13:46:46.860,5.896,-0.119,0.000,-1.009
1572007606879,2019-10-25T13:46:46.879,5.915,-0.132,0.019,-0.982
1572007606899,2019-10-25T13:46:46.899,5.935,-0.149,0.021,-0.967
1572007606920,2019-10-25T13:46:46.920,5.956,-0.136,0.012,-0.989
1572007606939,2019-10-25T13:46:46.939,5.975,-0.144,-0.011,-1.032
1572007606959,2019-10-25T13:46:46.959,5.995,-0.169,-0.019,-1.048
1572007606980,2019-10-25T13:46:46.980,6.016,-0.183,-0.003,-1.032
1572007606999,2019-10-25T13:46:46.999,6.035,-0.170,0.013,-1.024
1572007607019,2019-10-25T13:46:47.019,6.055,-0.154,0.018,-1.016
1572007607040,2019-10-25T13:46:47.040,6.076,-0.131,0.003,-1.042
1572007607060,2019-10-25T13:46:47.060,6.096,-0.116,-0.007,-1.051
1572007607079,2019-10-25T13:46:47.079,6.115,-0.148,0.005,-1.012
1572007607100,2019-10-25T13:46:47.100,6.136,-0.205,0.013,-0.965
1572007607120,2019-10-25T13:46:47.120,6.156,-0.204,0.004,-0.984
1572007607139,2019-10-25T13:46:47.139,6.175,-0.163,-0.006,-1.024
1572007607160,2019-10-25T13:46:47.160,6.196,-0.153,0.007,-1.025
1572007607180,2019-10-25T13:46:47.180,6.216,-0.166,0.006,-1.022
1572007607200,2019-10-25T13:46:47.200,6.236,-0.152,0.011,-1.025
1572007607220,2019-10-25T13:46:47.220,6.256,-0.135,0.002,-1.034
1572007607241,2019-10-25T13:46:47.241,6.277,-0.125,-0.016,-1.057
1572007607260,2019-10-25T13:46:47.260,6.296,-0.153,-0.008,-1.031
1572007607280,2019-10-25T13:46:47.280,6.316,-0.174,0.019,-1.006
1572007607301,2019-10-25T13:46:47.301,6.337,-0.189,0.017,-1.000
1572007607321,2019-10-25T13:46:47.321,6.357,-0.192,-0.002,-1.013
1572007607340,2019-10-25T13:46:47.340,6.376,-0.176,-0.021,-1.024
1572007607361,2019-10-25T13:46:47.361,6.397,-0.187,-0.038,-1.036
1572007607381,2019-10-25T13:46:47.381,6.417,-0.195,-0.042,-1.026
1572007607400,2019-10-25T13:46:47.400,6.436,-0.163,-0.019,-0.995
1572007607421,2019-10-25T13:46:47.421,6.457,-0.120,-0.003,-1.015
1572007607441,2019-10-25T13:46:47.441,6.477,-0.170,-0.011,-0.996
1572007607460,2019-10-25T13:46:47.460,6.496,-0.157,-0.035,-1.030
1572007607481,2019-10-25T13:46:47.481,6.517,-0.143,-0.039,-1.070
1572007607501,2019-10-25T13:46:47.501,6.537,-0.163,-0.021,-1.033
1572007607520,2019-10-25T13:46:47.520,6.556,-0.166,-0.012,-1.036
1572007607541,2019-10-25T13:46:47.541,6.577,-0.172,-0.007,-1.009
1572007607561,2019-10-25T13:46:47.561,6.597,-0.177,-0.007,-1.005
1572007607582,2019-10-25T13:46:47.582,6.618,-0.172,-0.031,-1.042
1572007607601,2019-10-25T13:46:47.601,6.637,-0.153,-0.036,-1.039
1572007607621,2019-10-25T13:46:47.621,6.657,-0.153,-0.021,-1.024
1572007607642,2019-10-25T13:46:47.642,6.678,-0.154,0.001,-0.990
1572007607661,2019-10-25T13:46:47.661,6.697,-0.178,0.013,-0.951
1572007607681,2019-10-25T13:46:47.681,6.717,-0.177,0.002,-0.973
1572007607702,2019-10-25T13:46:47.702,6.738,-0.170,-0.014,-1.021
1572007607721,2019-10-25T13:46:47.721,6.757,-0.153,-0.017,-1.054
1572007607742,2019-10-25T13:46:47.742,6.778,-0.134,0.000,-1.042
1572007607762,2019-10-25T13:46:47.762,6.798,-0.124,0.014,-1.030
1572007607781,2019-10-25T13:46:47.781,6.817,-0.138,0.010,-1.024
1572007607802,2019-10-25T13:46:47.802,6.838,-0.176,-0.000,-1.006
1572007607822,2019-10-25T13:46:47.822,6.858,-0.176,-0.022,-1.045
1572007607841,2019-10-25T13:46:47.841,6.877,-0.170,-0.037,-1.036
1572007607862,2019-10-25T13:46:47.862,6.898,-0.152,0.004,-1.002
1572007607882,2019-10-25T13:46:47.882,6.918,-0.160,0.031,-0.966
1572007607903,2019-10-25T13:46:47.903,6.939,-0.157,0.022,-0.977
1572007607922,2019-10-25T13:46:47.922,6.958,-0.153,-0.005,-1.039
1572007607942,2019-10-25T13:46:47.942,6.978,-0.156,-0.021,-1.057
1572007607963,2019-10-25T13:46:47.963,6.999,-0.179,-0.013,-1.031
1572007607982,2019-10-25T13:46:47.982,7.018,-0.181,0.005,-1.001
1572007608002,2019-10-25T13:46:48.002,7.038,-0.159,0.016,-1.003
1572007608023,2019-10-25T13:46:48.023,7.059,-0.163,0.011,-1.005
1572007608042,2019-10-25T13:46:48.042,7.078,-0.170,-0.012,-1.024
1572007608062,2019-10-25T13:46:48.062,7.098,-0.177,-0.018,-1.038
1572007608083,2019-10-25T13:46:48.083,7.119,-0.172,0.001,-1.026
1572007608102,2019-10-25T13:46:48.102,7.138,-0.161,0.015,-1.009
1572007608122,2019-10-25T13:46:48.122,7.158,-0.135,0.016,-1.018
1572007608143,2019-10-25T13:46:48.143,7.179,-0.126,0.006,-1.027
1572007608163,2019-10-25T13:46:48.163,7.199,-0.114,-0.004,-1.036
1572007608182,2019-10-25T13:46:48.182,7.218,-0.124,0.006,-1.018
1572007608203,2019-10-25T13:46:48.203,7.239,-0.131,0.015,-1.002
1572007608223,2019-10-25T13:46:48.223,7.259,-0.141,0.010,-0.998
1572007608243,2019-10-25T13:46:48.243,7.279,-0.154,-0.007,-1.016
1572007608263,2019-10-25T13:46:48.263,7.299,-0.140,0.001,-1.011
1572007608284,2019-10-25T13:46:48.284,7.320,-0.131,0.015,-1.008
1572007608303,2019-10-25T13:46:48.303,7.339,-0.145,0.013,-1.016
1572007608323,2019-10-25T13:46:48.323,7.359,-0.171,0.006,-1.021
1572007608344,2019-10-25T13:46:48.344,7.380,-0.173,0.014,-0.999
1572007608363,2019-10-25T13:46:48.363,7.399,-0.143,0.027,-1.018
1572007608383,2019-10-25T13:46:48.383,7.419,-0.131,0.005,-1.045
1572007608404,2019-10-25T13:46:48.404,7.440,-0.139,0.006,-1.022
1572007608424,2019-10-25T13:46:48.424,7.460,-0.165,0.014,-1.006
1572007608443,2019-10-25T13:46:48.443,7.479,-0.176,0.004,-0.997
1572007608464,2019-10-25T13:46:48.464,7.500,-0.156,-0.003,-1.004
1572007608484,2019-10-25T13:46:48.484,7.520,-0.126,0.008,-1.003
1572007608503,2019-10-25T13:46:48.503,7.539,-0.133,0.013,-1.004
1572007608524,2019-10-25T13:46:48.524,7.560,-0.147,0.017,-1.004
1572007608544,2019-10-25T13:46:48.544,7.580,-0.148,0.016,-1.023
1572007608563,2019-10-25T13:46:48.563,7.599,-0.151,0.002,-1.045
1572007608584,2019-10-25T13:46:48.584,7.620,-0.136,-0.003,-1.046
1572007608604,2019-10-25T13:46:48.604,7.640,-0.140,0.018,-1.012
1572007608623,2019-10-25T13:46:48.623,7.659,-0.161,0.042,-0.980
1572007608644,2019-10-25T13:46:48.644,7.680,-0.157,0.031,-1.003
1572007608664,2019-10-25T13:46:48.664,7.700,-0.158,0.006,-1.022
1572007608683,2019-10-25T13:46:48.683,7.719,-0.143,0.001,-1.022
1572007608704,2019-10-25T13:46:48.704,7.740,-0.139,0.008,-1.015
1572007608724,2019-10-25T13:46:48.724,7.760,-0.148,0.012,-1.027
1572007608745,2019-10-25T13:46:48.745,7.781,-0.152,0.023,-1.012
1572007608764,2019-10-25T13:46:48.764,7.800,-0.157,0.026,-1.010
1572007608784,2019-10-25T13:46:48.784,7.820,-0.153,0.020,-1.032
1572007608805,2019-10-25T13:46:48.805,7.841,-0.150,0.022,-1.057
1572007608824,2019-10-25T13:46:48.824,7.860,-0.147,0.031,-1.068
1572007608845,2019-10-25T13:46:48.845,7.881,-0.160,0.020,-1.093
1572007608865,2019-10-25T13:46:48.865,7.901,-0.173,-0.000,-1.120
1572007608884,2019-10-25T13:46:48.884,7.920,-0.150,-0.008,-1.113
1572007608905,2019-10-25T13:46:48.905,7.941,-0.135,0.050,-1.015
1572007608925,2019-10-25T13:46:48.925,7.961,-0.113,0.066,-1.002
1572007608944,2019-10-25T13:46:48.944,7.980,-0.128,0.041,-1.014
1572007608965,2019-10-25T13:46:48.965,8.001,-0.181,0.048,-0.975
1572007608985,2019-10-25T13:46:48.985,8.021,-0.188,0.062,-0.953
1572007609006,2019-10-25T13:46:49.006,8.042,-0.157,0.060,-0.979
1572007609025,2019-10-25T13:46:49.025,8.061,-0.143,0.048,-0.989
1572007609045,2019-10-25T13:46:49.045,8.081,-0.160,0.066,-0.953
1572007609066,2019-10-25T13:46:49.066,8.102,-0.161,0.074,-0.946
1572007609085,2019-10-25T13:46:49.085,8.121,-0.143,0.057,-0.982
1572007609105,2019-10-25T13:46:49.105,8.141,-0.136,0.040,-1.026
1572007609126,2019-10-25T13:46:49.126,8.162,-0.146,0.036,-1.039
1572007609145,2019-10-25T13:46:49.145,8.181,-0.151,0.053,-1.025
1572007609165,2019-10-25T13:46:49.165,8.201,-0.168,0.083,-0.966
1572007609186,2019-10-25T13:46:49.186,8.222,-0.124,0.089,-0.985
1572007609205,2019-10-25T13:46:49.205,8.241,-0.141,0.076,-0.980
1572007609225,2019-10-25T13:46:49.225,8.261,-0.153,0.061,-1.006
1572007609246,2019-10-25T13:46:49.246,8.282,-0.141,0.063,-1.019
1572007609265,2019-10-25T13:46:49.265,8.301,-0.127,0.074,-1.022
1572007609285,2019-10-25T13:46:49.285,8.321,-0.146,0.091,-0.977
1572007609306,2019-10-25T13:46:49.306,8.342,-0.144,0.086,-0.977
1572007609326,2019-10-25T13:46:49.326,8.362,-0.132,0.070,-0.994
1572007609346,2019-10-25T13:46:49.346,8.382,-0.139,0.081,-0.978
1572007609366,2019-10-25T13:46:49.366,8.402,-0.142,0.082,-0.989
1572007609387,2019-10-25T13:46:49.387,8.423,-0.139,0.098,-0.927
1572007609406,2019-10-25T13:46:49.406,8.442,-0.147,0.119,-0.859
1572007609426,2019-10-25T13:46:49.426,8.462,-0.134,0.136,-0.794
1572007609447,2019-10-25T13:46:49.447,8.483,-0.173,0.135,-0.708
1572007609466,2019-10-25T13:46:49.466,8.502,-0.216,0.146,-0.533
1572007609486,2019-10-25T13:46:49.486,8.522,-0.181,0.135,-0.370
1572007609507,2019-10-25T13:46:49.507,8.543,-0.106,-0.050,-0.326
1572007609526,2019-10-25T13:46:49.526,8.562,-0.154,-0.395,-0.237
1572007609546,2019-10-25T13:46:49.546,8.582,-0.130,-0.848,-1.712
1572007609567,2019-10-25T13:46:49.567,8.603,0.182,-0.945,-1.831
1572007609586,2019-10-25T13:46:49.586,8.622,0.114,-0.246,-1.090
1572007609606,2019-10-25T13:46:49.606,8.642,-0.077,-0.113,-1.002
1572007609627,2019-10-25T13:46:49.627,8.663,0.001,-0.327,-1.285
1572007609647,2019-10-25T13:46:49.647,8.683,-0.004,-0.360,-1.406
1572007609666,2019-10-25T13:46:49.666,8.702,-0.176,-0.263,-1.081
1572007609687,2019-10-25T13:46:49.687,8.723,-0.138,-0.083,-0.809
1572007609707,2019-10-25T13:46:49.707,8.743,0.052,-0.044,-0.887
1572007609726,2019-10-25T13:46:49.726,8.762,-0.039,-0.093,-0.951
1572007609747,2019-10-25T13:46:49.747,8.783,-0.171,-0.169,-1.032
1572007609767,2019-10-25T13:46:49.767,8.803,-0.138,-0.135,-1.020
1572007609786,2019-10-25T13:46:49.786,8.822,-0.081,-0.030,-0.973
1572007609807,2019-10-25T13:46:49.807,8.843,-0.088,-0.025,-0.960
1572007609827,2019-10-25T13:46:49.827,8.863,-0.129,0.003,-0.925
1572007609847,2019-10-25T13:46:49.847,8.883,-0.095,0.020,-0.991
1572007609867,2019-10-25T13:46:49.867,8.903,-0.075,0.016,-1.044
1572007609888,2019-10-25T13:46:49.888,8.924,-0.086,0.065,-0.983
1572007609908,2019-10-25T13:46:49.908,8.944,-0.118,0.111,-0.951
1572007609927,2019-10-25T13:46:49.927,8.963,-0.140,0.123,-0.954
1572007609948,2019-10-25T13:46:49.948,8.984,-0.125,0.142,-0.932
1572007609968,2019-10-25T13:46:49.968,9.004,-0.136,0.164,-0.911
1572007609987,2019-10-25T13:46:49.987,9.023,-0.094,0.179,-0.914
1572007610008,2019-10-25T13:46:50.008,9.044,-0.098,0.176,-0.896
1572007610028,2019-10-25T13:46:50.028,9.064,-0.118,0.170,-0.894
1572007610047,2019-10-25T13:46:50.047,9.083,-0.096,0.153,-0.904
1572007610068,2019-10-25T13:46:50.068,9.104,-0.095,0.153,-0.838
1572007610088,2019-10-25T13:46:50.088,9.124,-0.098,0.168,-0.732
1572007610107,2019-10-25T13:46:50.107,9.143,-0.096,0.174,-0.575
1572007610128,2019-10-25T13:46:50.128,9.164,-0.117,0.164,-0.422
1572007610148,2019-10-25T13:46:50.148,9.184,-0.116,0.037,-0.361
1572007610167,2019-10-25T13:46:50.167,9.203,-0.166,-0.094,-0.326
1572007610188,2019-10-25T13:46:50.188,9.224,0.103,-0.744,-1.227
1572007610208,2019-10-25T13:46:50.208,9.244,0.338,-0.538,-1.060
1572007610229,2019-10-25T13:46:50.229,9.265,0.027,0.044,-1.009
1572007610248,2019-10-25T13:46:50.248,9.284,-0.079,-0.052,-1.028
1572007610268,2019-10-25T13:46:50.268,9.304,0.028,-0.207,-1.267
1572007610289,2019-10-25T13:46:50.289,9.325,-0.049,-0.197,-1.256
1572007610308,2019-10-25T13:46:50.308,9.344,-0.227,-0.149,-0.933
1572007610328,2019-10-25T13:46:50.328,9.364,-0.088,-0.053,-0.893
1572007610349,2019-10-25T13:46:50.349,9.385,0.029,-0.080,-1.189
1572007610368,2019-10-25T13:46:50.368,9.404,-0.036,-0.105,-1.145
1572007610389,2019-10-25T13:46:50.389,9.425,-0.136,-0.052,-1.009
1572007610409,2019-10-25T13:46:50.409,9.445,-0.177,-0.017,-0.958
1572007610428,2019-10-25T13:46:50.428,9.464,-0.118,0.008,-1.005
1572007610449,2019-10-25T13:46:50.449,9.485,-0.103,0.035,-1.010
1572007610469,2019-10-25T13:46:50.469,9.505,-0.126,0.039,-1.010
1572007610490,2019-10-25T13:46:50.490,9.526,-0.120,0.065,-1.002
1572007610509,2019-10-25T13:46:50.509,9.545,-0.092,0.122,-0.954
1572007610529,2019-10-25T13:46:50.529,9.565,-0.081,0.157,-0.931
1572007610550,2019-10-25T13:46:50.550,9.586,-0.106,0.159,-0.947
1572007610569,2019-10-25T13:46:50.569,9.605,-0.144,0.150,-0.963
1572007610589,2019-10-25T13:46:50.589,9.625,-0.138,0.156,-0.960
1572007610610,2019-10-25T13:46:50.610,9.646,-0.131,0.173,-0.932
1572007610629,2019-10-25T13:46:50.629,9.665,-0.127,0.196,-0.922
1572007610649,2019-10-25T13:46:50.649,9.685,-0.096,0.205,-0.940
1572007610670,2019-10-25T13:46:50.670,9.706,-0.122,0.198,-0.973
1572007610689,2019-10-25T13:46:50.689,9.725,-0.150,0.175,-1.000
1572007610709,2019-10-25T13:46:50.709,9.745,-0.160,0.184,-0.962
1572007610730,2019-10-25T13:46:50.730,9.766,-0.124,0.194,-0.991
1572007610749,2019-10-25T13:46:50.749,9.785,-0.111,0.198,-0.970
1572007610769,2019-10-25T13:46:50.769,9.805,-0.113,0.243,-0.842
1572007610790,2019-10-25T13:46:50.790,9.826,-0.118,0.279,-0.683
1572007610810,2019-10-25T13:46:50.810,9.846,-0.182,0.335,-0.343
1572007610829,2019-10-25T13:46:50.829,9.865,-0.218,0.224,-0.004
1572007610850,2019-10-25T13:46:50.850,9.886,-0.184,-0.076,-0.237
1572007610870,2019-10-25T13:46:50.870,9.906,-0.127,-0.388,-0.865
1572007610889,2019-10-25T13:46:50.889,9.925,0.475,-0.763,-1.372
1572007610910,2019-10-25T13:46:50.910,9.946,0.200,-0.236,-0.799
1572007610930,2019-10-25T13:46:50.930,9.966,0.058,-0.055,-1.126
1572007610950,2019-10-25T13:46:50.950,9.986,-0.017,-0.257,-1.182
1572007610970,2019-10-25T13:46:50.970,10.006,0.020,-0.280,-1.365
1572007610991,2019-10-25T13:46:50.991,10.027,-0.130,-0.254,-1.115
1572007611010,2019-10-25T13:46:51.010,10.046,-0.118,-0.120,-0.830
1572007611030,2019-10-25T13:46:51.030,10.066,0.065,-0.062,-0.963
1572007611051,2019-10-25T13:46:51.051,10.087,0.020,-0.064,-1.015
1572007611070,2019-10-25T13:46:51.070,10.106,-0.079,-0.117,-1.109
1572007611090,2019-10-25T13:46:51.090,10.126,-0.125,-0.071,-0.959
1572007611111,2019-10-25T13:46:51.111,10.147,-0.102,0.018,-0.921
1572007611131,2019-10-25T13:46:51.131,10.167,-0.019,0.075,-0.953
1572007611150,2019-10-25T13:46:51.150,10.186,-0.067,0.078,-0.927
1572007611171,2019-10-25T13:46:51.171,10.207,-0.078,0.080,-1.023
1572007611191,2019-10-25T13:46:51.191,10.227,-0.060,0.085,-1.045
1572007611210,2019-10-25T13:46:51.210,10.246,-0.092,0.147,-0.988
1572007611231,2019-10-25T13:46:51.231,10.267,-0.090,0.188,-1.008
1572007611251,2019-10-25T13:46:51.251,10.287,-0.088,0.201,-1.000
1572007611270,2019-10-25T13:46:51.270,10.306,-0.098,0.219,-0.971
1572007611291,2019-10-25T13:46:51.291,10.327,-0.096,0.250,-0.952
1572007611311,2019-10-25T13:46:51.311,10.347,-0.100,0.261,-0.959
1572007611330,2019-10-25T13:46:51.330,10.366,-0.125,0.273,-0.933
1572007611351,2019-10-25T13:46:51.351,10.387,-0.135,0.303,-0.897
1572007611371,2019-10-25T13:46:51.371,10.407,-0.131,0.354,-0.770
1572007611392,2019-10-25T13:46:51.392,10.428,-0.103,0.361,-0.785
1572007611411,2019-10-25T13:46:51.411,10.447,-0.119,0.307,-0.816
1572007611431,2019-10-25T13:46:51.431,10.467,-0.135,0.280,-0.772
1572007611452,2019-10-25T13:46:51.452,10.488,-0.162,0.332,-0.487
1572007611471,2019-10-25T13:46:51.471,10.507,-0.230,0.261,-0.043
1572007611492,2019-10-25T13:46:51.492,10.528,-0.183,-0.128,-0.347
1572007611512,2019-10-25T13:46:51.512,10.548,-0.114,-0.445,-1.053
1572007611531,2019-10-25T13:46:51.531,10.567,-0.021,-0.721,-1.596
1572007611552,2019-10-25T13:46:51.552,10.588,0.388,-0.424,-1.092
1572007611572,2019-10-25T13:46:51.572,10.608,-0.024,-0.079,-0.987
1572007611591,2019-10-25T13:46:51.591,10.627,-0.030,-0.218,-1.274
1572007611612,2019-10-25T13:46:51.612,10.648,0.017,-0.284,-1.654
1572007611632,2019-10-25T13:46:51.632,10.668,-0.176,-0.230,-0.981
1572007611651,2019-10-25T13:46:51.651,10.687,-0.171,0.050,-0.510
1572007611672,2019-10-25T13:46:51.672,10.708,-0.024,0.002,-1.045
1572007611692,2019-10-25T13:46:51.692,10.728,-0.089,-0.044,-1.129
1572007611713,2019-10-25T13:46:51.713,10.749,-0.099,0.021,-1.040
1572007611732,2019-10-25T13:46:51.732,10.768,-0.149,0.054,-0.903
1572007611752,2019-10-25T13:46:51.752,10.788,-0.105,0.149,-0.870
1572007611773,2019-10-25T13:46:51.773,10.809,-0.026,0.224,-0.902
1572007611792,2019-10-25T13:46:51.792,10.828,-0.064,0.204,-0.956
1572007611812,2019-10-25T13:46:51.812,10.848,-0.114,0.195,-1.055
1572007611833,2019-10-25T13:46:51.833,10.869,-0.196,0.223,-0.963
1572007611852,2019-10-25T13:46:51.852,10.888,-0.147,0.308,-0.888
1572007611872,2019-10-25T13:46:51.872,10.908,-0.122,0.373,-0.803
1572007611893,2019-10-25T13:46:51.893,10.929,-0.139,0.330,-0.964
1572007611912,2019-10-25T13:46:51.912,10.948,-0.171,0.285,-0.964
1572007611932,2019-10-25T13:46:51.932,10.968,-0.185,0.317,-0.894
1572007611953,2019-10-25T13:46:51.953,10.989,-0.175,0.354,-0.838
1572007611973,2019-10-25T13:46:51.973,11.009,-0.187,0.327,-0.886
1572007611993,2019-10-25T13:46:51.993,11.029,-0.167,0.270,-1.038
1572007612013,2019-10-25T13:46:52.013,11.049,-0.169,0.266,-1.034
1572007612034,2019-10-25T13:46:52.034,11.070,-0.161,0.324,-0.900
1572007612053,2019-10-25T13:46:52.053,11.089,-0.158,0.360,-0.765
1572007612073,2019-10-25T13:46:52.073,11.109,-0.112,0.327,-0.820
1572007612094,2019-10-25T13:46:52.094,11.130,-0.075,0.249,-0.974
1572007612113,2019-10-25T13:46:52.113,11.149,-0.137,0.246,-0.903
1572007612133,2019-10-25T13:46:52.133,11.169,-0.176,0.321,-0.599
1572007612154,2019-10-25T13:46:52.154,11.190,-0.246,0.249,-0.264
1572007612173,2019-10-25T13:46:52.173,11.209,-0.142,-0.013,-0.372
1572007612193,2019-10-25T13:46:52.193,11.229,-0.107,-0.493,-1.292
1572007612214,2019-10-25T13:46:52.214,11.250,0.426,-0.522,-1.599
1572007612233,2019-10-25T13:46:52.233,11.269,-0.101,-0.059,-0.801
1572007612253,2019-10-25T13:46:52.253,11.289,-0.266,-0.177,-1.036
1572007612274,2019-10-25T13:46:52.274,11.310,-0.086,-0.279,-1.250
1572007612294,2019-10-25T13:46:52.294,11.330,-0.042,-0.275,-1.358
1572007612313,2019-10-25T13:46:52.313,11.349,-0.117,-0.149,-0.928
1572007612334,2019-10-25T13:46:52.334,11.370,0.066,0.021,-0.749
1572007612354,2019-10-25T13:46:52.354,11.390,0.096,-0.015,-1.095
1572007612373,2019-10-25T13:46:52.373,11.409,-0.246,-0.088,-1.089
1572007612394,2019-10-25T13:46:52.394,11.430,-0.345,-0.067,-1.003
1572007612414,2019-10-25T13:46:52.414,11.450,-0.300,0.038,-0.879
1572007612433,2019-10-25T13:46:52.433,11.469,-0.186,0.156,-0.876
1572007612454,2019-10-25T13:46:52.454,11.490,-0.093,0.222,-0.901
1572007612474,2019-10-25T13:46:52.474,11.510,-0.038,0.240,-0.933
1572007612493,2019-10-25T13:46:52.493,11.529,-0.037,0.214,-0.984
1572007612514,2019-10-25T13:46:52.514,11.550,-0.115,0.243,-0.973
1572007612534,2019-10-25T13:46:52.534,11.570,-0.181,0.292,-0.958
1572007612555,2019-10-25T13:46:52.555,11.591,-0.213,0.333,-0.950
1572007612574,2019-10-25T13:46:52.574,11.610,-0.176,0.328,-0.968
1572007612595,2019-10-25T13:46:52.595,11.631,-0.160,0.337,-0.914
1572007612615,2019-10-25T13:46:52.615,11.651,-0.121,0.377,-0.821
1572007612634,2019-10-25T13:46:52.634,11.670,-0.109,0.409,-0.814
1572007612655,2019-10-25T13:46:52.655,11.691,-0.140,0.352,-0.890
1572007612675,2019-10-25T13:46:52.675,11.711,-0.182,0.325,-0.902
1572007612694,2019-10-25T13:46:52.694,11.730,-0.154,0.360,-0.781
1572007612715,2019-10-25T13:46:52.715,11.751,-0.130,0.419,-0.498
1572007612735,2019-10-25T13:46:52.735,11.771,-0.107,0.394,-0.046
1572007612754,2019-10-25T13:46:52.754,11.790,-0.076,-0.007,-0.229
1572007612775,2019-10-25T13:46:52.775,11.811,-0.057,-0.233,-1.309
1572007612795,2019-10-25T13:46:52.795,11.831,-0.159,-0.747,-1.918
1572007612814,2019-10-25T13:46:52.814,11.850,0.083,-0.045,-0.820
1572007612835,2019-10-25T13:46:52.835,11.871,-0.176,-0.083,-0.935
1572007612855,2019-10-25T13:46:52.855,11.891,-0.094,-0.238,-1.405
1572007612876,2019-10-25T13:46:52.876,11.912,0.009,-0.269,-1.616
1572007612895,2019-10-25T13:46:52.895,11.931,-0.187,-0.172,-0.973
1572007612915,2019-10-25T13:46:52.915,11.951,-0.151,0.035,-0.605
1572007612936,2019-10-25T13:46:52.936,11.972,-0.191,-0.009,-1.050
1572007612955,2019-10-25T13:46:52.955,11.991,-0.162,0.105,-0.933
1572007612975,2019-10-25T13:46:52.975,12.011,-0.104,0.138,-0.979
1572007612996,2019-10-25T13:46:52.996,12.032,-0.150,0.167,-0.905
1572007613015,2019-10-25T13:46:53.015,12.051,-0.123,0.244,-0.853
1572007613035,2019-10-25T13:46:53.035,12.071,-0.102,0.305,-0.818
1572007613056,2019-10-25T13:46:53.056,12.092,-0.137,0.304,-0.903
1572007613075,2019-10-25T13:46:53.075,12.111,-0.188,0.257,-1.014
1572007613096,2019-10-25T13:46:53.096,12.132,-0.203,0.278,-0.998
1572007613116,2019-10-25T13:46:53.116,12.152,-0.127,0.356,-0.903
1572007613137,2019-10-25T13:46:53.137,12.173,-0.091,0.424,-0.843
1572007613156,2019-10-25T13:46:53.156,12.192,-0.153,0.402,-0.958
1572007613176,2019-10-25T13:46:53.176,12.212,-0.216,0.374,-0.961
1572007613197,2019-10-25T13:46:53.197,12.233,-0.226,0.413,-0.909
1572007613216,2019-10-25T13:46:53.216,12.252,-0.194,0.459,-0.863
1572007613236,2019-10-25T13:46:53.236,12.272,-0.173,0.488,-0.810
1572007613257,2019-10-25T13:46:53.257,12.293,-0.196,0.487,-0.813
1572007613276,2019-10-25T13:46:53.276,12.312,-0.210,0.459,-0.848
1572007613296,2019-10-25T13:46:53.296,12.332,-0.181,0.459,-0.798
1572007613317,2019-10-25T13:46:53.317,12.353,-0.162,0.479,-0.676
1572007613336,2019-10-25T13:46:53.336,12.372,-0.127,0.495,-0.476
1572007613356,2019-10-25T13:46:53.356,12.392,-0.123,0.481,-0.038
1572007613377,2019-10-25T13:46:53.377,12.413,-0.169,0.078,-0.098
1572007613396,2019-10-25T13:46:53.396,12.432,-0.277,-0.291,-1.041
1572007613416,2019-10-25T13:46:53.416,12.452,-0.499,-0.587,-1.153
1572007613437,2019-10-25T13:46:53.437,12.473,0.338,-0.645,-1.742
1572007613457,2019-10-25T13:46:53.457,12.493,-0.028,-0.082,-0.869
1572007613476,2019-10-25T13:46:53.476,12.512,-0.109,-0.195,-1.155
1572007613497,2019-10-25T13:46:53.497,12.533,0.041,-0.275,-1.476
1572007613517,2019-10-25T13:46:53.517,12.553,-0.047,-0.226,-1.341
1572007613536,2019-10-25T13:46:53.536,12.572,-0.319,-0.140,-0.798
1572007613557,2019-10-25T13:46:53.557,12.593,-0.237,0.014,-0.613
1572007613577,2019-10-25T13:46:53.577,12.613,-0.114,-0.012,-1.045
1572007613597,2019-10-25T13:46:53.597,12.633,-0.138,0.003,-1.093
1572007613617,2019-10-25T13:46:53.617,12.653,-0.071,0.059,-0.997
1572007613638,2019-10-25T13:46:53.638,12.674,-0.068,0.141,-0.885
1572007613657,2019-10-25T13:46:53.657,12.693,-0.119,0.220,-0.835
1572007613677,2019-10-25T13:46:53.677,12.713,-0.138,0.233,-0.921
1572007613698,2019-10-25T13:46:53.698,12.734,-0.164,0.192,-0.998
1572007613718,2019-10-25T13:46:53.718,12.754,-0.160,0.179,-1.058
1572007613737,2019-10-25T13:46:53.737,12.773,-0.162,0.235,-0.996
1572007613758,2019-10-25T13:46:53.758,12.794,-0.114,0.294,-0.940
1572007613778,2019-10-25T13:46:53.778,12.814,-0.101,0.323,-0.943
1572007613797,2019-10-25T13:46:53.797,12.833,-0.124,0.333,-0.954
1572007613818,2019-10-25T13:46:53.818,12.854,-0.167,0.340,-0.970
1572007613838,2019-10-25T13:46:53.838,12.874,-0.202,0.349,-0.961
1572007613857,2019-10-25T13:46:53.857,12.893,-0.196,0.372,-0.931
1572007613878,2019-10-25T13:46:53.878,12.914,-0.143,0.399,-0.919
1572007613898,2019-10-25T13:46:53.898,12.934,-0.098,0.422,-0.898
1572007613917,2019-10-25T13:46:53.917,12.953,-0.131,0.427,-0.877
1572007613938,2019-10-25T13:46:53.938,12.974,-0.162,0.424,-0.824
1572007613958,2019-10-25T13:46:53.958,12.994,-0.145,0.437,-0.775
1572007613979,2019-10-25T13:46:53.979,13.015,-0.146,0.436,-0.773
1572007613998,2019-10-25T13:46:53.998,13.034,-0.155,0.431,-0.758
1572007614018,2019-10-25T13:46:54.018,13.054,-0.176,0.413,-0.716
1572007614039,2019-10-25T13:46:54.039,13.075,-0.166,0.410,-0.526
1572007614058,2019-10-25T13:46:54.058,13.094,-0.143,0.371,-0.323
1572007614078,2019-10-25T13:46:54.078,13.114,-0.138,0.124,-0.364
1572007614099,2019-10-25T13:46:54.099,13.135,-0.123,-0.077,-0.677
1572007614118,2019-10-25T13:46:54.118,13.154,-0.310,-0.586,-1.652
1572007614139,2019-10-25T13:46:54.139,13.175,0.257,-0.026,-1.086
1572007614159,2019-10-25T13:46:54.159,13.195,-0.211,0.057,-0.748
1572007614178,2019-10-25T13:46:54.178,13.214,-0.105,-0.148,-1.251
1572007614199,2019-10-25T13:46:54.199,13.235,-0.076,-0.193,-1.600
1572007614219,2019-10-25T13:46:54.219,13.255,-0.180,-0.226,-1.220
1572007614240,2019-10-25T13:46:54.240,13.276,-0.237,0.015,-0.572
1572007614259,2019-10-25T13:46:54.259,13.295,-0.139,0.055,-0.931
1572007614279,2019-10-25T13:46:54.279,13.315,-0.136,0.088,-1.083
1572007614300,2019-10-25T13:46:54.300,13.336,-0.111,0.168,-0.966
1572007614319,2019-10-25T13:46:54.319,13.355,-0.128,0.173,-0.928
1572007614339,2019-10-25T13:46:54.339,13.375,-0.138,0.204,-0.917
1572007614360,2019-10-25T13:46:54.360,13.396,-0.129,0.283,-0.886
1572007614379,2019-10-25T13:46:54.379,13.415,-0.154,0.320,-0.908
1572007614399,2019-10-25T13:46:54.399,13.435,-0.177,0.320,-0.946
1572007614420,2019-10-25T13:46:54.420,13.456,-0.207,0.331,-0.971
1572007614439,2019-10-25T13:46:54.439,13.475,-0.207,0.384,-0.917
1572007614459,2019-10-25T13:46:54.459,13.495,-0.200,0.427,-0.878
1572007614480,2019-10-25T13:46:54.480,13.516,-0.174,0.451,-0.855
1572007614500,2019-10-25T13:46:54.500,13.536,-0.146,0.478,-0.848
1572007614519,2019-10-25T13:46:54.519,13.555,-0.152,0.481,-0.905
1572007614540,2019-10-25T13:46:54.540,13.576,-0.186,0.495,-0.850
1572007614560,2019-10-25T13:46:54.560,13.596,-0.236,0.513,-0.839
1572007614579,2019-10-25T13:46:54.579,13.615,-0.235,0.545,-0.762
1572007614600,2019-10-25T13:46:54.600,13.636,-0.207,0.546,-0.680
1572007614620,2019-10-25T13:46:54.620,13.656,-0.181,0.534,-0.767
1572007614639,2019-10-25T13:46:54.639,13.675,-0.183,0.496,-0.823
1572007614660,2019-10-25T13:46:54.660,13.696,-0.158,0.517,-0.683
1572007614680,2019-10-25T13:46:54.680,13.716,-0.131,0.576,-0.325
1572007614700,2019-10-25T13:46:54.700,13.736,-0.089,0.522,0.146
1572007614720,2019-10-25T13:46:54.720,13.756,-0.146,0.020,-0.205
1572007614741,2019-10-25T13:46:54.741,13.777,-0.151,-0.253,-0.831
1572007614761,2019-10-25T13:46:54.761,13.797,-0.363,-0.805,-1.212
1572007614780,2019-10-25T13:46:54.780,13.816,0.390,-0.486,-1.514
1572007614801,2019-10-25T13:46:54.801,13.837,-0.076,0.083,-0.697
1572007614821,2019-10-25T13:46:54.821,13.857,-0.087,-0.186,-1.207
1572007614840,2019-10-25T13:46:54.840,13.876,-0.059,-0.221,-1.543
1572007614861,2019-10-25T13:46:54.861,13.897,-0.192,-0.208,-1.250
1572007614881,2019-10-25T13:46:54.881,13.917,-0.239,-0.024,-0.667
1572007614900,2019-10-25T13:46:54.900,13.936,-0.107,0.040,-0.918
1572007614921,2019-10-25T13:46:54.921,13.957,-0.177,0.072,-1.070
1572007614941,2019-10-25T13:46:54.941,13.977,-0.113,0.151,-1.006
1572007614960,2019-10-25T13:46:54.960,13.996,-0.075,0.178,-0.899
1572007614981,2019-10-25T13:46:54.981,14.017,-0.051,0.248,-0.913
1572007615001,2019-10-25T13:46:55.001,14.037,-0.095,0.305,-0.865
1572007615022,2019-10-25T13:46:55.022,14.058,-0.115,0.353,-0.845
1572007615041,2019-10-25T13:46:55.041,14.077,-0.167,0.358,-0.869
1572007615061,2019-10-25T13:46:55.061,14.097,-0.201,0.353,-0.932
1572007615082,2019-10-25T13:46:55.082,14.118,-0.177,0.368,-0.971
1572007615101,2019-10-25T13:46:55.101,14.137,-0.161,0.390,-0.938
1572007615121,2019-10-25T13:46:55.121,14.157,-0.144,0.432,-0.836
1572007615142,2019-10-25T13:46:55.142,14.178,-0.116,0.474,-0.831
1572007615161,2019-10-25T13:46:55.161,14.197,-0.160,0.452,-0.893
1572007615181,2019-10-25T13:46:55.181,14.217,-0.192,0.447,-0.954
1572007615202,2019-10-25T13:46:55.202,14.238,-0.193,0.448,-0.939
1572007615221,2019-10-25T13:46:55.221,14.257,-0.186,0.475,-0.846
1572007615242,2019-10-25T13:46:55.242,14.278,-0.142,0.514,-0.718
1572007615262,2019-10-25T13:46:55.262,14.298,-0.121,0.495,-0.812
1572007615283,2019-10-25T13:46:55.283,14.319,-0.155,0.441,-0.903
1572007615302,2019-10-25T13:46:55.302,14.338,-0.158,0.438,-0.884
1572007615322,2019-10-25T13:46:55.322,14.358,-0.133,0.478,-0.744
1572007615343,2019-10-25T13:46:55.343,14.379,-0.116,0.505,-0.547
1572007615362,2019-10-25T13:46:55.362,14.398,-0.103,0.542,-0.207
1572007615382,2019-10-25T13:46:55.382,14.418,-0.083,0.304,-0.140
1572007615403,2019-10-25T13:46:55.403,14.439,-0.057,0.041,-0.860
1572007615422,2019-10-25T13:46:55.422,14.458,-0.152,-0.118,-1.129
1572007615442,2019-10-25T13:46:55.442,14.478,-0.619,-0.351,-1.114
1572007615463,2019-10-25T13:46:55.463,14.499,-0.125,-0.249,-1.373
1572007615482,2019-10-25T13:46:55.482,14.518,-0.055,-0.065,-1.117
1572007615502,2019-10-25T13:46:55.502,14.538,-0.094,-0.109,-1.191
1572007615523,2019-10-25T13:46:55.523,14.559,-0.105,-0.168,-1.480
1572007615543,2019-10-25T13:46:55.543,14.579,-0.250,-0.173,-1.080
1572007615562,2019-10-25T13:46:55.562,14.598,-0.190,-0.068,-0.837
1572007615583,2019-10-25T13:46:55.583,14.619,-0.252,-0.002,-1.035
1572007615603,2019-10-25T13:46:55.603,14.639,-0.252,0.100,-0.983
1572007615622,2019-10-25T13:46:55.622,14.658,-0.106,0.210,-0.936
1572007615643,2019-10-25T13:46:55.643,14.679,-0.072,0.262,-0.849
1572007615663,2019-10-25T13:46:55.663,14.699,-0.101,0.303,-0.850
1572007615682,2019-10-25T13:46:55.682,14.718,-0.156,0.331,-0.883
1572007615703,2019-10-25T13:46:55.703,14.739,-0.194,0.348,-0.907
1572007615723,2019-10-25T13:46:55.723,14.759,-0.241,0.357,-0.907
1572007615743,2019-10-25T13:46:55.743,14.779,-0.245,0.400,-0.894
1572007615763,2019-10-25T13:46:55.763,14.799,-0.181,0.440,-0.912
1572007615784,2019-10-25T13:46:55.784,14.820,-0.152,0.479,-0.837
1572007615803,2019-10-25T13:46:55.803,14.839,-0.141,0.495,-0.855
1572007615823,2019-10-25T13:46:55.823,14.859,-0.176,0.487,-0.836
1572007615844,2019-10-25T13:46:55.844,14.880,-0.211,0.502,-0.794
1572007615864,2019-10-25T13:46:55.864,14.900,-0.214,0.540,-0.736
1572007615883,2019-10-25T13:46:55.883,14.919,-0.177,0.541,-0.770
1572007615904,2019-10-25T13:46:55.904,14.940,-0.163,0.529,-0.828
1572007615924,2019-10-25T13:46:55.924,14.960,-0.179,0.529,-0.810
1572007615943,2019-10-25T13:46:55.943,14.979,-0.173,0.552,-0.637
1572007615964,2019-10-25T13:46:55.964,15.000,-0.155,0.545,-0.505
1572007615984,2019-10-25T13:46:55.984,15.020,-0.166,0.493,-0.413
1572007616003,2019-10-25T13:46:56.003,15.039,-0.113,0.480,-0.268
1572007616024,2019-10-25T13:46:56.024,15.060,-0.066,0.245,-0.213
1572007616044,2019-10-25T13:46:56.044,15.080,-0.091,-0.089,-0.353
1572007616063,2019-10-25T13:46:56.063,15.099,-0.462,-0.378,-0.863
1572007616084,2019-10-25T13:46:56.084,15.120,0.312,-1.005,-1.856
1572007616104,2019-10-25T13:46:56.104,15.140,-0.093,0.105,-0.825
1572007616125,2019-10-25T13:46:56.125,15.161,-0.068,-0.129,-1.005
1572007616144,2019-10-25T13:46:56.144,15.180,0.021,-0.200,-1.436
1572007616164,2019-10-25T13:46:56.164,15.200,-0.023,-0.180,-1.459
1572007616185,2019-10-25T13:46:56.185,15.221,-0.191,-0.148,-0.745
1572007616204,2019-10-25T13:46:56.204,15.240,-0.161,0.064,-0.816
1572007616224,2019-10-25T13:46:56.224,15.260,-0.173,0.045,-1.111
1572007616245,2019-10-25T13:46:56.245,15.281,-0.182,0.122,-1.009
1572007616264,2019-10-25T13:46:56.264,15.300,-0.093,0.166,-0.993
1572007616284,2019-10-25T13:46:56.284,15.320,-0.111,0.177,-0.945
1572007616305,2019-10-25T13:46:56.305,15.341,-0.112,0.250,-0.930
1572007616324,2019-10-25T13:46:56.324,15.360,-0.089,0.304,-0.885
1572007616345,2019-10-25T13:46:56.345,15.381,-0.112,0.336,-0.887
1572007616365,2019-10-25T13:46:56.365,15.401,-0.131,0.329,-0.930
1572007616386,2019-10-25T13:46:56.386,15.422,-0.167,0.351,-0.934
1572007616405,2019-10-25T13:46:56.405,15.441,-0.150,0.401,-0.949
1572007616425,2019-10-25T13:46:56.425,15.461,-0.159,0.413,-0.924
1572007616446,2019-10-25T13:46:56.446,15.482,-0.154,0.427,-0.913
1572007616465,2019-10-25T13:46:56.465,15.501,-0.144,0.439,-0.907
1572007616485,2019-10-25T13:46:56.485,15.521,-0.152,0.447,-0.892
1572007616506,2019-10-25T13:46:56.506,15.542,-0.169,0.462,-0.797
1572007616525,2019-10-25T13:46:56.525,15.561,-0.158,0.491,-0.750
1572007616545,2019-10-25T13:46:56.545,15.581,-0.140,0.473,-0.798
1572007616566,2019-10-25T13:46:56.566,15.602,-0.129,0.458,-0.792
1572007616585,2019-10-25T13:46:56.585,15.621,-0.135,0.480,-0.751
1572007616605,2019-10-25T13:46:56.605,15.641,-0.135,0.471,-0.707
1572007616626,2019-10-25T13:46:56.626,15.662,-0.107,0.460,-0.587
1572007616646,2019-10-25T13:46:56.646,15.682,-0.083,0.507,-0.186
1572007616665,2019-10-25T13:46:56.665,15.701,-0.074,0.282,0.104
1572007616686,2019-10-25T13:46:56.686,15.722,-0.178,-0.101,-0.564
1572007616706,2019-10-25T13:46:56.706,15.742,-0.328,-0.311,-1.065
1572007616725,2019-10-25T13:46:56.725,15.761,0.307,-0.625,-1.471
1572007616746,2019-10-25T13:46:56.746,15.782,-0.096,0.124,-0.719
1572007616766,2019-10-25T13:46:56.766,15.802,-0.066,-0.108,-1.267
1572007616785,2019-10-25T13:46:56.785,15.821,-0.083,-0.182,-1.488
1572007616806,2019-10-25T13:46:56.806,15.842,-0.167,-0.105,-1.244
1572007616826,2019-10-25T13:46:56.826,15.862,-0.165,0.002,-0.681
1572007616846,2019-10-25T13:46:56.846,15.882,-0.196,0.041,-1.057
1572007616866,2019-10-25T13:46:56.866,15.902,-0.185,0.167,-0.930
1572007616887,2019-10-25T13:46:56.887,15.923,-0.116,0.223,-0.962
1572007616907,2019-10-25T13:46:56.907,15.943,-0.065,0.195,-1.017
1572007616926,2019-10-25T13:46:56.926,15.962,-0.084,0.223,-0.946
1572007616947,2019-10-25T13:46:56.947,15.983,-0.094,0.307,-0.880
1572007616967,2019-10-25T13:46:56.967,16.003,-0.137,0.364,-0.853
1572007616986,2019-10-25T13:46:56.986,16.022,-0.181,0.350,-0.924
1572007617007,2019-10-25T13:46:57.007,16.043,-0.203,0.340,-0.943
1572007617027,2019-10-25T13:46:57.027,16.063,-0.172,0.397,-0.870
1572007617046,2019-10-25T13:46:57.046,16.082,-0.130,0.453,-0.808
1572007617067,2019-10-25T13:46:57.067,16.103,-0.116,0.478,-0.784
1572007617087,2019-10-25T13:46:57.087,16.123,-0.112,0.484,-0.809
1572007617106,2019-10-25T13:46:57.106,16.142,-0.134,0.473,-0.905
1572007617127,2019-10-25T13:46:57.127,16.163,-0.170,0.478,-0.917
1572007617147,2019-10-25T13:46:57.147,16.183,-0.203,0.513,-0.810
1572007617168,2019-10-25T13:46:57.168,16.204,-0.184,0.556,-0.705
1572007617187,2019-10-25T13:46:57.187,16.223,-0.115,0.562,-0.681
1572007617207,2019-10-25T13:46:57.207,16.243,-0.077,0.532,-0.799
1572007617228,2019-10-25T13:46:57.228,16.264,-0.112,0.491,-0.872
1572007617247,2019-10-25T13:46:57.247,16.283,-0.146,0.488,-0.826
1572007617267,2019-10-25T13:46:57.267,16.303,-0.172,0.511,-0.652
1572007617288,2019-10-25T13:46:57.288,16.324,-0.124,0.553,-0.352
1572007617307,2019-10-25T13:46:57.307,16.343,-0.063,0.489,-0.011
1572007617327,2019-10-25T13:46:57.327,16.363,-0.045,0.162,-0.139
1572007617348,2019-10-25T13:46:57.348,16.384,-0.117,-0.110,-0.709
1572007617367,2019-10-25T13:46:57.367,16.403,-0.167,-0.487,-1.176
1572007617388,2019-10-25T13:46:57.388,16.424,-0.114,-0.712,-1.803
1572007617408,2019-10-25T13:46:57.408,16.444,-0.032,0.085,-0.573
1572007617429,2019-10-25T13:46:57.429,16.465,-0.120,-0.071,-1.152
1572007617448,2019-10-25T13:46:57.448,16.484,-0.193,-0.144,-1.352
1572007617468,2019-10-25T13:46:57.468,16.504,-0.129,-0.090,-1.329
1572007617489,2019-10-25T13:46:57.489,16.525,-0.079,-0.025,-0.906
1572007617508,2019-10-25T13:46:57.508,16.544,-0.105,0.013,-1.063
1572007617528,2019-10-25T13:46:57.528,16.564,-0.220,0.042,-1.095
1572007617549,2019-10-25T13:46:57.549,16.585,-0.171,0.160,-1.003
1572007617568,2019-10-25T13:46:57.568,16.604,-0.088,0.186,-1.013
1572007617588,2019-10-25T13:46:57.588,16.624,-0.131,0.235,-0.970
1572007617609,2019-10-25T13:46:57.609,16.645,-0.165,0.318,-0.897
1572007617628,2019-10-25T13:46:57.628,16.664,-0.177,0.402,-0.722
1572007617648,2019-10-25T13:46:57.648,16.684,-0.134,0.465,-0.751
1572007617669,2019-10-25T13:46:57.669,16.705,-0.162,0.445,-0.793
1572007617688,2019-10-25T13:46:57.688,16.724,-0.166,0.454,-0.819
1572007617708,2019-10-25T13:46:57.708,16.744,-0.158,0.480,-0.797
1572007617729,2019-10-25T13:46:57.729,16.765,-0.135,0.499,-0.845
1572007617749,2019-10-25T13:46:57.749,16.785,-0.155,0.489,-0.893
1572007617768,2019-10-25T13:46:57.768,16.804,-0.178,0.507,-0.781
1572007617789,2019-10-25T13:46:57.789,16.825,-0.164,0.551,-0.687
1572007617809,2019-10-25T13:46:57.809,16.845,-0.152,0.580,-0.643
1572007617828,2019-10-25T13:46:57.828,16.864,-0.148,0.572,-0.661
1572007617849,2019-10-25T13:46:57.849,16.885,-0.147,0.538,-0.735
1572007617869,2019-10-25T13:46:57.869,16.905,-0.135,0.513,-0.750
1572007617889,2019-10-25T13:46:57.889,16.925,-0.131,0.525,-0.597
1572007617909,2019-10-25T13:46:57.909,16.945,-0.139,0.563,-0.246
1572007617930,2019-10-25T13:46:57.930,16.966,-0.082,0.442,0.055
1572007617949,2019-10-25T13:46:57.949,16.985,-0.102,0.004,-0.359
1572007617969,2019-10-25T13:46:57.969,17.005,-0.148,-0.274,-0.799
1572007617990,2019-10-25T13:46:57.990,17.026,-0.231,-0.784,-0.864
1572007618010,2019-10-25T13:46:58.010,17.046,0.504,-0.716,-1.677
1572007618029,2019-10-25T13:46:58.029,17.065,-0.040,-0.086,-0.892
1572007618050,2019-10-25T13:46:58.050,17.086,-0.150,-0.163,-1.206
1572007618070,2019-10-25T13:46:58.070,17.106,-0.102,-0.190,-1.369
1572007618089,2019-10-25T13:46:58.089,17.125,0.018,-0.106,-1.027
1572007618110,2019-10-25T13:46:58.110,17.146,-0.138,-0.035,-0.848
1572007618130,2019-10-25T13:46:58.130,17.166,-0.168,0.067,-0.959
1572007618149,2019-10-25T13:46:58.149,17.185,-0.142,0.217,-0.921
1572007618170,2019-10-25T13:46:58.170,17.206,-0.115,0.304,-0.867
1572007618190,2019-10-25T13:46:58.190,17.226,-0.107,0.332,-0.811
1572007618209,2019-10-25T13:46:58.209,17.245,-0.102,0.362,-0.871
1572007618230,2019-10-25T13:46:58.230,17.266,-0.136,0.397,-0.813
1572007618250,2019-10-25T13:46:58.250,17.286,-0.123,0.426,-0.856
1572007618271,2019-10-25T13:46:58.271,17.307,-0.170,0.443,-0.885
1572007618290,2019-10-25T13:46:58.290,17.326,-0.191,0.476,-0.866
1572007618310,2019-10-25T13:46:58.310,17.346,-0.188,0.521,-0.771
1572007618331,2019-10-25T13:46:58.331,17.367,-0.167,0.567,-0.765
1572007618350,2019-10-25T13:46:58.350,17.386,-0.165,0.571,-0.769
1572007618370,2019-10-25T13:46:58.370,17.406,-0.162,0.563,-0.834
1572007618391,2019-10-25T13:46:58.391,17.427,-0.158,0.576,-0.806
1572007618410,2019-10-25T13:46:58.410,17.446,-0.161,0.590,-0.824
1572007618430,2019-10-25T13:46:58.430,17.466,-0.172,0.610,-0.745
1572007618451,2019-10-25T13:46:58.451,17.487,-0.183,0.616,-0.658
1572007618470,2019-10-25T13:46:58.470,17.506,-0.175,0.629,-0.639
1572007618491,2019-10-25T13:46:58.491,17.527,-0.158,0.612,-0.763
1572007618511,2019-10-25T13:46:58.511,17.547,-0.193,0.584,-0.868
1572007618532,2019-10-25T13:46:58.532,17.568,-0.193,0.610,-0.766
1572007618551,2019-10-25T13:46:58.551,17.587,-0.170,0.638,-0.583
1572007618571,2019-10-25T13:46:58.571,17.607,-0.137,0.626,-0.368
1572007618592,2019-10-25T13:46:58.592,17.628,-0.085,0.650,-0.040
1572007618611,2019-10-25T13:46:58.611,17.647,-0.039,0.409,0.099
1572007618631,2019-10-25T13:46:58.631,17.667,-0.136,-0.047,-0.526
1572007618652,2019-10-25T13:46:58.652,17.688,-0.171,-0.355,-1.102
1572007618671,2019-10-25T13:46:58.671,17.707,-0.288,-0.496,-1.339
1572007618691,2019-10-25T13:46:58.691,17.727,-0.102,-0.661,-1.714
1572007618712,2019-10-25T13:46:58.712,17.748,-0.007,-0.217,-1.129
1572007618731,2019-10-25T13:46:58.731,17.767,-0.219,-0.182,-0.980
1572007618751,2019-10-25T13:46:58.751,17.787,-0.030,-0.296,-1.507
1572007618772,2019-10-25T13:46:58.772,17.808,-0.078,-0.263,-1.470
1572007618792,2019-10-25T13:46:58.792,17.828,-0.263,-0.157,-0.857
1572007618811,2019-10-25T13:46:58.811,17.847,-0.139,0.042,-0.681
1572007618832,2019-10-25T13:46:58.832,17.868,-0.225,0.029,-1.097
1572007618852,2019-10-25T13:46:58.852,17.888,-0.222,0.138,-0.972
1572007618871,2019-10-25T13:46:58.871,17.907,-0.137,0.265,-0.928
1572007618892,2019-10-25T13:46:58.892,17.928,-0.133,0.344,-0.801
1572007618912,2019-10-25T13:46:58.912,17.948,-0.151,0.407,-0.748
1572007618931,2019-10-25T13:46:58.931,17.967,-0.158,0.428,-0.804
1572007618952,2019-10-25T13:46:58.952,17.988,-0.172,0.411,-0.785
1572007618972,2019-10-25T13:46:58.972,18.008,-0.181,0.422,-0.846
1572007618992,2019-10-25T13:46:58.992,18.028,-0.213,0.432,-0.926
1572007619012,2019-10-25T13:46:59.012,18.048,-0.241,0.457,-0.888
1572007619033,2019-10-25T13:46:59.033,18.069,-0.232,0.485,-0.863
1572007619053,2019-10-25T13:46:59.053,18.089,-0.225,0.495,-0.795
1572007619072,2019-10-25T13:46:59.072,18.108,-0.211,0.521,-0.793
1572007619093,2019-10-25T13:46:59.093,18.129,-0.207,0.520,-0.873
1572007619113,2019-10-25T13:46:59.113,18.149,-0.214,0.510,-0.888
1572007619132,2019-10-25T13:46:59.132,18.168,-0.213,0.529,-0.860
1572007619153,2019-10-25T13:46:59.153,18.189,-0.221,0.555,-0.768
1572007619173,2019-10-25T13:46:59.173,18.209,-0.221,0.575,-0.660
1572007619192,2019-10-25T13:46:59.192,18.228,-0.195,0.597,-0.564
1572007619213,2019-10-25T13:46:59.213,18.249,-0.154,0.595,-0.474
1572007619233,2019-10-25T13:46:59.233,18.269,-0.090,0.585,-0.298
1572007619252,2019-10-25T13:46:59.252,18.288,-0.013,0.549,0.047
1572007619273,2019-10-25T13:46:59.273,18.309,-0.098,0.025,-0.051
1572007619293,2019-10-25T13:46:59.293,18.329,-0.195,-0.346,-1.240
1572007619314,2019-10-25T13:46:59.314,18.350,-0.387,-0.579,-1.766
1572007619333,2019-10-25T13:46:59.333,18.369,-0.171,-0.607,-1.536
1572007619353,2019-10-25T13:46:59.353,18.389,-0.095,0.012,-0.795
1572007619374,2019-10-25T13:46:59.374,18.410,-0.140,-0.142,-1.323
1572007619393,2019-10-25T13:46:59.393,18.429,-0.113,-0.266,-1.930
1572007619413,2019-10-25T13:46:59.413,18.449,-0.300,-0.249,-1.136
1572007619434,2019-10-25T13:46:59.434,18.470,-0.249,0.021,-0.487
1572007619453,2019-10-25T13:46:59.453,18.489,-0.226,-0.014,-1.258
1572007619473,2019-10-25T13:46:59.473,18.509,-0.293,0.203,-0.880
1572007619494,2019-10-25T13:46:59.494,18.530,-0.245,0.411,-0.711
1572007619513,2019-10-25T13:46:59.513,18.549,-0.141,0.501,-0.562
1572007619534,2019-10-25T13:46:59.534,18.570,-0.118,0.557,-0.516
1572007619554,2019-10-25T13:46:59.554,18.590,-0.170,0.547,-0.570
1572007619575,2019-10-25T13:46:59.575,18.611,-0.153,0.512,-0.753
1572007619594,2019-10-25T13:46:59.594,18.630,-0.174,0.512,-0.868
1572007619614,2019-10-25T13:46:59.614,18.650,-0.238,0.558,-0.742
1572007619635,2019-10-25T13:46:59.635,18.671,-0.247,0.615,-0.637
1572007619654,2019-10-25T13:46:59.654,18.690,-0.236,0.610,-0.737
1572007619674,2019-10-25T13:46:59.674,18.710,-0.237,0.555,-0.896
1572007619695,2019-10-25T13:46:59.695,18.731,-0.234,0.535,-0.904
1572007619714,2019-10-25T13:46:59.714,18.750,-0.209,0.581,-0.774
1572007619734,2019-10-25T13:46:59.734,18.770,-0.221,0.607,-0.643
1572007619755,2019-10-25T13:46:59.755,18.791,-0.210,0.599,-0.657
1572007619774,2019-10-25T13:46:59.774,18.810,-0.187,0.558,-0.801
1572007619794,2019-10-25T13:46:59.794,18.830,-0.193,0.521,-0.861
1572007619815,2019-10-25T13:46:59.815,18.851,-0.193,0.525,-0.812
1572007619835,2019-10-25T13:46:59.835,18.871,-0.206,0.532,-0.733
1572007619854,2019-10-25T13:46:59.854,18.890,-0.196,0.527,-0.564
1572007619875,2019-10-25T13:46:59.875,18.911,-0.140,0.570,-0.262
1572007619895,2019-10-25T13:46:59.895,18.931,-0.107,0.410,0.048
1572007619914,2019-10-25T13:46:59.914,18.950,-0.178,-0.072,-0.167
1572007619935,2019-10-25T13:46:59.935,18.971,-0.200,-0.423,-1.053
1572007619955,2019-10-25T13:46:59.955,18.991,0.024,-0.918,-1.693
1572007619974,2019-10-25T13:46:59.974,19.010,0.202,-0.248,-1.042
1572007619995,2019-10-25T13:46:59.995,19.031,-0.156,-0.102,-0.853
1572007620015,2019-10-25T13:47:00.015,19.051,-0.014,-0.246,-1.303
1572007620034,2019-10-25T13:47:00.034,19.070,0.007,-0.244,-1.626
1572007620055,2019-10-25T13:47:00.055,19.091,-0.115,-0.291,-1.147
1572007620076,2019-10-25T13:47:00.076,19.112,-0.222,-0.001,-0.572
1572007620096,2019-10-25T13:47:00.096,19.132,-0.045,0.053,-0.966
1572007620115,2019-10-25T13:47:00.115,19.151,-0.137,0.023,-1.101
1572007620136,2019-10-25T13:47:00.136,19.172,-0.117,0.099,-1.013
1572007620156,2019-10-25T13:47:00.156,19.192,-0.105,0.150,-0.941
1572007620175,2019-10-25T13:47:00.175,19.211,-0.100,0.221,-0.877
1572007620196,2019-10-25T13:47:00.196,19.232,-0.124,0.289,-0.832
1572007620216,2019-10-25T13:47:00.216,19.252,-0.096,0.316,-0.924
1572007620235,2019-10-25T13:47:00.235,19.271,-0.124,0.305,-0.907
1572007620256,2019-10-25T13:47:00.256,19.292,-0.142,0.328,-0.919
1572007620276,2019-10-25T13:47:00.276,19.312,-0.148,0.358,-0.954
1572007620295,2019-10-25T13:47:00.295,19.331,-0.157,0.359,-0.981
1572007620316,2019-10-25T13:47:00.316,19.352,-0.172,0.404,-0.871
1572007620336,2019-10-25T13:47:00.336,19.372,-0.119,0.453,-0.832
1572007620357,2019-10-25T13:47:00.357,19.393,-0.128,0.467,-0.822
1572007620376,2019-10-25T13:47:00.376,19.412,-0.152,0.445,-0.902
1572007620396,2019-10-25T13:47:00.396,19.432,-0.163,0.440,-0.882
1572007620417,2019-10-25T13:47:00.417,19.453,-0.144,0.464,-0.823
1572007620436,2019-10-25T13:47:00.436,19.472,-0.144,0.494,-0.735
1572007620456,2019-10-25T13:47:00.456,19.492,-0.165,0.486,-0.707
1572007620477,2019-10-25T13:47:00.477,19.513,-0.162,0.462,-0.721
1572007620496,2019-10-25T13:47:00.496,19.532,-0.129,0.426,-0.656
1572007620516,2019-10-25T13:47:00.516,19.552,-0.094,0.395,-0.526
1572007620537,2019-10-25T13:47:00.537,19.573,-0.085,0.364,-0.336
1572007620556,2019-10-25T13:47:00.556,19.592,-0.117,0.062,-0.323
1572007620576,2019-10-25T13:47:00.576,19.612,-0.156,-0.164,-0.637
1572007620597,2019-10-25T13:47:00.597,19.633,-0.202,-0.672,-1.115
1572007620618,2019-10-25T13:47:00.618,19.654,0.377,-0.393,-1.286
1572007620637,2019-10-25T13:47:00.637,19.673,-0.205,-0.092,-0.758
1572007620657,2019-10-25T13:47:00.657,19.693,0.039,-0.266,-1.296
1572007620678,2019-10-25T13:47:00.678,19.714,0.091,-0.274,-1.682
1572007620697,2019-10-25T13:47:00.697,19.733,-0.132,-0.311,-1.285
1572007620717,2019-10-25T13:47:00.717,19.753,-0.291,0.002,-0.418
1572007620738,2019-10-25T13:47:00.738,19.774,-0.056,0.056,-0.916
1572007620757,2019-10-25T13:47:00.757,19.793,-0.158,0.019,-1.159
1572007620777,2019-10-25T13:47:00.777,19.813,-0.142,0.094,-1.033
1572007620798,2019-10-25T13:47:00.798,19.834,-0.104,0.161,-0.956
1572007620817,2019-10-25T13:47:00.817,19.853,-0.118,0.227,-0.907
1572007620837,2019-10-25T13:47:00.837,19.873,-0.107,0.284,-0.853
1572007620858,2019-10-25T13:47:00.858,19.894,-0.127,0.361,-0.788
1572007620878,2019-10-25T13:47:00.878,19.914,-0.112,0.380,-0.825
1572007620897,2019-10-25T13:47:00.897,19.933,-0.153,0.344,-0.932
1572007620918,2019-10-25T13:47:00.918,19.954,-0.176,0.357,-0.911
1572007620938,2019-10-25T13:47:00.938,19.974,-0.169,0.399,-0.876
1572007620957,2019-10-25T13:47:00.957,19.993,-0.167,0.436,-0.854
1572007620978,2019-10-25T13:47:00.978,20.014,-0.160,0.453,-0.860
1572007620998,2019-10-25T13:47:00.998,20.034,-0.178,0.438,-0.899
1572007621017,2019-10-25T13:47:01.017,20.053,-0.150,0.446,-0.919
1572007621038,2019-10-25T13:47:01.038,20.074,-0.154,0.464,-0.881
1572007621058,2019-10-25T13:47:01.058,20.094,-0.186,0.494,-0.775
1572007621077,2019-10-25T13:47:01.077,20.113,-0.186,0.510,-0.672
1572007621098,2019-10-25T13:47:01.098,20.134,-0.140,0.503,-0.612
1572007621118,2019-10-25T13:47:01.118,20.154,-0.122,0.464,-0.513
1572007621139,2019-10-25T13:47:01.139,20.175,-0.093,0.438,-0.413
1572007621158,2019-10-25T13:47:01.158,20.194,-0.100,0.301,-0.340
1572007621179,2019-10-25T13:47:01.179,20.215,-0.145,-0.015,-0.453
1572007621199,2019-10-25T13:47:01.199,20.235,-0.227,-0.340,-0.553
1572007621218,2019-10-25T13:47:01.218,20.254,0.113,-0.720,-1.477
1572007621239,2019-10-25T13:47:01.239,20.275,0.200,-0.195,-1.011
1572007621259,2019-10-25T13:47:01.259,20.295,-0.195,-0.113,-0.837
1572007621278,2019-10-25T13:47:01.278,20.314,0.040,-0.278,-1.272
1572007621299,2019-10-25T13:47:01.299,20.335,-0.008,-0.223,-1.377
1572007621319,2019-10-25T13:47:01.319,20.355,-0.124,-0.218,-1.294
1572007621338,2019-10-25T13:47:01.338,20.374,-0.288,-0.091,-0.724
1572007621359,2019-10-25T13:47:01.359,20.395,-0.120,0.059,-0.722
1572007621379,2019-10-25T13:47:01.379,20.415,-0.124,-0.004,-1.240
1572007621400,2019-10-25T13:47:01.400,20.436,-0.169,0.018,-1.121
1572007621419,2019-10-25T13:47:01.419,20.455,-0.108,0.120,-1.050
1572007621439,2019-10-25T13:47:01.439,20.475,-0.156,0.202,-0.919
1572007621460,2019-10-25T13:47:01.460,20.496,-0.183,0.304,-0.807
1572007621479,2019-10-25T13:47:01.479,20.515,-0.136,0.381,-0.811
1572007621499,2019-10-25T13:47:01.499,20.535,-0.119,0.384,-0.845
1572007621520,2019-10-25T13:47:01.520,20.556,-0.138,0.362,-0.901
1572007621539,2019-10-25T13:47:01.539,20.575,-0.168,0.373,-0.883
1572007621559,2019-10-25T13:47:01.559,20.595,-0.174,0.402,-0.864
1572007621580,2019-10-25T13:47:01.580,20.616,-0.185,0.421,-0.889
1572007621599,2019-10-25T13:47:01.599,20.635,-0.203,0.419,-0.926
1572007621619,2019-10-25T13:47:01.619,20.655,-0.199,0.441,-0.864
1572007621640,2019-10-25T13:47:01.640,20.676,-0.194,0.442,-0.889
1572007621659,2019-10-25T13:47:01.659,20.695,-0.187,0.458,-0.847
1572007621680,2019-10-25T13:47:01.680,20.716,-0.174,0.470,-0.852
1572007621700,2019-10-25T13:47:01.700,20.736,-0.194,0.470,-0.882
1572007621721,2019-10-25T13:47:01.721,20.757,-0.206,0.487,-0.791
1572007621740,2019-10-25T13:47:01.740,20.776,-0.187,0.516,-0.723
1572007621760,2019-10-25T13:47:01.760,20.796,-0.171,0.512,-0.673
1572007621781,2019-10-25T13:47:01.781,20.817,-0.165,0.478,-0.656
1572007621800,2019-10-25T13:47:01.800,20.836,-0.158,0.448,-0.566
1572007621820,2019-10-25T13:47:01.820,20.856,-0.112,0.467,-0.387
1572007621841,2019-10-25T13:47:01.841,20.877,-0.116,0.252,-0.274
1572007621860,2019-10-25T13:47:01.860,20.896,-0.167,-0.135,-0.536
1572007621880,2019-10-25T13:47:01.880,20.916,-0.329,-0.244,-1.142
1572007621901,2019-10-25T13:47:01.901,20.937,0.397,-0.693,-1.687
1572007621920,2019-10-25T13:47:01.920,20.956,-0.045,-0.083,-0.709
1572007621940,2019-10-25T13:47:01.940,20.976,0.013,-0.096,-1.181
1572007621961,2019-10-25T13:47:01.961,20.997,0.034,-0.171,-1.398
1572007621981,2019-10-25T13:47:01.981,21.017,-0.087,-0.175,-1.200
1572007622000,2019-10-25T13:47:02.000,21.036,-0.161,-0.012,-0.680
1572007622021,2019-10-25T13:47:02.021,21.057,-0.121,0.033,-0.955
1572007622041,2019-10-25T13:47:02.041,21.077,-0.146,0.022,-1.154
1572007622060,2019-10-25T13:47:02.060,21.096,-0.145,0.094,-1.032
1572007622081,2019-10-25T13:47:02.081,21.117,-0.073,0.170,-1.034
1572007622101,2019-10-25T13:47:02.101,21.137,-0.116,0.247,-0.926
1572007622120,2019-10-25T13:47:02.120,21.156,-0.149,0.307,-0.892
1572007622141,2019-10-25T13:47:02.141,21.177,-0.116,0.342,-0.863
1572007622161,2019-10-25T13:47:02.161,21.197,-0.121,0.370,-0.852
1572007622180,2019-10-25T13:47:02.180,21.216,-0.137,0.388,-0.892
1572007622201,2019-10-25T13:47:02.201,21.237,-0.180,0.409,-0.820
1572007622222,2019-10-25T13:47:02.222,21.258,-0.208,0.417,-0.909
1572007622242,2019-10-25T13:47:02.242,21.278,-0.211,0.437,-0.868
1572007622261,2019-10-25T13:47:02.261,21.297,-0.200,0.467,-0.794
1572007622282,2019-10-25T13:47:02.282,21.318,-0.180,0.494,-0.796
1572007622302,2019-10-25T13:47:02.302,21.338,-0.169,0.483,-0.867
1572007622321,2019-10-25T13:47:02.321,21.357,-0.152,0.467,-0.914
1572007622342,2019-10-25T13:47:02.342,21.378,-0.184,0.464,-0.912
1572007622362,2019-10-25T13:47:02.362,21.398,-0.209,0.515,-0.745
1572007622381,2019-10-25T13:47:02.381,21.417,-0.193,0.558,-0.633
1572007622402,2019-10-25T13:47:02.402,21.438,-0.155,0.577,-0.584
1572007622422,2019-10-25T13:47:02.422,21.458,-0.147,0.535,-0.620
1572007622441,2019-10-25T13:47:02.441,21.477,-0.154,0.479,-0.621
1572007622462,2019-10-25T13:47:02.462,21.498,-0.111,0.471,-0.542
1572007622482,2019-10-25T13:47:02.482,21.518,-0.097,0.445,-0.401
1572007622501,2019-10-25T13:47:02.501,21.537,-0.140,0.155,-0.321
1572007622522,2019-10-25T13:47:02.522,21.558,-0.145,-0.172,-0.667
1572007622542,2019-10-25T13:47:02.542,21.578,-0.233,-0.352,-1.259
1572007622563,2019-10-25T13:47:02.563,21.599,0.466,-0.619,-1.682
1572007622582,2019-10-25T13:47:02.582,21.618,-0.112,-0.055,-0.718
1572007622602,2019-10-25T13:47:02.602,21.638,0.021,-0.139,-1.290
1572007622623,2019-10-25T13:47:02.623,21.659,0.044,-0.212,-1.621
1572007622642,2019-10-25T13:47:02.642,21.678,-0.186,-0.164,-1.031
1572007622662,2019-10-25T13:47:02.662,21.698,-0.220,0.066,-0.527
1572007622683,2019-10-25T13:47:02.683,21.719,-0.077,0.066,-1.162
1572007622702,2019-10-25T13:47:02.702,21.738,-0.116,0.098,-1.048
1572007622722,2019-10-25T13:47:02.722,21.758,-0.115,0.163,-1.022
1572007622743,2019-10-25T13:47:02.743,21.779,-0.125,0.236,-0.955
1572007622762,2019-10-25T13:47:02.762,21.798,-0.153,0.301,-0.886
1572007622783,2019-10-25T13:47:02.783,21.819,-0.197,0.347,-0.817
1572007622803,2019-10-25T13:47:02.803,21.839,-0.164,0.409,-0.816
1572007622824,2019-10-25T13:47:02.824,21.860,-0.137,0.439,-0.816
1572007622843,2019-10-25T13:47:02.843,21.879,-0.156,0.457,-0.808
1572007622863,2019-10-25T13:47:02.863,21.899,-0.161,0.488,-0.813
1572007622884,2019-10-25T13:47:02.884,21.920,-0.198,0.499,-0.803
1572007622903,2019-10-25T13:47:02.903,21.939,-0.211,0.502,-0.885
1572007622923,2019-10-25T13:47:02.923,21.959,-0.251,0.505,-0.828
1572007622944,2019-10-25T13:47:02.944,21.980,-0.223,0.531,-0.764
1572007622963,2019-10-25T13:47:02.963,21.999,-0.174,0.566,-0.694
1572007622983,2019-10-25T13:47:02.983,22.019,-0.189,0.579,-0.630
1572007623004,2019-10-25T13:47:03.004,22.040,-0.226,0.578,-0.655
1572007623023,2019-10-25T13:47:03.023,22.059,-0.255,0.573,-0.693
1572007623043,2019-10-25T13:47:03.043,22.079,-0.243,0.567,-0.668
1572007623064,2019-10-25T13:47:03.064,22.100,-0.211,0.552,-0.514
1572007623084,2019-10-25T13:47:03.084,22.120,-0.150,0.561,-0.209
1572007623103,2019-10-25T13:47:03.103,22.139,-0.123,0.277,-0.080
1572007623124,2019-10-25T13:47:03.124,22.160,-0.191,-0.176,-0.534
1572007623144,2019-10-25T13:47:03.144,22.180,-0.106,-0.324,-1.069
1572007623163,2019-10-25T13:47:03.163,22.199,0.131,-0.719,-1.377
1572007623184,2019-10-25T13:47:03.184,22.220,0.400,-0.323,-1.144
1572007623204,2019-10-25T13:47:03.204,22.240,-0.168,-0.081,-0.804
1572007623223,2019-10-25T13:47:03.223,22.259,0.098,-0.255,-1.400
1572007623244,2019-10-25T13:47:03.244,22.280,0.160,-0.271,-1.677
1572007623264,2019-10-25T13:47:03.264,22.300,-0.111,-0.275,-1.245
1572007623284,2019-10-25T13:47:03.284,22.320,-0.333,0.039,-0.266
1572007623304,2019-10-25T13:47:03.304,22.340,-0.184,0.070,-0.990
1572007623325,2019-10-25T13:47:03.325,22.361,-0.122,0.053,-1.232
1572007623344,2019-10-25T13:47:03.344,22.380,-0.184,0.147,-0.996
1572007623364,2019-10-25T13:47:03.364,22.400,-0.124,0.234,-0.932
1572007623385,2019-10-25T13:47:03.385,22.421,-0.186,0.325,-0.781
1572007623405,2019-10-25T13:47:03.405,22.441,-0.215,0.409,-0.725
1572007623424,2019-10-25T13:47:03.424,22.460,-0.136,0.451,-0.800
1572007623445,2019-10-25T13:47:03.445,22.481,-0.141,0.396,-0.904
1572007623465,2019-10-25T13:47:03.465,22.501,-0.163,0.392,-0.923
1572007623484,2019-10-25T13:47:03.484,22.520,-0.178,0.441,-0.867
1572007623505,2019-10-25T13:47:03.505,22.541,-0.193,0.503,-0.799
1572007623525,2019-10-25T13:47:03.525,22.561,-0.230,0.528,-0.769
1572007623544,2019-10-25T13:47:03.544,22.580,-0.217,0.521,-0.781
1572007623565,2019-10-25T13:47:03.565,22.601,-0.183,0.510,-0.797
1572007623585,2019-10-25T13:47:03.585,22.621,-0.146,0.517,-0.813
1572007623604,2019-10-25T13:47:03.604,22.640,-0.154,0.527,-0.821
1572007623625,2019-10-25T13:47:03.625,22.661,-0.204,0.534,-0.751
1572007623645,2019-10-25T13:47:03.645,22.681,-0.212,0.548,-0.660
1572007623666,2019-10-25T13:47:03.666,22.702,-0.177,0.546,-0.612
1572007623685,2019-10-25T13:47:03.685,22.721,-0.143,0.520,-0.555
1572007623705,2019-10-25T13:47:03.705,22.741,-0.106,0.482,-0.419
1572007623726,2019-10-25T13:47:03.726,22.762,-0.037,0.456,-0.264
1572007623745,2019-10-25T13:47:03.745,22.781,-0.061,0.223,-0.199
1572007623765,2019-10-25T13:47:03.765,22.801,-0.189,-0.180,-0.508
1572007623786,2019-10-25T13:47:03.786,22.822,-0.513,-0.650,-1.431
1572007623805,2019-10-25T13:47:03.805,22.841,0.521,-0.547,-1.560
1572007623826,2019-10-25T13:47:03.826,22.862,-0.204,0.063,-0.691
1572007623846,2019-10-25T13:47:03.846,22.882,-0.043,-0.162,-1.127
1572007623865,2019-10-25T13:47:03.865,22.901,-0.005,-0.148,-1.221
1572007623886,2019-10-25T13:47:03.886,22.922,-0.135,-0.091,-0.953
1572007623906,2019-10-25T13:47:03.906,22.942,-0.149,-0.119,-0.889
1572007623927,2019-10-25T13:47:03.927,22.963,-0.137,-0.114,-1.117
1572007623946,2019-10-25T13:47:03.946,22.982,-0.163,-0.078,-1.089
1572007623966,2019-10-25T13:47:03.966,23.002,-0.082,-0.001,-0.994
1572007623987,2019-10-25T13:47:03.987,23.023,-0.074,0.044,-0.847
1572007624006,2019-10-25T13:47:04.006,23.042,-0.093,0.026,-0.945
1572007624026,2019-10-25T13:47:04.026,23.062,-0.111,-0.028,-1.075
1572007624047,2019-10-25T13:47:04.047,23.083,-0.106,-0.091,-1.177
1572007624066,2019-10-25T13:47:04.066,23.102,-0.157,-0.040,-1.094
1572007624086,2019-10-25T13:47:04.086,23.122,-0.144,0.022,-0.957
1572007624107,2019-10-25T13:47:04.107,23.143,-0.082,0.045,-0.985
1572007624126,2019-10-25T13:47:04.126,23.162,-0.106,0.038,-0.983
1572007624146,2019-10-25T13:47:04.146,23.182,-0.117,0.009,-1.021
1572007624167,2019-10-25T13:47:04.167,23.203,-0.112,0.020,-0.984
1572007624186,2019-10-25T13:47:04.186,23.222,-0.100,0.046,-0.959
1572007624206,2019-10-25T13:47:04.206,23.242,-0.097,0.062,-0.963
1572007624227,2019-10-25T13:47:04.227,23.263,-0.120,0.059,-0.972
1572007624247,2019-10-25T13:47:04.247,23.283,-0.154,0.031,-1.018
1572007624266,2019-10-25T13:47:04.266,23.302,-0.134,-0.018,-1.087
1572007624287,2019-10-25T13:47:04.287,23.323,-0.097,0.007,-1.068
1572007624307,2019-10-25T13:47:04.307,23.343,-0.099,0.037,-1.037
1572007624326,2019-10-25T13:47:04.326,23.362,-0.131,0.054,-0.994
1572007624347,2019-10-25T13:47:04.347,23.383,-0.158,0.039,-1.014
1572007624368,2019-10-25T13:47:04.368,23.404,-0.138,0.015,-1.040
1572007624387,2019-10-25T13:47:04.387,23.423,-0.110,0.022,-1.031
1572007624407,2019-10-25T13:47:04.407,23.443,-0.120,0.048,-1.011
1572007624428,2019-10-25T13:47:04.428,23.464,-0.123,0.051,-1.015
1572007624447,2019-10-25T13:47:04.447,23.483,-0.129,0.048,-1.015
1572007624467,2019-10-25T13:47:04.467,23.503,-0.115,0.053,-1.014
1572007624488,2019-10-25T13:47:04.488,23.524,-0.116,0.067,-0.990
1572007624508,2019-10-25T13:47:04.508,23.544,-0.121,0.072,-0.978
1572007624527,2019-10-25T13:47:04.527,23.563,-0.128,0.065,-0.985
1572007624548,2019-10-25T13:47:04.548,23.584,-0.112,0.051,-1.017
1572007624568,2019-10-25T13:47:04.568,23.604,-0.119,0.039,-1.037
1572007624587,2019-10-25T13:47:04.587,23.623,-0.138,0.036,-1.038
1572007624608,2019-10-25T13:47:04.608,23.644,-0.143,0.044,-1.018
1572007624628,2019-10-25T13:47:04.628,23.664,-0.145,0.056,-1.010
1572007624647,2019-10-25T13:47:04.647,23.683,-0.138,0.057,-1.013
1572007624668,2019-10-25T13:47:04.668,23.704,-0.130,0.067,-1.017
1572007624688,2019-10-25T13:47:04.688,23.724,-0.117,0.055,-1.051
1572007624707,2019-10-25T13:47:04.707,23.743,-0.135,0.055,-1.023
1572007624728,2019-10-25T13:47:04.728,23.764,-0.145,0.069,-1.002
1572007624748,2019-10-25T13:47:04.748,23.784,-0.128,0.084,-0.989
1572007624769,2019-10-25T13:47:04.769,23.805,-0.124,0.082,-0.994
1572007624788,2019-10-25T13:47:04.788,23.824,-0.140,0.065,-1.018
1572007624808,2019-10-25T13:47:04.808,23.844,-0.165,0.055,-1.026
1572007624829,2019-10-25T13:47:04.829,23.865,-0.160,0.050,-1.016
1572007624848,2019-10-25T13:47:04.848,23.884,-0.144,0.074,-0.992
1572007624868,2019-10-25T13:47:04.868,23.904,-0.134,0.089,-0.997
1572007624889,2019-10-25T13:47:04.889,23.925,-0.139,0.065,-1.034
1572007624908,2019-10-25T13:47:04.908,23.944,-0.150,0.044,-1.053
1572007624929,2019-10-25T13:47:04.929,23.965,-0.139,0.070,-1.020
1572007624949,2019-10-25T13:47:04.949,23.985,-0.135,0.102,-0.990
1572007624968,2019-10-25T13:47:04.968,24.004,-0.146,0.099,-0.992
1572007624989,2019-10-25T13:47:04.989,24.025,-0.159,0.067,-1.022
1572007625009,2019-10-25T13:47:05.009,24.045,-0.137,0.038,-1.060
1572007625028,2019-10-25T13:47:05.028,24.064,-0.122,0.056,-1.010
1572007625049,2019-10-25T13:47:05.049,24.085,-0.129,0.087,-0.991
1572007625069,2019-10-25T13:47:05.069,24.105,-0.162,0.081,-0.994
1572007625090,2019-10-25T13:47:05.090,24.126,-0.161,0.057,-1.016
1572007625109,2019-10-25T13:47:05.109,24.145,-0.129,0.050,-1.025
1572007625129,2019-10-25T13:47:05.129,24.165,-0.119,0.064,-1.007
1572007625150,2019-10-25T13:47:05.150,24.186,-0.146,0.075,-0.994
1572007625169,2019-10-25T13:47:05.169,24.205,-0.167,0.075,-1.001
1572007625189,2019-10-25T13:47:05.189,24.225,-0.162,0.073,-1.016
1572007625210,2019-10-25T13:47:05.210,24.246,-0.136,0.074,-1.016
1572007625229,2019-10-25T13:47:05.229,24.265,-0.113,0.083,-1.013
1572007625249,2019-10-25T13:47:05.249,24.285,-0.121,0.080,-1.036
1572007625270,2019-10-25T13:47:05.270,24.306,-0.164,0.064,-1.051
1572007625289,2019-10-25T13:47:05.289,24.325,-0.181,0.063,-1.025
1572007625309,2019-10-25T13:47:05.309,24.345,-0.155,0.078,-0.996
1572007625330,2019-10-25T13:47:05.330,24.366,-0.134,0.089,-0.976
1572007625350,2019-10-25T13:47:05.350,24.386,-0.126,0.082,-1.002
1572007625369,2019-10-25T13:47:05.369,24.405,-0.129,0.072,-1.021
1572007625390,2019-10-25T13:47:05.390,24.426,-0.142,0.061,-1.051
1572007625410,2019-10-25T13:47:05.410,24.446,-0.167,0.065,-1.029
1572007625430,2019-10-25T13:47:05.430,24.466,-0.163,0.083,-1.001
1572007625450,2019-10-25T13:47:05.450,24.486,-0.148,0.096,-0.994
1572007625471,2019-10-25T13:47:05.471,24.507,-0.135,0.080,-1.020
1572007625490,2019-10-25T13:47:05.490,24.526,-0.138,0.068,-1.010
1572007625510,2019-10-25T13:47:05.510,24.546,-0.141,0.073,-0.999
1572007625531,2019-10-25T13:47:05.531,24.567,-0.158,0.076,-1.002
1572007625550,2019-10-25T13:47:05.550,24.586,-0.177,0.064,-1.014
1572007625570,2019-10-25T13:47:05.570,24.606,-0.163,0.059,-1.024
1572007625591,2019-10-25T13:47:05.591,24.627,-0.136,0.069,-1.021
1572007625610,2019-10-25T13:47:05.610,24.646,-0.128,0.078,-1.010
1572007625630,2019-10-25T13:47:05.630,24.666,-0.137,0.089,-0.998
1572007625651,2019-10-25T13:47:05.651,24.687,-0.169,0.092,-1.004
1572007625671,2019-10-25T13:47:05.671,24.707,-0.161,0.082,-1.014
1572007625690,2019-10-25T13:47:05.690,24.726,-0.142,0.073,-1.018
1572007625711,2019-10-25T13:47:05.711,24.747,-0.147,0.070,-1.027
1572007625731,2019-10-25T13:47:05.731,24.767,-0.173,0.073,-0.998
1572007625750,2019-10-25T13:47:05.750,24.786,-0.165,0.077,-1.001
1572007625771,2019-10-25T13:47:05.771,24.807,-0.159,0.075,-1.000
1572007625791,2019-10-25T13:47:05.791,24.827,-0.141,0.078,-1.017
1572007625810,2019-10-25T13:47:05.810,24.846,-0.163,0.081,-1.021
1572007625831,2019-10-25T13:47:05.831,24.867,-0.172,0.081,-1.010
1572007625851,2019-10-25T13:47:05.851,24.887,-0.157,0.079,-1.036
1572007625870,2019-10-25T13:47:05.870,24.906,-0.149,0.075,-1.036
1572007625891,2019-10-25T13:47:05.891,24.927,-0.151,0.087,-1.023
1572007625911,2019-10-25T13:47:05.911,24.947,-0.153,0.091,-1.027
1572007625932,2019-10-25T13:47:05.932,24.968,-0.165,0.087,-1.013
1572007625951,2019-10-25T13:47:05.951,24.987,-0.161,0.084,-1.013
1572007625972,2019-10-25T13:47:05.972,25.008,-0.151,0.095,-1.000
1572007625992,2019-10-25T13:47:05.992,25.028,-0.138,0.095,-1.004
1572007626011,2019-10-25T13:47:06.011,25.047,-0.141,0.091,-0.999
1572007626032,2019-10-25T13:47:06.032,25.068,-0.153,0.084,-1.006
1572007626052,2019-10-25T13:47:06.052,25.088,-0.161,0.076,-0.998
1572007626071,2019-10-25T13:47:06.071,25.107,-0.146,0.080,-0.998
1572007626092,2019-10-25T13:47:06.092,25.128,-0.145,0.089,-0.994
1572007626112,2019-10-25T13:47:06.112,25.148,-0.140,0.085,-0.996
1572007626131,2019-10-25T13:47:06.131,25.167,-0.152,0.083,-0.999
1572007626152,2019-10-25T13:47:06.152,25.188,-0.146,0.089,-1.005
1572007626172,2019-10-25T13:47:06.172,25.208,-0.137,0.097,-1.006
1572007626193,2019-10-25T13:47:06.193,25.229,-0.135,0.099,-1.018
1572007626212,2019-10-25T13:47:06.212,25.248,-0.160,0.091,-1.034
1572007626232,2019-10-25T13:47:06.232,25.268,-0.186,0.082,-1.043
1572007626253,2019-10-25T13:47:06.253,25.289,-0.175,0.094,-1.027
1572007626272,2019-10-25T13:47:06.272,25.308,-0.144,0.100,-1.019
1572007626292,2019-10-25T13:47:06.292,25.328,-0.136,0.101,-1.006
1572007626313,2019-10-25T13:47:06.313,25.349,-0.143,0.100,-1.007
1572007626332,2019-10-25T13:47:06.332,25.368,-0.167,0.093,-1.010
1572007626352,2019-10-25T13:47:06.352,25.388,-0.172,0.086,-1.008
1572007626373,2019-10-25T13:47:06.373,25.409,-0.151,0.089,-1.012
1572007626392,2019-10-25T13:47:06.392,25.428,-0.148,0.098,-1.014
1572007626412,2019-10-25T13:47:06.412,25.448,-0.166,0.099,-0.989
1572007626433,2019-10-25T13:47:06.433,25.469,-0.143,0.098,-0.998
1572007626452,2019-10-25T13:47:06.452,25.488,-0.135,0.093,-1.001
1572007626472,2019-10-25T13:47:06.472,25.508,-0.144,0.089,-1.007
1572007626493,2019-10-25T13:47:06.493,25.529,-0.169,0.092,-1.002
1572007626514,2019-10-25T13:47:06.514,25.550,-0.178,0.099,-1.001
1572007626533,2019-10-25T13:47:06.533,25.569,-0.162,0.095,-1.023
1572007626553,2019-10-25T13:47:06.553,25.589,-0.149,0.090,-1.033
1572007626574,2019-10-25T13:47:06.574,25.610,-0.143,0.092,-1.037
1572007626593,2019-10-25T13:47:06.593,25.629,-0.148,0.108,-1.011
1572007626613,2019-10-25T13:47:06.613,25.649,-0.153,0.108,-1.009
1572007626634,2019-10-25T13:47:06.634,25.670,-0.164,0.096,-1.009
1572007626653,2019-10-25T13:47:06.653,25.689,-0.156,0.089,-1.020
1572007626673,2019-10-25T13:47:06.673,25.709,-0.144,0.089,-1.000
1572007626694,2019-10-25T13:47:06.694,25.730,-0.132,0.098,-0.992
1572007626713,2019-10-25T13:47:06.713,25.749,-0.130,0.098,-0.990
1572007626733,2019-10-25T13:47:06.733,25.769,-0.132,0.090,-1.000
1572007626754,2019-10-25T13:47:06.754,25.790,-0.164,0.091,-0.994
1572007626773,2019-10-25T13:47:06.773,25.809,-0.174,0.091,-1.002
1572007626793,2019-10-25T13:47:06.793,25.829,-0.158,0.081,-1.018
1572007626814,2019-10-25T13:47:06.814,25.850,-0.121,0.083,-1.011
1572007626834,2019-10-25T13:47:06.834,25.870,-0.106,0.101,-0.996
1572007626853,2019-10-25T13:47:06.853,25.889,-0.140,0.106,-0.997
1572007626874,2019-10-25T13:47:06.874,25.910,-0.175,0.094,-1.008
1572007626894,2019-10-25T13:47:06.894,25.930,-0.160,0.092,-1.024
1572007626913,2019-10-25T13:47:06.913,25.949,-0.130,0.095,-1.020
1572007626934,2019-10-25T13:47:06.934,25.970,-0.134,0.096,-1.017
1572007626954,2019-10-25T13:47:06.954,25.990,-0.170,0.090,-1.008
1572007626973,2019-10-25T13:47:06.973,26.009,-0.169,0.093,-0.998
1572007626994,2019-10-25T13:47:06.994,26.030,-0.138,0.101,-1.006
1572007627014,2019-10-25T13:47:07.014,26.050,-0.138,0.098,-1.016
1572007627034,2019-10-25T13:47:07.034,26.070,-0.160,0.088,-1.031
1572007627054,2019-10-25T13:47:07.054,26.090,-0.176,0.093,-1.014
1572007627075,2019-10-25T13:47:07.075,26.111,-0.150,0.102,-1.007
1572007627095,2019-10-25T13:47:07.095,26.131,-0.133,0.102,-0.998
1572007627114,2019-10-25T13:47:07.114,26.150,-0.128,0.100,-1.000
1572007627135,2019-10-25T13:47:07.135,26.171,-0.151,0.091,-1.013
1572007627155,2019-10-25T13:47:07.155,26.191,-0.176,0.075,-1.017
1572007627174,2019-10-25T13:47:07.174,26.210,-0.175,0.075,-1.016
1572007627195,2019-10-25T13:47:07.195,26.231,-0.149,0.088,-1.009
1572007627215,2019-10-25T13:47:07.215,26.251,-0.144,0.096,-1.005
1572007627234,2019-10-25T13:47:07.234,26.270,-0.158,0.092,-1.001
1572007627255,2019-10-25T13:47:07.255,26.291,-0.168,0.089,-0.996
1572007627275,2019-10-25T13:47:07.275,26.311,-0.127,0.086,-1.009
1572007627294,2019-10-25T13:47:07.294,26.330,-0.108,0.092,-1.014
1572007627315,2019-10-25T13:47:07.315,26.351,-0.148,0.089,-1.025
1572007627335,2019-10-25T13:47:07.335,26.371,-0.197,0.084,-1.006
1572007627356,2019-10-25T13:47:07.356,26.392,-0.174,0.083,-1.018
1572007627375,2019-10-25T13:47:07.375,26.411,-0.143,0.082,-1.023
1572007627395,2019-10-25T13:47:07.395,26.431,-0.135,0.081,-1.042
1572007627416,2019-10-25T13:47:07.416,26.452,-0.150,0.089,-1.025
1572007627435,2019-10-25T13:47:07.435,26.471,-0.167,0.097,-1.013
1572007627455,2019-10-25T13:47:07.455,26.491,-0.169,0.089,-1.005
1572007627476,2019-10-25T13:47:07.476,26.512,-0.141,0.086,-1.026
1572007627495,2019-10-25T13:47:07.495,26.531,-0.151,0.082,-1.026
1572007627515,2019-10-25T13:47:07.515,26.551,-0.157,0.082,-1.024
1572007627536,2019-10-25T13:47:07.536,26.572,-0.166,0.083,-1.003
1572007627555,2019-10-25T13:47:07.555,26.591,-0.137,0.088,-0.985
1572007627576,2019-10-25T13:47:07.576,26.612,-0.129,0.090,-0.988
1572007627596,2019-10-25T13:47:07.596,26.632,-0.143,0.075,-1.029
1572007627615,2019-10-25T13:47:07.615,26.651,-0.165,0.066,-1.023
1572007627636,2019-10-25T13:47:07.636,26.672,-0.141,0.073,-1.014
1572007627656,2019-10-25T13:47:07.656,26.692,-0.135,0.092,-0.974
1572007627677,2019-10-25T13:47:07.677,26.713,-0.147,0.096,-0.985
1572007627696,2019-10-25T13:47:07.696,26.732,-0.165,0.079,-1.020
1572007627716,2019-10-25T13:47:07.716,26.752,-0.167,0.069,-1.024
1572007627737,2019-10-25T13:47:07.737,26.773,-0.145,0.079,-1.019
1572007627756,2019-10-25T13:47:07.756,26.792,-0.128,0.081,-1.026
1572007627776,2019-10-25T13:47:07.776,26.812,-0.129,0.081,-1.019
1572007627797,2019-10-25T13:47:07.797,26.833,-0.146,0.090,-1.014
1572007627816,2019-10-25T13:47:07.816,26.852,-0.176,0.094,-0.997
1572007627836,2019-10-25T13:47:07.836,26.872,-0.159,0.088,-1.010
1572007627857,2019-10-25T13:47:07.857,26.893,-0.124,0.082,-1.031
1572007627876,2019-10-25T13:47:07.876,26.912,-0.114,0.085,-1.037
1572007627896,2019-10-25T13:47:07.896,26.932,-0.158,0.085,-1.014
1572007627917,2019-10-25T13:47:07.917,26.953,-0.188,0.086,-0.992
1572007627937,2019-10-25T13:47:07.937,26.973,-0.166,0.081,-0.997
1572007627956,2019-10-25T13:47:07.956,26.992,-0.123,0.076,-1.011
1572007627977,2019-10-25T13:47:07.977,27.013,-0.113,0.085,-1.008
1572007627997,2019-10-25T13:47:07.997,27.033,-0.151,0.095,-0.986
1572007628016,2019-10-25T13:47:08.016,27.052,-0.177,0.091,-0.990
1572007628037,2019-10-25T13:47:08.037,27.073,-0.158,0.077,-1.023
1572007628057,2019-10-25T13:47:08.057,27.093,-0.127,0.066,-1.046
1572007628076,2019-10-25T13:47:08.076,27.112,-0.123,0.077,-1.022
1572007628097,2019-10-25T13:47:08.097,27.133,-0.162,0.096,-0.997
1572007628118,2019-10-25T13:47:08.118,27.154,-0.173,0.093,-1.014
1572007628137,2019-10-25T13:47:08.137,27.173,-0.146,0.084,-1.016
1572007628157,2019-10-25T13:47:08.157,27.193,-0.122,0.077,-1.037
1572007628178,2019-10-25T13:47:08.178,27.214,-0.126,0.088,-1.027
1572007628198,2019-10-25T13:47:08.198,27.234,-0.150,0.091,-1.014
1572007628217,2019-10-25T13:47:08.217,27.253,-0.167,0.086,-1.009
1572007628238,2019-10-25T13:47:08.238,27.274,-0.156,0.083,-1.008
1572007628258,2019-10-25T13:47:08.258,27.294,-0.134,0.083,-1.008
1572007628277,2019-10-25T13:47:08.277,27.313,-0.134,0.092,-0.994
1572007628298,2019-10-25T13:47:08.298,27.334,-0.158,0.095,-0.998
1572007628318,2019-10-25T13:47:08.318,27.354,-0.156,0.085,-1.011
1572007628337,2019-10-25T13:47:08.337,27.373,-0.135,0.081,-1.012
1572007628358,2019-10-25T13:47:08.358,27.394,-0.146,0.087,-1.009
1572007628378,2019-10-25T13:47:08.378,27.414,-0.169,0.090,-1.003
1572007628397,2019-10-25T13:47:08.397,27.433,-0.169,0.081,-1.022
1572007628418,2019-10-25T13:47:08.418,27.454,-0.150,0.081,-1.016
1572007628438,2019-10-25T13:47:08.438,27.474,-0.138,0.091,-1.007
1572007628459,2019-10-25T13:47:08.459,27.495,-0.150,0.105,-0.986
1572007628478,2019-10-25T13:47:08.478,27.514,-0.147,0.106,-0.997
1572007628498,2019-10-25T13:47:08.498,27.534,-0.153,0.093,-1.015
1572007628519,2019-10-25T13:47:08.519,27.555,-0.144,0.071,-1.048
1572007628538,2019-10-25T13:47:08.538,27.574,-0.138,0.069,-1.039
1572007628558,2019-10-25T13:47:08.558,27.594,-0.140,0.089,-1.009
1572007628579,2019-10-25T13:47:08.579,27.615,-0.159,0.110,-0.970
1572007628598,2019-10-25T13:47:08.598,27.634,-0.168,0.104,-0.972
1572007628618,2019-10-25T13:47:08.618,27.654,-0.144,0.080,-1.024
1572007628639,2019-10-25T13:47:08.639,27.675,-0.127,0.068,-1.049
1572007628658,2019-10-25T13:47:08.658,27.694,-0.146,0.092,-1.015
1572007628679,2019-10-25T13:47:08.679,27.715,-0.182,0.093,-1.005
1572007628699,2019-10-25T13:47:08.699,27.735,-0.170,0.096,-0.984
1572007628718,2019-10-25T13:47:08.718,27.754,-0.133,0.095,-0.992
1572007628739,2019-10-25T13:47:08.739,27.775,-0.121,0.094,-1.006
1572007628759,2019-10-25T13:47:08.759,27.795,-0.141,0.092,-1.007
1572007628780,2019-10-25T13:47:08.780,27.816,-0.182,0.081,-1.033
1572007628799,2019-10-25T13:47:08.799,27.835,-0.183,0.070,-1.042
1572007628819,2019-10-25T13:47:08.819,27.855,-0.143,0.079,-1.038
1572007628840,2019-10-25T13:47:08.840,27.876,-0.124,0.101,-1.004
1572007628859,2019-10-25T13:47:08.859,27.895,-0.146,0.107,-0.991
1572007628879,2019-10-25T13:47:08.879,27.915,-0.182,0.086,-0.996
1572007628900,2019-10-25T13:47:08.900,27.936,-0.147,0.082,-1.012
1572007628919,2019-10-25T13:47:08.919,27.955,-0.124,0.086,-1.024
1572007628939,2019-10-25T13:47:08.939,27.975,-0.147,0.094,-1.013
1572007628960,2019-10-25T13:47:08.960,27.996,-0.177,0.098,-0.991
1572007628979,2019-10-25T13:47:08.979,28.015,-0.176,0.101,-0.976
1572007628999,2019-10-25T13:47:08.999,28.035,-0.138,0.090,-1.020
1572007629020,2019-10-25T13:47:09.020,28.056,-0.127,0.073,-1.059
1572007629040,2019-10-25T13:47:09.040,28.076,-0.162,0.077,-1.031
1572007629059,2019-10-25T13:47:09.059,28.095,-0.174,0.101,-0.992
1572007629080,2019-10-25T13:47:09.080,28.116,-0.166,0.105,-0.976
1572007629100,2019-10-25T13:47:09.100,28.136,-0.136,0.098,-0.995
1572007629119,2019-10-25T13:47:09.119,28.155,-0.129,0.092,-1.007
1572007629140,2019-10-25T13:47:09.140,28.176,-0.157,0.080,-1.008
1572007629160,2019-10-25T13:47:09.160,28.196,-0.165,0.085,-0.995
1572007629180,2019-10-25T13:47:09.180,28.216,-0.150,0.095,-1.015
1572007629200,2019-10-25T13:47:09.200,28.236,-0.142,0.091,-1.031
1572007629221,2019-10-25T13:47:09.221,28.257,-0.153,0.088,-1.025
1572007629240,2019-10-25T13:47:09.240,28.276,-0.167,0.094,-1.003
1572007629260,2019-10-25T13:47:09.260,28.296,-0.160,0.098,-1.002
1572007629281,2019-10-25T13:47:09.281,28.317,-0.164,0.088,-1.023
1572007629301,2019-10-25T13:47:09.301,28.337,-0.167,0.076,-1.035
1572007629320,2019-10-25T13:47:09.320,28.356,-0.154,0.084,-1.019
1572007629341,2019-10-25T13:47:09.341,28.377,-0.146,0.096,-1.004
1572007629361,2019-10-25T13:47:09.361,28.397,-0.159,0.096,-0.999
1572007629380,2019-10-25T13:47:09.380,28.416,-0.167,0.091,-1.005
1572007629401,2019-10-25T13:47:09.401,28.437,-0.159,0.083,-1.012
1572007629421,2019-10-25T13:47:09.421,28.457,-0.148,0.080,-1.012
1572007629440,2019-10-25T13:47:09.440,28.476,-0.155,0.087,-1.006
1572007629461,2019-10-25T13:47:09.461,28.497,-0.164,0.099,-0.995
1572007629481,2019-10-25T13:47:09.481,28.517,-0.156,0.102,-1.003
1572007629500,2019-10-25T13:47:09.500,28.536,-0.150,0.087,-1.025
1572007629521,2019-10-25T13:47:09.521,28.557,-0.140,0.075,-1.035
1572007629541,2019-10-25T13:47:09.541,28.577,-0.139,0.087,-1.022
1572007629562,2019-10-25T13:47:09.562,28.598,-0.167,0.103,-0.996
1572007629581,2019-10-25T13:47:09.581,28.617,-0.181,0.103,-0.992
1572007629601,2019-10-25T13:47:09.601,28.637,-0.161,0.089,-1.012
1572007629622,2019-10-25T13:47:09.622,28.658,-0.126,0.080,-1.037
1572007629641,2019-10-25T13:47:09.641,28.677,-0.135,0.086,-1.019
1572007629661,2019-10-25T13:47:09.661,28.697,-0.158,0.096,-0.999
1572007629682,2019-10-25T13:47:09.682,28.718,-0.172,0.096,-0.997
1572007629701,2019-10-25T13:47:09.701,28.737,-0.159,0.089,-1.009
1572007629722,2019-10-25T13:47:09.722,28.758,-0.145,0.078,-1.019
1572007629742,2019-10-25T13:47:09.742,28.778,-0.146,0.083,-1.002
1572007629761,2019-10-25T13:47:09.761,28.797,-0.147,0.094,-1.001
1572007629782,2019-10-25T13:47:09.782,28.818,-0.180,0.093,-0.993
1572007629802,2019-10-25T13:47:09.802,28.838,-0.179,0.080,-1.013
1572007629823,2019-10-25T13:47:09.823,28.859,-0.149,0.079,-1.022
1572007629842,2019-10-25T13:47:09.842,28.878,-0.124,0.092,-1.026
1572007629862,2019-10-25T13:47:09.862,28.898,-0.156,0.095,-1.013
1572007629883,2019-10-25T13:47:09.883,28.919,-0.194,0.093,-1.009
1572007629902,2019-10-25T13:47:09.902,28.938,-0.169,0.095,-1.011
1572007629922,2019-10-25T13:47:09.922,28.958,-0.118,0.102,-1.022
1572007629943,2019-10-25T13:47:09.943,28.979,-0.112,0.095,-1.030
1572007629962,2019-10-25T13:47:09.962,28.998,-0.175,0.084,-1.005
1572007629982,2019-10-25T13:47:09.982,29.018,-0.188,0.081,-0.986
1572007630003,2019-10-25T13:47:10.003,29.039,-0.166,0.084,-0.993
1572007630022,2019-10-25T13:47:10.022,29.058,-0.138,0.081,-1.016
1572007630042,2019-10-25T13:47:10.042,29.078,-0.150,0.077,-1.016
1572007630063,2019-10-25T13:47:10.063,29.099,-0.181,0.081,-0.995
1572007630082,2019-10-25T13:47:10.082,29.118,-0.164,0.096,-0.983
1572007630102,2019-10-25T13:47:10.102,29.138,-0.128,0.104,-0.992
1572007630123,2019-10-25T13:47:10.123,29.159,-0.134,0.099,-1.016
1572007630142,2019-10-25T13:47:10.142,29.178,-0.156,0.080,-1.053
1572007630162,2019-10-25T13:47:10.162,29.198,-0.169,0.077,-1.045
1572007630183,2019-10-25T13:47:10.183,29.219,-0.161,0.088,-1.028
1572007630203,2019-10-25T13:47:10.203,29.239,-0.149,0.098,-1.006
1572007630222,2019-10-25T13:47:10.222,29.258,-0.137,0.099,-1.002
1572007630243,2019-10-25T13:47:10.243,29.279,-0.157,0.089,-1.015
1572007630264,2019-10-25T13:47:10.264,29.300,-0.146,0.087,-1.004
1572007630283,2019-10-25T13:47:10.283,29.319,-0.146,0.089,-1.000
1572007630303,2019-10-25T13:47:10.303,29.339,-0.137,0.100,-1.003
1572007630324,2019-10-25T13:47:10.324,29.360,-0.154,0.099,-0.998
1572007630343,2019-10-25T13:47:10.343,29.379,-0.175,0.086,-1.006
1572007630363,2019-10-25T13:47:10.363,29.399,-0.147,0.091,-0.998
1572007630384,2019-10-25T13:47:10.384,29.420,-0.127,0.097,-1.003
1572007630403,2019-10-25T13:47:10.403,29.439,-0.147,0.096,-1.008
1572007630423,2019-10-25T13:47:10.423,29.459,-0.193,0.080,-1.006
1572007630444,2019-10-25T13:47:10.444,29.480,-0.195,0.075,-1.001
1572007630464,2019-10-25T13:47:10.464,29.500,-0.144,0.084,-1.000
1572007630483,2019-10-25T13:47:10.483,29.519,-0.106,0.100,-0.992
1572007630504,2019-10-25T13:47:10.504,29.540,-0.125,0.108,-0.996
1572007630524,2019-10-25T13:47:10.524,29.560,-0.181,0.099,-1.004
1572007630543,2019-10-25T13:47:10.543,29.579,-0.192,0.083,-1.031
1572007630564,2019-10-25T13:47:10.564,29.600,-0.162,0.082,-1.046
1572007630584,2019-10-25T13:47:10.584,29.620,-0.117,0.090,-1.056
1572007630603,2019-10-25T13:47:10.603,29.639,-0.132,0.107,-1.032
1572007630624,2019-10-25T13:47:10.624,29.660,-0.179,0.102,-1.020
1572007630644,2019-10-25T13:47:10.644,29.680,-0.201,0.081,-1.018
1572007630665,2019-10-25T13:47:10.665,29.701,-0.162,0.079,-1.022
1572007630684,2019-10-25T13:47:10.684,29.720,-0.130,0.085,-1.023
1572007630704,2019-10-25T13:47:10.704,29.740,-0.138,0.090,-1.011
1572007630725,2019-10-25T13:47:10.725,29.761,-0.172,0.088,-0.989
1572007630744,2019-10-25T13:47:10.744,29.780,-0.175,0.091,-0.971
1572007630764,2019-10-25T13:47:10.764,29.800,-0.139,0.094,-0.967
1572007630785,2019-10-25T13:47:10.785,29.821,-0.126,0.086,-0.991
1572007630804,2019-10-25T13:47:10.804,29.840,-0.157,0.074,-1.022
1572007630825,2019-10-25T13:47:10.825,29.861,-0.192,0.071,-1.028
1572007630845,2019-10-25T13:47:10.845,29.881,-0.186,0.087,-1.004
1572007630864,2019-10-25T13:47:10.864,29.900,-0.145,0.105,-0.986
1572007630885,2019-10-25T13:47:10.885,29.921,-0.114,0.110,-0.990
1572007630905,2019-10-25T13:47:10.905,29.941,-0.126,0.101,-1.004
1572007630924,2019-10-25T13:47:10.924,29.960,-0.159,0.088,-1.029
1572007630945,2019-10-25T13:47:10.945,29.981,-0.186,0.082,-1.040
1572007630965,2019-10-25T13:47:10.965,30.001,-0.179,0.090,-1.033
1572007630984,2019-10-25T13:47:10.984,30.020,-0.156,0.109,-1.011
1572007631005,2019-10-25T13:47:11.005,30.041,-0.138,0.117,-0.991
1572007631025,2019-10-25T13:47:11.025,30.061,-0.140,0.100,-1.005
1572007631046,2019-10-25T13:47:11.046,30.082,-0.154,0.076,-1.030
1572007631065,2019-10-25T13:47:11.065,30.101,-0.156,0.080,-1.021
1572007631085,2019-10-25T13:47:11.085,30.121,-0.169,0.105,-0.999
1572007631106,2019-10-25T13:47:11.106,30.142,-0.196,0.104,-0.987
1572007631125,2019-10-25T13:47:11.125,30.161,-0.191,0.085,-1.002
1572007631145,2019-10-25T13:47:11.145,30.181,-0.139,0.078,-1.022
1572007631166,2019-10-25T13:47:11.166,30.202,-0.111,0.089,-0.997
1572007631185,2019-10-25T13:47:11.185,30.221,-0.133,0.107,-0.969
1572007631205,2019-10-25T13:47:11.205,30.241,-0.172,0.111,-0.964
1572007631226,2019-10-25T13:47:11.226,30.262,-0.187,0.096,-0.992
1572007631245,2019-10-25T13:47:11.245,30.281,-0.174,0.075,-1.052
1572007631265,2019-10-25T13:47:11.265,30.301,-0.159,0.067,-1.056
1572007631286,2019-10-25T13:47:11.286,30.322,-0.149,0.093,-1.012
1572007631305,2019-10-25T13:47:11.305,30.341,-0.144,0.125,-0.975
1572007631326,2019-10-25T13:47:11.326,30.362,-0.144,0.119,-0.994
1572007631346,2019-10-25T13:47:11.346,30.382,-0.160,0.081,-1.056
1572007631367,2019-10-25T13:47:11.367,30.403,-0.184,0.056,-1.068
